Date,Time,Latitude,Longitude,Depth,Magnitude,Timestamp,Time_Diff
2025.01.30,15:55:29.51,38.4443,24.0402,80.6,4.2,2025-01-30 15:55:29.510,4368.851
2025.01.27,15:06:38.45,38.6725,25.275,16.0,3.7,2025-01-27 15:06:38.450,262.8648333333333
2025.01.27,10:43:46.56,40.1878,28.9612,11.9,3.7,2025-01-27 10:43:46.560,1642.1895
2025.01.26,07:21:35.19,37.8727,26.9452,12.0,3.8,2025-01-26 07:21:35.190,1464.1811666666665
2025.01.25,06:57:24.32,36.3727,25.3177,7.1,3.9,2025-01-25 06:57:24.320,3118.259
2025.01.23,02:59:08.78,38.701,25.2303,9.5,3.9,2025-01-23 02:59:08.780,1820.4268333333334
2025.01.21,20:38:43.17,39.4205,26.2942,10.3,5.1,2025-01-21 20:38:43.170,2789.945
2025.01.19,22:08:46.47,38.7305,25.2718,11.4,3.6,2025-01-19 22:08:46.470,13723.850333333334
2025.01.10,09:24:55.45,40.813,28.4472,5.9,3.2,2025-01-10 09:24:55.450,6234.343
2025.01.06,01:30:34.87,36.1398,28.0512,6.2,4.1,2025-01-06 01:30:34.870,467.5165
2025.01.05,17:43:03.88,37.1527,28.8117,7.1,3.8,2025-01-05 17:43:03.880,162.98566666666665
2025.01.05,15:00:04.74,40.7883,27.5182,16.4,3.4,2025-01-05 15:00:04.740,4679.1035
2025.01.02,09:00:58.53,36.8517,27.9262,14.8,3.5,2025-01-02 09:00:58.530,638.4490000000001
2025.01.01,22:22:31.59,36.8127,27.9168,6.8,3.4,2025-01-01 22:22:31.590,2048.81
2024.12.31,12:13:42.99,39.2853,23.362,14.2,3.7,2024-12-31 12:13:42.990,2028.424
2024.12.30,02:25:17.55,36.7442,30.1467,7.1,3.8,2024-12-30 02:25:17.550,4776.7095
2024.12.26,18:48:34.98,37.1497,28.835,8.3,3.5,2024-12-26 18:48:34.980,3.8318333333333334
2024.12.26,18:44:45.07,37.1547,28.8312,7.9,3.9,2024-12-26 18:44:45.070,3044.412166666667
2024.12.24,16:00:20.34,37.136,28.8163,7.9,3.7,2024-12-24 16:00:20.340,681.2625
2024.12.24,04:39:04.59,40.1213,23.2177,8.8,3.9,2024-12-24 04:39:04.590,2430.8598333333334
2024.12.22,12:08:13.00,40.8407,27.9502,8.6,3.7,2024-12-22 12:08:13.000,4929.532
2024.12.19,01:58:41.08,37.9405,29.4797,7.1,3.6,2024-12-19 01:58:41.080,1557.2911666666666
2024.12.18,00:01:23.61,38.0718,29.0602,8.3,3.9,2024-12-18 00:01:23.610,5658.930166666667
2024.12.14,01:42:27.80,38.931,27.1198,13.0,3.4,2024-12-14 01:42:27.800,1028.276
2024.12.13,08:34:11.24,40.3197,24.125,13.2,4.8,2024-12-13 08:34:11.240,21.868
2024.12.13,08:12:19.16,40.4218,24.3123,10.6,4.0,2024-12-13 08:12:19.160,1237.4498333333333
2024.12.12,11:34:52.17,40.4343,26.225,14.1,4.5,2024-12-12 11:34:52.170,3455.0603333333333
2024.12.10,01:59:48.55,39.1195,25.7705,9.8,3.4,2024-12-10 01:59:48.550,4261.7863333333335
2024.12.07,02:58:01.37,36.3538,22.8758,23.0,3.9,2024-12-07 02:58:01.370,4576.5734999999995
2024.12.03,22:41:26.96,36.8433,28.1787,72.3,3.4,2024-12-03 22:41:26.960,349.9903333333333
2024.12.03,16:51:27.54,37.8762,27.5867,5.0,3.9,2024-12-03 16:51:27.540,338.45550000000003
2024.12.03,11:13:00.21,40.3913,28.663,5.0,3.5,2024-12-03 11:13:00.210,19733.827666666664
2024.11.19,18:19:10.55,36.541,28.8147,8.6,3.7,2024-11-19 18:19:10.550,632.9221666666667
2024.11.19,07:46:15.22,40.2903,27.002,13.4,3.7,2024-11-19 07:46:15.220,423.819
2024.11.19,00:42:26.08,38.7547,25.8068,14.7,3.5,2024-11-19 00:42:26.080,4979.584666666667
2024.11.15,13:42:51.00,36.3652,26.5328,20.4,3.4,2024-11-15 13:42:51.000,3903.1216666666664
2024.11.12,20:39:43.70,40.5383,23.4982,20.4,3.6,2024-11-12 20:39:43.700,1337.8581666666666
2024.11.11,22:21:52.21,40.1607,23.2775,17.5,3.7,2024-11-11 22:21:52.210,721.7091666666668
2024.11.11,10:20:09.66,40.2962,24.143,12.8,3.7,2024-11-11 10:20:09.660,309.411
2024.11.11,05:10:45.00,40.3295,24.1458,12.8,3.7,2024-11-11 05:10:45.000,1459.0461666666667
2024.11.10,04:51:42.23,40.2987,24.1122,4.7,3.7,2024-11-10 04:51:42.230,3331.061
2024.11.07,21:20:38.57,37.863,27.1933,12.3,3.4,2024-11-07 21:20:38.570,1910.9568333333334
2024.11.06,13:29:41.16,38.2775,23.927,5.0,3.6,2024-11-06 13:29:41.160,4105.8088333333335
2024.11.03,17:03:52.63,40.1842,23.3153,16.3,5.3,2024-11-03 17:03:52.630,2212.5441666666666
2024.11.02,04:11:19.98,39.5758,27.1095,7.1,3.3,2024-11-02 04:11:19.980,992.8718333333333
2024.11.01,11:38:27.67,39.0217,28.0377,9.4,3.5,2024-11-01 11:38:27.670,734.6523333333333
2024.10.31,23:23:48.53,40.1803,23.3205,20.7,4.0,2024-10-31 23:23:48.530,6267.799666666667
2024.10.27,14:56:00.55,39.3917,26.2788,7.9,4.1,2024-10-27 14:56:00.550,359.89833333333337
2024.10.27,08:56:06.65,39.368,28.0203,9.9,3.5,2024-10-27 08:56:06.650,5660.6685
2024.10.23,10:35:26.54,39.6605,26.545,15.0,3.4,2024-10-23 10:35:26.540,5137.208666666667
2024.10.19,20:58:14.02,40.3595,24.1893,7.6,3.7,2024-10-19 20:58:14.020,908.6526666666667
2024.10.19,05:49:34.86,39.9685,24.6962,4.7,3.5,2024-10-19 05:49:34.860,494.2771666666667
2024.10.18,21:35:18.23,38.2225,30.1125,6.4,3.7,2024-10-18 21:35:18.230,8480.782833333333
2024.10.13,00:14:31.26,38.7725,30.4453,3.2,4.3,2024-10-13 00:14:31.260,7872.775666666666
2024.10.07,13:01:44.72,39.1375,23.2575,6.0,4.0,2024-10-07 13:01:44.720,1493.0971666666667
2024.10.06,12:08:38.89,39.0727,25.7155,5.7,4.3,2024-10-06 12:08:38.890,7219.564333333333
2024.10.01,11:49:05.03,38.931,26.068,8.8,3.9,2024-10-01 11:49:05.030,10708.728666666666
2024.09.24,01:20:21.31,39.663,27.4577,12.6,3.8,2024-09-24 01:20:21.310,650.4426666666666
2024.09.23,14:29:54.75,40.3207,24.1162,16.6,3.8,2024-09-23 14:29:54.750,1712.6646666666668
2024.09.22,09:57:14.87,40.3213,24.1147,15.3,3.7,2024-09-22 09:57:14.870,6.862833333333333
2024.09.22,09:50:23.10,40.3182,24.1713,7.6,4.8,2024-09-22 09:50:23.100,62.99583333333333
2024.09.22,08:47:23.35,40.294,24.106,6.7,4.1,2024-09-22 08:47:23.350,7044.4225
2024.09.17,11:22:58.00,38.9492,27.7085,10.3,4.0,2024-09-17 11:22:58.000,2958.608833333333
2024.09.15,10:04:21.47,39.3463,26.0907,7.8,3.6,2024-09-15 10:04:21.470,6327.823
2024.09.11,00:36:32.09,39.0055,27.9032,8.7,4.1,2024-09-11 00:36:32.090,21882.830166666667
2024.08.26,19:53:42.28,39.0058,23.4083,9.0,4.7,2024-08-26 19:53:42.280,2879.2928333333334
2024.08.24,19:54:24.71,40.3473,24.1077,16.6,4.3,2024-08-24 19:54:24.710,914.6473333333332
2024.08.24,04:39:45.87,39.8367,23.6955,18.8,3.6,2024-08-24 04:39:45.870,1271.5501666666667
2024.08.23,07:28:12.86,36.8908,26.4183,9.5,3.6,2024-08-23 07:28:12.860,2872.7320000000004
2024.08.21,07:35:28.94,39.1077,25.801,6.5,4.0,2024-08-21 07:35:28.940,1961.2761666666668
2024.08.19,22:54:12.37,37.8897,29.3133,7.1,3.6,2024-08-19 22:54:12.370,214.982
2024.08.19,19:19:13.45,40.6525,23.3263,5.0,3.7,2024-08-19 19:19:13.450,1066.579
2024.08.19,01:32:38.71,38.2755,27.2417,7.3,3.3,2024-08-19 01:32:38.710,3168.6701666666663
2024.08.16,20:43:58.50,40.2873,24.1642,9.6,3.6,2024-08-16 20:43:58.500,2483.4646666666667
2024.08.15,03:20:30.62,40.3943,28.9335,12.1,3.5,2024-08-15 03:20:30.620,3507.6465000000003
2024.08.12,16:52:51.83,40.3315,24.1213,13.3,3.9,2024-08-12 16:52:51.830,192.964
2024.08.12,13:39:53.99,40.3118,24.1297,14.0,4.3,2024-08-12 13:39:53.990,14.911666666666667
2024.08.12,13:24:59.29,40.3085,24.1355,11.2,4.1,2024-08-12 13:24:59.290,1225.2171666666666
2024.08.11,16:59:46.26,40.2907,24.1555,8.9,3.8,2024-08-11 16:59:46.260,3367.9024999999997
2024.08.09,08:51:52.11,36.1308,28.888,6.7,4.1,2024-08-09 08:51:52.110,73.50616666666666
2024.08.09,07:38:21.74,36.1313,28.8542,5.0,4.1,2024-08-09 07:38:21.740,107.06733333333334
2024.08.09,05:51:17.70,39.463,23.7607,13.0,3.6,2024-08-09 05:51:17.700,814.7226666666667
2024.08.08,16:16:34.34,40.3213,24.0785,15.7,3.9,2024-08-08 16:16:34.340,2096.5906666666665
2024.08.07,05:19:58.90,40.3065,24.1595,7.2,3.9,2024-08-07 05:19:58.900,110.54516666666667
2024.08.07,03:29:26.19,39.4402,23.9363,19.5,3.5,2024-08-07 03:29:26.190,5843.8595000000005
2024.08.03,02:05:34.62,39.8697,28.7602,6.3,4.0,2024-08-03 02:05:34.620,1524.593
2024.08.02,00:40:59.04,38.299,23.7988,7.7,3.6,2024-08-02 00:40:59.040,10121.416833333333
2024.07.25,23:59:34.03,36.2088,28.1932,74.2,3.7,2024-07-25 23:59:34.030,489.04816666666665
2024.07.25,15:50:31.14,37.7517,27.0065,6.5,3.4,2024-07-25 15:50:31.140,4391.150500000001
2024.07.22,14:39:22.11,39.6782,26.395,13.4,4.8,2024-07-22 14:39:22.110,353.04633333333334
2024.07.22,08:46:19.33,40.3382,24.0918,16.6,3.6,2024-07-22 08:46:19.330,482.076
2024.07.22,00:44:14.77,39.5127,26.1302,12.5,3.4,2024-07-22 00:44:14.770,3198.101166666667
2024.07.19,19:26:08.70,40.6635,27.476,16.5,4.1,2024-07-19 19:26:08.700,6002.8983333333335
2024.07.15,15:23:14.80,36.3215,24.0033,5.0,4.1,2024-07-15 15:23:14.800,6966.333666666667
2024.07.10,19:16:54.78,38.5138,26.776,5.4,3.4,2024-07-10 19:16:54.780,2045.0753333333334
2024.07.09,09:11:50.26,36.7008,28.1457,82.5,4.2,2024-07-09 09:11:50.260,4442.495166666667
2024.07.06,07:09:20.55,36.6622,28.019,74.8,3.7,2024-07-06 07:09:20.550,5125.909833333334
2024.07.02,17:43:25.96,41.1887,23.8528,8.2,3.6,2024-07-02 17:43:25.960,3172.509
2024.06.30,12:50:55.42,37.9697,27.1297,7.4,3.4,2024-06-30 12:50:55.420,5340.242333333333
2024.06.26,19:50:40.88,40.2585,25.1757,13.3,4.3,2024-06-26 19:50:40.880,2713.9411666666665
2024.06.24,22:36:44.41,39.3077,27.5322,5.3,4.7,2024-06-24 22:36:44.410,10577.757166666668
2024.06.17,14:18:58.98,40.6968,27.4202,10.0,3.4,2024-06-17 14:18:58.980,719.2271666666667
2024.06.17,02:19:45.35,36.9787,29.7607,5.0,3.4,2024-06-17 02:19:45.350,5392.5375
2024.06.13,08:27:13.10,40.3645,27.11,12.3,3.7,2024-06-13 08:27:13.100,788.0273333333333
2024.06.12,19:19:11.46,36.0367,27.999,64.8,4.5,2024-06-12 19:19:11.460,1518.5053333333335
2024.06.11,18:00:41.14,39.0368,23.289,13.5,4.2,2024-06-11 18:00:41.140,4.4415000000000004
2024.06.11,17:56:14.65,39.0527,23.308,14.3,4.0,2024-06-11 17:56:14.650,8593.398
2024.06.05,18:42:50.77,39.7705,25.5118,5.0,3.7,2024-06-05 18:42:50.770,4909.174666666667
2024.06.02,08:53:40.29,37.647,24.4762,5.0,4.1,2024-06-02 08:53:40.290,3431.838166666667
2024.05.30,23:41:50.00,36.4233,27.1388,14.3,3.9,2024-05-30 23:41:50.000,2657.5195000000003
2024.05.29,03:24:18.83,36.241,29.3765,15.8,3.5,2024-05-29 03:24:18.830,3226.0063333333333
2024.05.26,21:38:18.45,40.8375,28.3245,20.3,3.5,2024-05-26 21:38:18.450,16840.395666666667
2024.05.15,04:57:54.71,38.9505,26.0043,7.9,4.4,2024-05-15 04:57:54.710,1.3495
2024.05.15,04:56:33.74,38.9328,26.0305,5.0,3.9,2024-05-15 04:56:33.740,5985.956
2024.05.11,01:10:36.38,39.489,25.7535,6.9,3.4,2024-05-11 01:10:36.380,412.74916666666667
2024.05.10,18:17:51.43,39.4788,25.7423,10.3,3.6,2024-05-10 18:17:51.430,14.452833333333333
2024.05.10,18:03:24.26,39.4793,25.762,11.6,4.0,2024-05-10 18:03:24.260,3524.353666666667
2024.05.08,07:19:03.04,39.4877,25.7663,6.6,3.3,2024-05-08 07:19:03.040,13545.567666666668
2024.04.28,21:33:28.98,37.0177,29.7712,6.2,3.9,2024-04-28 21:33:28.980,13771.146
2024.04.19,08:02:20.22,37.8055,26.8675,5.7,4.2,2024-04-19 08:02:20.220,2119.063666666667
2024.04.17,20:43:16.40,37.2143,28.734,11.8,3.8,2024-04-17 20:43:16.400,5440.54
2024.04.14,02:02:44.00,39.0163,23.4148,21.9,4.4,2024-04-14 02:02:44.000,548.5923333333334
2024.04.13,16:54:08.46,39.0192,23.3022,16.4,4.2,2024-04-13 16:54:08.460,797.9
2024.04.13,03:36:14.46,38.9757,23.1362,2.4,4.0,2024-04-13 03:36:14.460,22.038166666666665
2024.04.13,03:14:12.17,38.8268,23.0612,10.6,3.6,2024-04-13 03:14:12.170,50.98716666666667
2024.04.13,02:23:12.94,38.987,23.3397,10.4,4.4,2024-04-13 02:23:12.940,2264.2548333333334
2024.04.11,12:38:57.65,39.4502,25.8503,4.9,0.0,2024-04-11 12:38:57.650,12905.267333333333
2024.04.02,13:33:41.61,36.502,27.7022,12.2,4.3,2024-04-02 13:33:41.610,3120.4673333333335
2024.03.31,09:33:13.57,40.3095,27.0207,6.5,3.7,2024-03-31 09:33:13.570,9088.496833333335
2024.03.25,02:04:43.76,37.0573,28.9985,3.5,3.8,2024-03-25 02:04:43.760,4724.047166666667
2024.03.21,19:20:40.93,39.644,28.7695,4.3,3.8,2024-03-21 19:20:40.930,1256.1711666666667
2024.03.20,22:24:30.66,39.6525,28.7738,6.3,3.5,2024-03-20 22:24:30.660,963.4923333333334
2024.03.20,06:21:01.12,40.6773,29.2288,7.6,3.5,2024-03-20 06:21:01.120,1537.5361666666665
2024.03.19,04:43:28.95,39.653,28.7607,5.3,3.5,2024-03-19 04:43:28.950,9164.158
2024.03.12,19:59:19.47,40.3165,27.01,9.0,3.3,2024-03-12 19:59:19.470,3243.374333333333
2024.03.10,13:55:57.01,36.0885,30.0495,29.9,4.7,2024-03-10 13:55:57.010,3448.760666666667
2024.03.08,04:27:11.37,36.4045,28.3972,63.0,4.5,2024-03-08 04:27:11.370,2377.348166666667
2024.03.06,12:49:50.48,37.087,28.8928,8.6,3.8,2024-03-06 12:49:50.480,2530.917
2024.03.04,18:38:55.46,39.9817,27.4427,14.2,0.0,2024-03-04 18:38:55.460,1182.4026666666666
2024.03.03,22:56:31.30,36.9777,29.7157,13.4,3.7,2024-03-03 22:56:31.300,5.281000000000001
2024.03.03,22:51:14.44,36.9822,29.7347,13.5,3.8,2024-03-03 22:51:14.440,7378.688666666667
2024.02.27,19:52:33.12,40.2938,27.014,12.4,0.0,2024-02-27 19:52:33.120,402.653
2024.02.27,13:09:53.94,40.303,27.0072,6.9,4.2,2024-02-27 13:09:53.940,2640.243
2024.02.25,17:09:39.36,37.9773,27.1542,12.6,3.5,2024-02-25 17:09:39.360,1090.6553333333334
2024.02.24,22:59:00.04,38.6227,25.4068,5.7,4.3,2024-02-24 22:59:00.040,2084.464
2024.02.23,12:14:32.20,40.4087,29.172,5.0,3.9,2024-02-23 12:14:32.200,6028.5835
2024.02.19,07:45:57.19,40.4742,29.192,5.6,3.5,2024-02-19 07:45:57.190,2218.1794999999997
2024.02.17,18:47:46.42,36.343,29.1158,21.0,3.7,2024-02-17 18:47:46.420,965.679
2024.02.17,02:42:05.68,40.3038,27.5293,10.0,3.6,2024-02-17 02:42:05.680,3046.6801666666665
2024.02.14,23:55:24.87,37.0518,28.339,4.1,3.5,2024-02-14 23:55:24.870,8638.496666666666
2024.02.08,23:56:55.07,36.4895,28.6657,13.9,3.8,2024-02-08 23:56:55.070,6809.398666666666
2024.02.04,06:27:31.15,37.8552,26.939,5.0,3.7,2024-02-04 06:27:31.150,376.61116666666663
2024.02.04,00:10:54.48,40.4792,26.3562,12.5,3.2,2024-02-04 00:10:54.480,50.63633333333333
2024.02.03,23:20:16.30,37.8823,26.8967,9.5,3.6,2024-02-03 23:20:16.300,324.2898333333333
2024.02.03,17:55:58.91,39.483,23.608,8.8,3.5,2024-02-03 17:55:58.910,390.9173333333334
2024.02.03,11:25:03.87,37.9618,27.1498,3.1,3.6,2024-02-03 11:25:03.870,10051.023666666668
2024.01.27,11:54:02.45,37.9647,27.1295,5.3,3.7,2024-01-27 11:54:02.450,394.71883333333335
2024.01.27,05:19:19.32,37.9567,27.1285,5.3,5.0,2024-01-27 05:19:19.320,10985.094666666668
2024.01.19,14:14:13.64,38.6233,24.2992,6.4,4.6,2024-01-19 14:14:13.640,4853.360166666666
2024.01.16,05:20:52.03,37.336,22.8927,22.4,4.6,2024-01-16 05:20:52.030,4462.319833333333
2024.01.13,02:58:32.84,36.3103,23.1345,1.9,4.0,2024-01-13 02:58:32.840,3198.1615
2024.01.10,21:40:23.15,36.5428,27.683,11.6,4.1,2024-01-10 21:40:23.150,270.2815
2024.01.10,17:10:06.26,40.406,28.876,5.4,3.4,2024-01-10 17:10:06.260,5271.720833333334
2024.01.07,01:18:23.01,40.2207,24.9805,12.8,3.7,2024-01-07 01:18:23.010,804.8681666666666
2024.01.06,11:53:30.92,38.8478,26.9118,6.7,3.9,2024-01-06 11:53:30.920,5372.1483333333335
2024.01.02,18:21:22.02,37.083,28.919,5.0,3.5,2024-01-02 18:21:22.020,4177.9635
2023.12.30,20:43:24.21,40.2272,29.1705,12.9,3.4,2023-12-30 20:43:24.210,3482.8275
2023.12.28,10:40:34.56,36.4075,28.3622,28.0,4.0,2023-12-28 10:40:34.560,11899.142833333333
2023.12.20,04:21:25.99,39.6505,27.8458,10.3,3.5,2023-12-20 04:21:25.990,3327.5591666666664
2023.12.17,20:53:52.44,40.7362,29.0795,4.7,4.0,2023-12-17 20:53:52.440,1640.1525
2023.12.16,17:33:43.29,36.4832,28.8718,24.9,4.0,2023-12-16 17:33:43.290,4169.076333333333
2023.12.13,20:04:38.71,40.4045,28.8443,11.2,3.5,2023-12-13 20:04:38.710,1041.3210000000001
2023.12.13,02:43:19.45,36.2278,25.5353,5.0,3.9,2023-12-13 02:43:19.450,12558.274
2023.12.04,09:25:03.01,40.4068,28.8712,15.7,3.6,2023-12-04 09:25:03.010,40.223166666666664
2023.12.04,08:44:49.62,40.409,28.8488,12.6,3.6,2023-12-04 08:44:49.620,25.94816666666667
2023.12.04,08:18:52.73,40.4253,28.8625,3.3,3.7,2023-12-04 08:18:52.730,21.575
2023.12.04,07:57:18.23,40.4183,28.8663,6.3,3.7,2023-12-04 07:57:18.230,14.960166666666668
2023.12.04,07:42:20.62,40.4078,28.855,5.3,5.0,2023-12-04 07:42:20.620,8889.006833333335
2023.11.28,03:33:20.21,39.463,27.9523,12.4,3.4,2023-11-28 03:33:20.210,8519.388166666666
2023.11.22,05:33:56.92,39.3708,28.2515,11.7,3.4,2023-11-22 05:33:56.920,3469.7183333333332
2023.11.19,19:44:13.82,39.3735,28.257,11.1,3.8,2023-11-19 19:44:13.820,3264.7251666666666
2023.11.17,13:19:30.31,36.2953,27.6592,11.2,4.0,2023-11-17 13:19:30.310,6231.0355
2023.11.13,05:28:28.18,37.7307,29.9355,6.4,4.1,2023-11-13 05:28:28.180,3092.5983333333334
2023.11.11,01:55:52.28,36.9473,27.0047,8.8,3.9,2023-11-11 01:55:52.280,2.4598333333333335
2023.11.11,01:53:24.69,36.9533,27.0675,7.8,3.6,2023-11-11 01:53:24.690,3673.7176666666664
2023.11.08,12:39:41.63,37.099,30.2223,95.2,4.0,2023-11-08 12:39:41.630,993.8976666666666
2023.11.07,20:05:47.77,40.4887,27.5442,15.7,4.0,2023-11-07 20:05:47.770,5535.470833333334
2023.11.03,23:50:19.52,39.0623,25.9988,8.7,3.9,2023-11-03 23:50:19.520,1043.7493333333334
2023.11.03,06:26:34.56,38.7158,23.4797,5.0,5.2,2023-11-03 06:26:34.560,10469.240500000002
2023.10.26,23:57:20.13,37.207,23.8453,5.0,3.7,2023-10-26 23:57:20.130,398.92716666666666
2023.10.26,17:18:24.50,40.56,27.3095,5.0,3.5,2023-10-26 17:18:24.500,8425.263833333334
2023.10.20,20:53:08.67,38.3393,27.2,13.3,3.9,2023-10-20 20:53:08.670,1747.0796666666668
2023.10.19,15:46:03.89,38.2713,24.198,6.9,4.0,2023-10-19 15:46:03.890,680.4781666666667
2023.10.19,04:25:35.20,37.0162,26.52,17.5,3.4,2023-10-19 04:25:35.200,930.1743333333333
2023.10.18,12:55:24.74,38.1968,27.6873,10.3,4.2,2023-10-18 12:55:24.740,1324.2713333333334
2023.10.17,14:51:08.46,37.4665,23.0048,86.4,3.8,2023-10-17 14:51:08.460,53.890166666666666
2023.10.17,13:57:15.05,37.603,29.987,2.7,3.9,2023-10-17 13:57:15.050,6384.027333333333
2023.10.13,03:33:13.41,37.8485,24.0525,17.8,3.8,2023-10-13 03:33:13.410,2076.4083333333333
2023.10.11,16:56:48.91,36.8663,29.0098,4.7,3.5,2023-10-11 16:56:48.910,2518.8238333333334
2023.10.09,22:57:59.48,37.7927,26.9352,10.7,3.8,2023-10-09 22:57:59.480,3483.610333333333
2023.10.07,12:54:22.86,37.7592,24.2188,5.0,3.7,2023-10-07 12:54:22.860,224.362
2023.10.07,09:10:01.14,38.021,27.1077,5.0,3.5,2023-10-07 09:10:01.140,8379.737833333334
2023.10.01,13:30:16.87,38.3602,27.2092,7.1,3.8,2023-10-01 13:30:16.870,1671.4180000000001
2023.09.30,09:38:51.79,36.9015,27.0377,8.0,4.2,2023-09-30 09:38:51.790,2336.1045
2023.09.28,18:42:45.52,39.0937,29.5525,8.1,3.7,2023-09-28 18:42:45.520,4214.934333333334
2023.09.25,20:27:49.46,38.2923,22.8982,5.0,0.0,2023-09-25 20:27:49.460,2090.044
2023.09.24,09:37:46.82,38.2813,23.3142,28.4,3.7,2023-09-24 09:37:46.820,3512.8728333333333
2023.09.21,23:04:54.45,38.2428,22.6057,11.8,0.0,2023-09-21 23:04:54.450,5298.302833333333
2023.09.18,06:46:36.28,36.3718,25.372,10.8,3.6,2023-09-18 06:46:36.280,6736.889166666666
2023.09.13,14:29:42.93,39.4867,26.4317,10.0,3.6,2023-09-13 14:29:42.930,10294.428833333333
2023.09.06,10:55:17.20,38.9058,23.6392,5.0,3.6,2023-09-06 10:55:17.200,3209.1516666666666
2023.09.04,05:26:08.10,37.9662,27.1258,8.2,4.3,2023-09-04 05:26:08.100,5568.130833333333
2023.08.31,08:38:00.25,36.0547,27.1385,7.7,3.7,2023-08-31 08:38:00.250,6088.2880000000005
2023.08.27,03:09:42.97,36.3487,27.808,65.3,0.0,2023-08-27 03:09:42.970,7883.770166666667
2023.08.21,15:45:56.76,36.799,28.156,68.1,3.9,2023-08-21 15:45:56.760,466.79266666666666
2023.08.21,07:59:09.20,37.969,27.1333,4.8,3.7,2023-08-21 07:59:09.200,1.3881666666666668
2023.08.21,07:57:45.91,37.9765,27.1492,5.2,3.8,2023-08-21 07:57:45.910,1888.2566666666667
2023.08.20,00:29:30.51,37.0248,28.1687,11.1,3.6,2023-08-20 00:29:30.510,585.7225
2023.08.19,14:43:47.16,40.8428,28.0825,5.9,3.7,2023-08-19 14:43:47.160,7778.144499999999
2023.08.14,05:05:38.49,38.5072,26.799,10.3,3.6,2023-08-14 05:05:38.490,1084.0655
2023.08.13,11:01:34.56,39.0363,29.9263,7.1,3.5,2023-08-13 11:01:34.560,1835.6703333333332
2023.08.12,04:25:54.34,37.8773,26.9733,8.5,3.8,2023-08-12 04:25:54.340,904.9706666666666
2023.08.11,13:20:56.10,39.5707,23.407,13.1,4.1,2023-08-11 13:20:56.100,1398.5496666666666
2023.08.10,14:02:23.12,39.5828,23.4622,10.8,3.7,2023-08-10 14:02:23.120,82.46166666666666
2023.08.10,12:39:55.42,39.5133,23.42,15.5,4.1,2023-08-10 12:39:55.420,5590.921
2023.08.06,15:29:00.16,40.7028,29.2297,14.0,3.6,2023-08-06 15:29:00.160,7192.244333333333
2023.08.01,15:36:45.50,38.3563,27.2028,2.6,3.7,2023-08-01 15:36:45.500,15201.060333333333
2023.07.22,02:15:41.88,39.5238,23.5587,17.6,4.1,2023-07-22 02:15:41.880,90.84733333333334
2023.07.22,00:44:51.04,39.5365,23.5312,21.6,3.5,2023-07-22 00:44:51.040,1495.6126666666667
2023.07.20,23:49:14.28,37.7382,27.1395,13.4,4.0,2023-07-20 23:49:14.280,5024.8358333333335
2023.07.17,12:04:24.13,36.596,23.2203,8.0,3.9,2023-07-17 12:04:24.130,6866.751
2023.07.12,17:37:39.07,39.9725,28.0917,9.8,0.0,2023-07-12 17:37:39.070,524.9
2023.07.12,08:52:45.07,38.876,27.029,12.8,3.7,2023-07-12 08:52:45.070,1380.4350000000002
2023.07.11,09:52:18.97,39.3855,26.2403,5.8,3.7,2023-07-11 09:52:18.970,1832.5286666666666
2023.07.10,03:19:47.25,37.7078,29.7752,8.2,3.8,2023-07-10 03:19:47.250,681.7993333333333
2023.07.09,15:57:59.29,38.9998,24.0362,16.4,3.5,2023-07-09 15:57:59.290,82.52066666666666
2023.07.09,14:35:28.05,37.1333,30.1753,5.0,3.5,2023-07-09 14:35:28.050,0.7353333333333333
2023.07.09,14:34:43.93,37.1397,30.1475,1.3,3.5,2023-07-09 14:34:43.930,4326.535666666667
2023.07.06,14:28:11.79,39.8572,28.7192,4.8,3.5,2023-07-06 14:28:11.790,9038.397166666666
2023.06.30,07:49:47.96,36.6362,25.6183,15.2,4.0,2023-06-30 07:49:47.960,1089.9438333333333
2023.06.29,13:39:51.33,36.0275,27.2255,5.4,3.7,2023-06-29 13:39:51.330,4922.236833333333
2023.06.26,03:37:37.12,38.3527,27.2002,5.0,3.4,2023-06-26 03:37:37.120,17143.657833333335
2023.06.14,05:53:57.65,38.3395,27.1902,10.9,3.8,2023-06-14 05:53:57.650,1797.779
2023.06.12,23:56:10.91,38.8008,26.6113,11.0,3.4,2023-06-12 23:56:10.910,1526.8011666666669
2023.06.11,22:29:22.84,38.578,22.9685,5.3,4.1,2023-06-11 22:29:22.840,1067.369
2023.06.11,04:42:00.70,37.7535,27.132,13.6,4.2,2023-06-11 04:42:00.700,1117.1521666666667
2023.06.10,10:04:51.57,38.6022,22.9495,16.6,4.3,2023-06-10 10:04:51.570,2730.9645
2023.06.08,12:33:53.70,38.4635,22.9248,5.0,0.0,2023-06-08 12:33:53.700,9341.196666666667
2023.06.02,00:52:41.90,40.4392,29.0682,13.9,3.4,2023-06-02 00:52:41.900,17469.410666666667
2023.05.20,21:43:17.26,39.1105,23.5173,9.3,3.7,2023-05-20 21:43:17.260,3840.734
2023.05.18,05:42:33.22,38.0845,22.764,4.5,4.2,2023-05-18 05:42:33.220,251.60033333333334
2023.05.18,01:30:57.20,39.305,26.1122,6.8,3.3,2023-05-18 01:30:57.200,12128.864833333333
2023.05.09,15:22:05.31,36.513,28.8682,5.0,4.0,2023-05-09 15:22:05.310,481.2665
2023.05.09,07:20:49.32,40.3775,28.6422,2.3,3.6,2023-05-09 07:20:49.320,7530.826666666666
2023.05.04,01:49:59.72,40.4323,26.15,7.1,4.1,2023-05-04 01:49:59.720,10537.196833333333
2023.04.26,18:12:47.91,38.2062,25.8267,12.2,3.5,2023-04-26 18:12:47.910,5192.696833333333
2023.04.23,03:40:06.10,37.1182,28.4698,4.6,4.1,2023-04-23 03:40:06.100,421.7898333333333
2023.04.22,20:38:18.71,37.104,28.4697,5.0,3.9,2023-04-22 20:38:18.710,560.2044999999999
2023.04.22,11:18:06.44,38.408,24.2502,16.5,3.5,2023-04-22 11:18:06.440,160.05783333333332
2023.04.22,08:38:02.97,38.4443,23.9912,2.3,4.6,2023-04-22 08:38:02.970,483.0258333333333
2023.04.22,00:35:01.42,37.1183,28.4715,10.5,3.6,2023-04-22 00:35:01.420,20260.7295
2023.04.07,22:54:17.65,39.375,26.2578,7.8,3.3,2023-04-07 22:54:17.650,4030.6265
2023.04.05,03:43:40.06,36.4467,27.7263,8.2,3.4,2023-04-05 03:43:40.060,1128.7866666666666
2023.04.04,08:54:52.86,37.2417,30.4783,8.4,4.2,2023-04-04 08:54:52.860,5329.5855
2023.03.31,16:05:17.73,37.3502,24.0832,7.1,4.3,2023-03-31 16:05:17.730,4033.667
2023.03.28,20:51:37.71,38.3462,27.1988,9.1,3.5,2023-03-28 20:51:37.710,5711.3730000000005
2023.03.24,21:40:15.33,39.368,26.2877,9.1,3.6,2023-03-24 21:40:15.330,8770.185166666666
2023.03.18,19:30:04.22,38.8937,27.8075,14.6,3.5,2023-03-18 19:30:04.220,977.151
2023.03.18,03:12:55.16,38.383,24.1647,5.4,3.5,2023-03-18 03:12:55.160,9880.864
2023.03.11,06:32:03.32,36.5538,27.2045,1.1,3.8,2023-03-11 06:32:03.320,121.92699999999999
2023.03.11,04:30:07.70,36.5812,27.1743,5.3,3.7,2023-03-11 04:30:07.700,2721.1723333333334
2023.03.09,07:08:57.36,36.185,28.0357,5.6,3.6,2023-03-09 07:08:57.360,100.06316666666666
2023.03.09,05:28:53.57,40.5212,28.2342,11.7,0.0,2023-03-09 05:28:53.570,2692.4016666666666
2023.03.07,08:36:29.47,40.8082,27.7765,19.2,3.5,2023-03-07 08:36:29.470,5432.135333333334
2023.03.03,14:04:21.35,38.8647,27.2823,1.3,3.6,2023-03-03 14:04:21.350,5502.003166666666
2023.02.27,18:22:21.16,38.6273,26.7337,7.4,4.0,2023-02-27 18:22:21.160,2152.975
2023.02.26,06:29:22.66,39.5738,27.146,8.5,3.6,2023-02-26 06:29:22.660,2519.4658333333336
2023.02.24,12:29:54.71,39.5847,23.2718,5.5,3.5,2023-02-24 12:29:54.710,621.5205000000001
2023.02.24,02:08:23.48,40.7943,27.6172,15.2,3.5,2023-02-24 02:08:23.480,3509.8458333333333
2023.02.21,15:38:32.73,37.0822,28.486,13.2,3.6,2023-02-21 15:38:32.730,2.0533333333333332
2023.02.21,15:36:29.53,37.0725,28.4115,3.4,3.7,2023-02-21 15:36:29.530,11216.872166666666
2023.02.13,20:39:37.20,38.314,23.53,5.0,3.8,2023-02-13 20:39:37.200,2267.9515
2023.02.12,06:51:40.11,39.4062,26.2702,6.2,3.7,2023-02-12 06:51:40.110,1901.1031666666668
2023.02.10,23:10:33.92,36.5612,27.1995,4.9,3.5,2023-02-10 23:10:33.920,5056.9755000000005
2023.02.07,10:53:35.39,39.843,24.6455,7.4,3.8,2023-02-07 10:53:35.390,1829.0516666666667
2023.02.06,04:24:32.29,40.2027,27.7153,8.2,3.8,2023-02-06 04:24:32.290,934.586
2023.02.05,12:49:57.13,40.8055,27.7862,18.5,0.0,2023-02-05 12:49:57.130,5421.005166666667
2023.02.01,18:28:56.82,38.065,30.0827,3.6,3.6,2023-02-01 18:28:56.820,455.5801666666667
2023.02.01,10:53:22.01,40.1223,22.862,22.7,4.1,2023-02-01 10:53:22.010,5455.1645
2023.01.28,15:58:12.14,39.6335,23.3942,15.1,3.8,2023-01-28 15:58:12.140,6669.399166666667
2023.01.24,00:48:48.19,39.3633,26.2825,7.1,3.9,2023-01-24 00:48:48.190,2642.036833333333
2023.01.22,04:46:45.98,38.909,23.063,5.0,0.0,2023-01-22 04:46:45.980,4248.231666666667
2023.01.19,05:58:32.08,39.4888,25.8787,7.1,3.8,2023-01-19 05:58:32.080,216.07166666666666
2023.01.19,02:22:27.78,39.4992,25.8745,11.4,4.5,2023-01-19 02:22:27.780,1107.5778333333333
2023.01.18,07:54:53.11,39.4853,26.3485,5.0,3.5,2023-01-18 07:54:53.110,2029.3303333333336
2023.01.16,22:05:33.29,36.9037,26.5667,8.4,3.7,2023-01-16 22:05:33.290,1321.9896666666668
2023.01.16,00:03:33.91,38.3453,27.2197,3.7,3.6,2023-01-16 00:03:33.910,0.5295
2023.01.16,00:03:02.14,38.3468,27.2258,5.4,3.5,2023-01-16 00:03:02.140,516.7138333333334
2023.01.15,15:26:19.31,39.3638,26.2925,8.5,3.3,2023-01-15 15:26:19.310,477.64300000000003
2023.01.15,07:28:40.73,39.3785,26.2677,10.7,3.4,2023-01-15 07:28:40.730,38.26033333333333
2023.01.15,06:50:25.11,38.3505,27.2125,3.9,3.7,2023-01-15 06:50:25.110,3640.6034999999997
2023.01.12,18:09:48.90,37.8703,27.6033,14.9,3.6,2023-01-12 18:09:48.900,3.7996666666666665
2023.01.12,18:06:00.92,39.364,26.293,7.6,3.9,2023-01-12 18:06:00.920,518.4876666666667
2023.01.12,09:27:31.66,39.3738,26.2793,7.9,0.0,2023-01-12 09:27:31.660,52.25033333333333
2023.01.12,08:35:16.64,38.4073,23.4648,3.7,3.6,2023-01-12 08:35:16.640,84.39
2023.01.12,07:10:53.24,38.4498,23.3602,15.4,0.0,2023-01-12 07:10:53.240,1278.4363333333333
2023.01.11,09:52:27.06,37.8843,27.2395,6.2,3.4,2023-01-11 09:52:27.060,1573.9491666666665
2023.01.10,07:38:30.11,39.3642,26.2495,4.7,4.9,2023-01-10 07:38:30.110,1241.9186666666667
2023.01.09,10:56:34.99,39.3613,26.2188,5.9,4.1,2023-01-09 10:56:34.990,111.79316666666666
2023.01.09,09:04:47.40,39.3768,26.2112,5.1,3.5,2023-01-09 09:04:47.400,63.51483333333333
2023.01.09,08:01:16.51,39.3745,26.2495,6.4,3.9,2023-01-09 08:01:16.510,961.0638333333334
2023.01.08,16:00:12.68,37.8883,27.2417,10.0,3.5,2023-01-08 16:00:12.680,1982.9885
2023.01.07,06:57:13.37,38.359,27.2107,11.3,3.7,2023-01-07 06:57:13.370,17.7455
2023.01.07,06:39:28.64,39.3678,26.2345,14.8,0.0,2023-01-07 06:39:28.640,225.2745
2023.01.07,02:54:12.17,39.3923,26.2472,12.5,3.9,2023-01-07 02:54:12.170,52.315666666666665
2023.01.07,02:01:53.23,39.379,26.2602,10.0,3.7,2023-01-07 02:01:53.230,8.924333333333333
2023.01.07,01:52:57.77,39.372,26.2773,11.1,5.0,2023-01-07 01:52:57.770,470.0801666666667
2023.01.06,18:02:52.96,37.8873,27.2682,5.5,3.7,2023-01-06 18:02:52.960,450.57533333333333
2023.01.06,10:32:18.44,37.8853,27.266,4.1,3.7,2023-01-06 10:32:18.440,2308.3845
2023.01.04,20:03:55.37,38.8195,23.6443,10.3,0.0,2023-01-04 20:03:55.370,7963.8910000000005
2022.12.30,07:20:01.91,38.3648,27.1998,4.4,3.5,2022-12-30 07:20:01.910,2575.6960000000004
2022.12.28,12:24:20.15,38.6215,23.6742,7.2,0.0,2022-12-28 12:24:20.150,1070.7153333333333
2022.12.27,18:33:37.23,36.7817,28.2773,62.5,3.5,2022-12-27 18:33:37.230,1951.4048333333333
2022.12.26,10:02:12.94,38.2862,24.2135,27.4,3.5,2022-12-26 10:02:12.940,328.51800000000003
2022.12.26,04:33:41.86,38.286,24.2723,6.7,4.0,2022-12-26 04:33:41.860,11062.705666666667
2022.12.18,12:10:59.52,38.2567,24.1647,8.8,4.2,2022-12-18 12:10:59.520,181.48116666666667
2022.12.18,09:09:30.65,39.335,25.4968,9.9,3.8,2022-12-18 09:09:30.650,248.29583333333332
2022.12.18,05:01:12.90,39.9118,24.278,13.0,4.1,2022-12-18 05:01:12.900,4102.881666666666
2022.12.15,08:38:20.00,38.2915,24.1563,8.9,0.0,2022-12-15 08:38:20.000,34.178999999999995
2022.12.15,08:04:09.26,38.1928,24.2098,5.0,0.0,2022-12-15 08:04:09.260,995.3218333333333
2022.12.14,15:28:49.95,38.3085,24.2542,76.0,4.4,2022-12-14 15:28:49.950,2029.2896666666668
2022.12.13,05:39:32.57,37.7952,27.218,5.4,3.8,2022-12-13 05:39:32.570,138.25799999999998
2022.12.13,03:21:17.09,40.369,27.1058,12.0,4.2,2022-12-13 03:21:17.090,3111.879
2022.12.10,23:29:24.35,37.1035,28.4355,6.8,3.7,2022-12-10 23:29:24.350,1725.0910000000001
2022.12.09,18:44:18.89,36.1725,26.9685,15.8,4.1,2022-12-09 18:44:18.890,970.3655
2022.12.09,02:33:56.96,36.9143,27.7177,7.6,3.6,2022-12-09 02:33:56.960,1123.1686666666667
2022.12.08,07:50:46.84,36.918,27.7232,5.3,3.6,2022-12-08 07:50:46.840,1.0686666666666667
2022.12.08,07:49:42.72,36.8887,27.733,1.2,3.8,2022-12-08 07:49:42.720,553.9405
2022.12.07,22:35:46.29,37.888,27.2308,11.2,3.9,2022-12-07 22:35:46.290,4002.8779999999997
2022.12.05,03:52:53.61,37.8185,26.9878,11.3,3.6,2022-12-05 03:52:53.610,2378.6833333333334
2022.12.03,12:14:12.61,36.1517,26.922,7.0,3.8,2022-12-03 12:14:12.610,82.5355
2022.12.03,10:51:40.48,38.2928,24.2478,15.1,4.1,2022-12-03 10:51:40.480,16.543166666666668
2022.12.03,10:35:07.89,38.2748,24.2253,5.7,4.1,2022-12-03 10:35:07.890,4071.86
2022.11.30,14:43:16.29,38.2677,24.2128,10.0,3.6,2022-11-30 14:43:16.290,1116.6209999999999
2022.11.29,20:06:39.03,38.2113,24.0998,14.3,4.9,2022-11-29 20:06:39.030,429.2561666666667
2022.11.29,12:57:23.66,38.2478,24.2455,5.0,3.6,2022-11-29 12:57:23.660,420.4533333333333
2022.11.29,05:56:56.46,38.266,24.4715,7.6,3.9,2022-11-29 05:56:56.460,32.531333333333336
2022.11.29,05:24:24.58,38.1883,24.2155,12.0,0.0,2022-11-29 05:24:24.580,0.818
2022.11.29,05:23:35.50,38.1953,24.3085,6.2,4.1,2022-11-29 05:23:35.500,51.00916666666667
2022.11.29,04:32:34.95,38.2125,24.0848,7.5,4.6,2022-11-29 04:32:34.950,10.209833333333334
2022.11.29,04:22:22.36,37.0692,28.3987,5.5,3.7,2022-11-29 04:22:22.360,283.436
2022.11.28,23:38:56.20,38.249,24.1852,4.5,3.5,2022-11-28 23:38:56.200,15552.366833333333
2022.11.18,04:26:34.19,37.0857,28.4365,5.8,3.9,2022-11-18 04:26:34.190,196.95566666666667
2022.11.18,01:09:36.85,38.3533,27.1702,6.3,3.7,2022-11-18 01:09:36.850,11743.478000000001
2022.11.09,21:26:08.17,37.8712,26.9275,10.9,3.6,2022-11-09 21:26:08.170,2480.964333333333
2022.11.08,04:05:10.31,38.2085,23.3757,16.6,3.6,2022-11-08 04:05:10.310,3758.1816666666664
2022.11.05,13:26:59.41,38.3393,27.1797,11.5,3.6,2022-11-05 13:26:59.410,66.10233333333333
2022.11.05,12:20:53.27,36.0878,27.53,7.4,4.0,2022-11-05 12:20:53.270,2151.5480000000002
2022.11.04,00:29:20.39,38.3653,27.1948,13.5,4.7,2022-11-04 00:29:20.390,12361.624166666666
2022.10.26,10:27:42.94,39.5495,28.2042,8.2,4.1,2022-10-26 10:27:42.940,4646.924666666667
2022.10.23,05:00:47.46,39.7603,26.1055,8.0,3.6,2022-10-23 05:00:47.460,6870.866666666667
2022.10.18,10:29:55.46,37.9182,27.2362,3.8,4.1,2022-10-18 10:29:55.460,2.5083333333333333
2022.10.18,10:27:24.96,37.9118,27.1982,5.3,4.2,2022-10-18 10:27:24.960,18105.198833333332
2022.10.05,20:42:13.03,39.0135,30.1893,7.7,3.3,2022-10-05 20:42:13.030,958.9185
2022.10.05,04:43:17.92,38.122,22.8437,5.3,0.0,2022-10-05 04:43:17.920,3945.2546666666667
2022.10.02,10:58:02.64,37.0608,28.8878,3.9,4.7,2022-10-02 10:58:02.640,6831.3533333333335
2022.09.27,17:06:41.44,36.9385,27.8375,6.9,3.5,2022-09-27 17:06:41.440,80.12483333333333
2022.09.27,15:46:33.95,36.9468,27.8342,10.8,3.4,2022-09-27 15:46:33.950,2224.0308333333332
2022.09.26,02:42:32.10,37.5697,26.818,6.6,3.4,2022-09-26 02:42:32.100,15114.006333333333
2022.09.15,14:48:31.72,39.5988,23.6477,23.3,4.2,2022-09-15 14:48:31.720,1454.4851666666666
2022.09.14,14:34:02.61,37.8503,29.5165,3.9,3.8,2022-09-14 14:34:02.610,12141.536166666667
2022.09.06,04:12:30.44,38.3307,23.4865,25.1,3.5,2022-09-06 04:12:30.440,866.5918333333334
2022.09.05,13:45:54.93,37.1033,28.5113,2.8,3.7,2022-09-05 13:45:54.930,1198.0486666666666
2022.09.04,17:47:52.01,37.107,28.54,5.6,3.9,2022-09-04 17:47:52.010,1785.6116666666667
2022.09.03,12:02:15.31,37.9803,27.1672,5.5,3.7,2022-09-03 12:02:15.310,214.54283333333333
2022.09.03,08:27:42.74,38.3432,23.3515,5.4,4.1,2022-09-03 08:27:42.740,3985.409
2022.08.31,14:02:18.20,37.5593,26.8283,14.4,4.7,2022-08-31 14:02:18.200,232.13116666666667
2022.08.31,10:10:10.33,37.5827,26.801,13.6,5.2,2022-08-31 10:10:10.330,13.526666666666667
2022.08.31,09:56:38.73,37.5767,26.8193,13.1,4.8,2022-08-31 09:56:38.730,10610.196
2022.08.24,01:06:26.97,37.9725,27.1792,7.5,3.2,2022-08-24 01:06:26.970,6795.065833333333
2022.08.19,07:51:23.02,39.3372,22.7805,4.5,3.6,2022-08-19 07:51:23.020,7128.193333333333
2022.08.14,09:03:11.42,36.271,27.5573,87.3,3.6,2022-08-14 09:03:11.420,338.8188333333334
2022.08.14,03:24:22.29,37.9828,27.1548,7.0,4.8,2022-08-14 03:24:22.290,5.571166666666667
2022.08.14,03:18:48.02,37.9752,27.1793,10.9,3.8,2022-08-14 03:18:48.020,2911.1853333333333
2022.08.12,02:47:36.90,36.4873,27.1175,12.1,3.7,2022-08-12 02:47:36.900,444.59616666666665
2022.08.11,19:23:01.13,40.5498,29.2965,9.9,3.3,2022-08-11 19:23:01.130,266.3785
2022.08.11,14:56:38.42,37.9727,27.1713,4.6,3.6,2022-08-11 14:56:38.420,2089.8006666666665
2022.08.10,04:06:50.38,39.3743,25.529,9.6,3.9,2022-08-10 04:06:50.380,4084.8178333333335
2022.08.07,08:02:01.31,36.1173,29.628,20.8,4.0,2022-08-07 08:02:01.310,13911.205333333333
2022.07.28,16:10:48.99,40.3805,27.2317,9.1,3.4,2022-07-28 16:10:48.990,272.0615
2022.07.28,11:38:45.30,39.6585,23.2953,5.4,3.5,2022-07-28 11:38:45.300,8383.248666666666
2022.07.22,15:55:30.38,40.0782,27.6853,8.6,3.4,2022-07-22 15:55:30.380,1451.1163333333332
2022.07.21,15:44:23.40,40.1518,27.4163,8.8,4.4,2022-07-21 15:44:23.400,5861.345666666666
2022.07.17,14:03:02.66,39.2785,27.6893,6.0,3.4,2022-07-17 14:03:02.660,127.38883333333334
2022.07.17,11:55:39.33,39.289,27.6953,4.7,4.2,2022-07-17 11:55:39.330,8995.359999999999
2022.07.11,06:00:17.73,39.6598,23.4843,10.0,3.8,2022-07-11 06:00:17.730,12887.392166666667
2022.07.02,07:12:54.20,36.2598,27.0015,11.8,3.5,2022-07-02 07:12:54.200,8687.834166666666
2022.06.26,06:25:04.15,40.001,24.3702,15.1,3.4,2022-06-26 06:25:04.150,10749.798833333334
2022.06.18,19:15:16.22,36.7642,28.2887,71.9,3.9,2022-06-18 19:15:16.220,6873.3845
2022.06.14,00:41:53.15,36.775,28.057,6.9,3.4,2022-06-14 00:41:53.150,28.806166666666666
2022.06.14,00:13:04.78,36.782,28.0637,6.5,3.5,2022-06-14 00:13:04.780,5.4295
2022.06.14,00:07:39.01,36.7595,28.0662,6.6,3.5,2022-06-14 00:07:39.010,6352.507833333333
2022.06.09,14:15:08.54,39.0087,27.857,10.7,3.5,2022-06-09 14:15:08.540,8112.0036666666665
2022.06.03,23:03:08.32,39.8133,27.9598,7.2,3.3,2022-06-03 23:03:08.320,4.176166666666666
2022.06.03,22:58:57.75,39.8198,27.9482,10.5,4.6,2022-06-03 22:58:57.750,45.47083333333333
2022.06.03,22:13:29.50,39.8193,27.9417,11.2,0.0,2022-06-03 22:13:29.500,368.311
2022.06.03,16:05:10.84,36.0362,27.5167,12.2,4.4,2022-06-03 16:05:10.840,4339.444833333333
2022.05.31,15:45:44.15,38.9757,29.7125,5.4,4.3,2022-05-31 15:45:44.150,303.88366666666667
2022.05.31,10:41:51.13,36.3987,27.0693,9.4,3.5,2022-05-31 10:41:51.130,5713.732166666667
2022.05.27,11:28:07.20,38.9732,25.9568,5.7,3.6,2022-05-27 11:28:07.200,16658.194166666668
2022.05.15,21:49:55.55,36.566,28.5203,57.2,3.6,2022-05-15 21:49:55.550,975.4335
2022.05.15,05:34:29.54,36.203,25.2268,2.4,4.2,2022-05-15 05:34:29.540,1885.6693333333335
2022.05.13,22:08:49.38,38.1755,26.1732,8.4,4.3,2022-05-13 22:08:49.380,3601.9275
2022.05.11,10:06:53.73,39.1595,23.2032,8.8,4.0,2022-05-11 10:06:53.730,2649.2801666666664
2022.05.09,13:57:36.92,39.2268,23.2338,5.0,3.5,2022-05-09 13:57:36.920,1407.139
2022.05.08,14:30:28.58,38.3518,23.2983,7.8,3.9,2022-05-08 14:30:28.580,377.32300000000004
2022.05.08,08:13:09.20,38.3308,23.416,9.4,3.7,2022-05-08 08:13:09.200,10479.580833333333
2022.05.01,01:33:34.35,39.576,24.0875,19.5,4.5,2022-05-01 01:33:34.350,1317.6693333333335
2022.04.30,03:35:54.19,40.8327,27.7123,6.2,3.3,2022-04-30 03:35:54.190,600.3375
2022.04.29,17:35:33.94,37.0517,28.2307,11.2,3.8,2022-04-29 17:35:33.940,13986.505000000001
2022.04.20,00:29:03.64,39.9583,24.3205,19.2,4.0,2022-04-20 00:29:03.640,729.151
2022.04.19,12:19:54.58,36.5035,25.309,86.8,3.8,2022-04-19 12:19:54.580,4039.277666666667
2022.04.16,17:00:37.92,36.1053,22.7672,10.8,0.0,2022-04-16 17:00:37.920,9452.498666666668
2022.04.10,03:28:08.00,38.3617,23.4858,5.4,3.9,2022-04-10 03:28:08.000,75.6315
2022.04.10,02:12:30.11,38.3477,23.4437,13.8,4.3,2022-04-10 02:12:30.110,2428.8241666666668
2022.04.08,09:43:40.66,38.1532,23.7557,5.0,3.6,2022-04-08 09:43:40.660,491.6503333333333
2022.04.08,01:32:01.64,36.989,23.2283,5.7,3.9,2022-04-08 01:32:01.640,267.247
2022.04.07,21:04:46.82,38.3512,23.4227,9.1,0.0,2022-04-07 21:04:46.820,560.106
2022.04.07,11:44:40.46,38.44,23.1865,5.0,4.0,2022-04-07 11:44:40.460,7.9355
2022.04.07,11:36:44.33,38.3993,23.3052,4.5,3.7,2022-04-07 11:36:44.330,237.80066666666667
2022.04.07,07:38:56.29,38.3703,23.3908,5.1,0.0,2022-04-07 07:38:56.290,12219.315166666667
2022.03.29,19:59:37.38,38.1525,22.7582,10.9,0.0,2022-03-29 19:59:37.380,3027.1003333333333
2022.03.27,17:32:31.36,38.3945,23.3948,9.7,0.0,2022-03-27 17:32:31.360,212.74133333333333
2022.03.27,13:59:46.88,37.084,28.3782,6.0,3.5,2022-03-27 13:59:46.880,6246.493666666666
2022.03.23,05:53:17.26,38.0045,28.4218,5.7,3.8,2022-03-23 05:53:17.260,942.3629999999999
2022.03.22,14:10:55.48,40.0672,28.6335,6.2,3.9,2022-03-22 14:10:55.480,588.7605
2022.03.22,04:22:09.85,40.0823,28.628,4.8,3.7,2022-03-22 04:22:09.850,1901.896
2022.03.20,20:40:16.09,37.9073,26.624,12.2,3.5,2022-03-20 20:40:16.090,9814.857
2022.03.14,01:05:24.67,36.942,27.6612,9.8,3.8,2022-03-14 01:05:24.670,383.4993333333333
2022.03.13,18:41:54.71,37.0217,28.3865,7.7,3.6,2022-03-13 18:41:54.710,41.50183333333334
2022.03.13,18:00:24.60,38.9537,26.6713,8.1,3.7,2022-03-13 18:00:24.600,0.7931666666666667
2022.03.13,17:59:37.01,38.9677,26.691,8.9,3.8,2022-03-13 17:59:37.010,6414.423
2022.03.09,07:05:11.63,36.9078,27.9658,8.5,3.6,2022-03-09 07:05:11.630,9758.2325
2022.03.02,12:26:57.68,40.0032,24.1335,23.8,4.0,2022-03-02 12:26:57.680,2184.8416666666667
2022.03.01,00:02:07.18,39.9623,24.1577,22.3,3.8,2022-03-01 00:02:07.180,857.7638333333333
2022.02.28,09:44:21.35,37.875,26.9258,12.2,3.6,2022-02-28 09:44:21.350,133.9535
2022.02.28,07:30:24.14,39.3857,25.5108,4.5,3.5,2022-02-28 07:30:24.140,3730.9298333333336
2022.02.25,17:19:28.35,38.5373,23.5878,14.3,3.5,2022-02-25 17:19:28.350,975.4761666666667
2022.02.25,01:03:59.78,37.077,28.5588,6.4,3.5,2022-02-25 01:03:59.780,613.4108333333334
2022.02.24,14:50:35.13,37.069,28.3785,4.4,3.9,2022-02-24 14:50:35.130,5430.402333333333
2022.02.20,20:20:10.99,40.728,27.4025,12.9,4.1,2022-02-20 20:20:10.990,32.504666666666665
2022.02.20,19:47:40.71,36.226,27.4677,7.8,3.8,2022-02-20 19:47:40.710,13169.557
2022.02.11,16:18:07.29,36.9645,27.6635,6.9,4.1,2022-02-11 16:18:07.290,4736.3425
2022.02.08,09:21:46.74,38.3608,26.7032,5.1,3.5,2022-02-08 09:21:46.740,817.6528333333333
2022.02.07,19:44:07.57,39.6675,23.5308,21.6,3.6,2022-02-07 19:44:07.570,1896.2475000000002
2022.02.06,12:07:52.72,40.4502,28.9882,7.7,3.9,2022-02-06 12:07:52.720,8219.444
2022.01.31,19:08:26.08,38.3693,23.3163,5.0,3.5,2022-01-31 19:08:26.080,1379.0186666666666
2022.01.30,20:09:24.96,38.9573,26.7055,9.0,3.7,2022-01-30 20:09:24.960,9236.561333333335
2022.01.24,10:12:51.28,36.494,25.4655,1.9,3.8,2022-01-24 10:12:51.280,2321.146333333333
2022.01.22,19:31:42.50,39.5748,28.8363,5.0,4.7,2022-01-22 19:31:42.500,497.95116666666667
2022.01.22,11:13:45.43,40.2955,29.6778,6.8,3.5,2022-01-22 11:13:45.430,520.8371666666667
2022.01.22,02:32:55.20,39.5162,24.1423,22.8,4.2,2022-01-22 02:32:55.200,4311.104166666667
2022.01.19,02:41:48.95,40.4577,29.1805,5.0,3.7,2022-01-19 02:41:48.950,840.4715
2022.01.18,12:41:20.66,37.7065,29.343,3.7,3.6,2022-01-18 12:41:20.660,1627.8245
2022.01.17,09:33:31.19,40.1077,24.4247,6.8,3.5,2022-01-17 09:33:31.190,42.436
2022.01.17,08:51:05.03,40.0673,24.0273,56.0,3.4,2022-01-17 08:51:05.030,4.990666666666667
2022.01.17,08:46:05.59,39.9995,24.114,28.0,3.4,2022-01-17 08:46:05.590,132.47333333333333
2022.01.17,06:33:37.19,40.0022,24.209,21.4,3.3,2022-01-17 06:33:37.190,481.6285
2022.01.16,22:31:59.48,40.0028,24.412,11.6,0.0,2022-01-16 22:31:59.480,15.7065
2022.01.16,22:16:17.09,36.3232,28.8177,27.0,4.4,2022-01-16 22:16:17.090,154.5438333333333
2022.01.16,19:41:44.46,40.0348,24.3782,11.4,3.7,2022-01-16 19:41:44.460,72.28850000000001
2022.01.16,18:29:27.15,40.0332,24.4217,10.3,4.2,2022-01-16 18:29:27.150,290.0225
2022.01.16,13:39:25.80,40.0495,24.3962,8.8,0.0,2022-01-16 13:39:25.800,2.4941666666666666
2022.01.16,13:36:56.15,39.986,24.3425,9.7,4.0,2022-01-16 13:36:56.150,70.62733333333334
2022.01.16,12:26:18.51,40.0422,24.3702,12.4,4.5,2022-01-16 12:26:18.510,34.767833333333336
2022.01.16,11:51:32.44,40.0492,24.3817,10.9,0.0,2022-01-16 11:51:32.440,3.4505
2022.01.16,11:48:05.41,40.0257,24.3597,15.7,5.4,2022-01-16 11:48:05.410,2973.6678333333334
2022.01.14,10:14:25.34,37.6745,26.0497,5.2,3.6,2022-01-14 10:14:25.340,176.81833333333333
2022.01.14,07:17:36.24,37.6822,26.0493,3.8,3.6,2022-01-14 07:17:36.240,52.18383333333334
2022.01.14,06:25:25.21,37.7072,25.9967,10.4,4.0,2022-01-14 06:25:25.210,1891.0071666666665
2022.01.12,22:54:24.78,37.6843,26.0155,6.8,4.1,2022-01-12 22:54:24.780,5019.061333333333
2022.01.09,11:15:21.10,37.8763,29.3088,5.6,3.8,2022-01-09 11:15:21.100,13133.878166666665
2021.12.31,08:21:28.41,39.7465,23.663,26.2,3.5,2021-12-31 08:21:28.410,3503.7051666666666
2021.12.28,21:57:46.10,40.5652,23.1083,14.3,3.6,2021-12-28 21:57:46.100,3223.9081666666666
2021.12.26,16:13:51.61,38.125,23.1493,2.6,4.1,2021-12-26 16:13:51.610,12177.219166666668
2021.12.18,05:16:38.46,36.1887,23.202,68.5,4.9,2021-12-18 05:16:38.460,2251.889666666667
2021.12.16,15:44:45.08,38.9308,26.1212,8.2,0.0,2021-12-16 15:44:45.080,10118.011
2021.12.09,15:06:44.42,36.5192,28.779,19.3,3.8,2021-12-09 15:06:44.420,3658.61
2021.12.07,02:08:07.82,37.8023,27.1323,6.3,3.4,2021-12-07 02:08:07.820,3666.9725000000003
2021.12.04,13:01:09.47,38.5142,25.9273,14.9,3.8,2021-12-04 13:01:09.470,2932.1971666666664
2021.12.02,12:08:57.64,37.6845,25.9593,3.4,3.9,2021-12-02 12:08:57.640,2864.4326666666666
2021.11.30,12:24:31.68,37.9088,27.1402,4.7,3.5,2021-11-30 12:24:31.680,112.15450000000001
2021.11.30,10:32:22.41,37.7347,25.8183,6.8,4.1,2021-11-30 10:32:22.410,383.13483333333335
2021.11.30,04:09:14.32,37.6647,26.0248,5.0,4.1,2021-11-30 04:09:14.320,8.571666666666665
2021.11.30,04:00:40.02,37.6752,26.0065,7.2,5.3,2021-11-30 04:00:40.020,4634.394166666667
2021.11.26,22:46:16.37,39.1315,24.2585,10.3,3.7,2021-11-26 22:46:16.370,8562.8885
2021.11.21,00:03:23.06,36.6663,23.032,10.8,3.7,2021-11-21 00:03:23.060,16730.904833333334
2021.11.09,09:12:28.77,36.5425,23.0833,56.4,3.7,2021-11-09 09:12:28.770,3412.1715
2021.11.07,00:20:18.48,37.1078,23.16,2.2,3.7,2021-11-07 00:20:18.480,2255.534
2021.11.05,10:44:46.44,39.4557,28.2195,5.7,3.5,2021-11-05 10:44:46.440,25.55183333333333
2021.11.05,10:19:13.33,39.4508,28.2197,8.6,3.5,2021-11-05 10:19:13.330,22329.90066666667
2021.10.20,22:09:19.29,39.425,26.3125,10.2,3.6,2021-10-20 22:09:19.290,4181.281833333333
2021.10.18,00:28:02.38,38.9653,26.1718,9.4,3.7,2021-10-18 00:28:02.380,615.0871666666667
2021.10.17,14:12:57.15,38.992,26.212,5.0,3.6,2021-10-17 14:12:57.150,8256.499333333333
2021.10.11,20:36:27.19,36.5115,27.0808,7.0,3.5,2021-10-11 20:36:27.190,9402.316833333334
2021.10.05,07:54:08.18,36.4803,27.1468,7.0,4.1,2021-10-05 07:54:08.180,885.9455
2021.10.04,17:08:11.45,36.4807,27.1037,7.5,3.7,2021-10-04 17:08:11.450,184.82366666666667
2021.10.04,14:03:22.03,36.4742,27.1092,5.9,4.4,2021-10-04 14:03:22.030,1848.238
2021.10.03,07:15:07.75,37.4612,30.3525,5.0,4.3,2021-10-03 07:15:07.750,2481.7845
2021.10.01,13:53:20.68,37.7103,29.3825,7.1,3.4,2021-10-01 13:53:20.680,2305.6955000000003
2021.09.29,23:27:38.95,36.4818,27.141,9.1,4.1,2021-09-29 23:27:38.950,64.66916666666667
2021.09.29,22:22:58.80,36.4458,27.1155,5.0,0.0,2021-09-29 22:22:58.800,0.697
2021.09.29,22:22:16.98,36.4768,27.1588,5.0,4.3,2021-09-29 22:22:16.980,362.9211666666667
2021.09.29,16:19:21.71,36.8903,26.5107,8.0,3.5,2021-09-29 16:19:21.710,2058.2718333333332
2021.09.28,06:01:05.40,36.428,28.4098,58.5,3.7,2021-09-28 06:01:05.400,409.22549999999995
2021.09.27,23:11:51.87,36.4332,27.1198,11.1,3.9,2021-09-27 23:11:51.870,38.93566666666666
2021.09.27,22:32:55.73,36.4725,27.1548,8.6,3.9,2021-09-27 22:32:55.730,448.92033333333336
2021.09.27,15:04:00.51,36.4973,27.1357,5.2,0.0,2021-09-27 15:04:00.510,1769.6656666666668
2021.09.26,09:34:20.57,36.486,27.17,9.8,3.8,2021-09-26 09:34:20.570,264.6863333333333
2021.09.26,05:09:39.39,36.4803,27.1962,4.7,3.7,2021-09-26 05:09:39.390,29.510833333333334
2021.09.26,04:40:08.74,36.4653,27.2015,5.5,4.0,2021-09-26 04:40:08.740,2300.6196666666665
2021.09.24,14:19:31.56,36.4603,27.2217,9.1,4.0,2021-09-24 14:19:31.560,241.86666666666667
2021.09.24,10:17:39.56,36.4842,27.1155,1.0,3.8,2021-09-24 10:17:39.560,5.305833333333334
2021.09.24,10:12:21.21,36.4857,27.1322,3.0,3.9,2021-09-24 10:12:21.210,360.78783333333337
2021.09.24,04:11:33.94,38.143,23.2262,5.0,3.5,2021-09-24 04:11:33.940,334.57183333333336
2021.09.23,22:36:59.63,36.482,27.1762,5.4,3.5,2021-09-23 22:36:59.630,2733.8458333333333
2021.09.22,01:03:08.88,38.3193,23.401,27.7,3.5,2021-09-22 01:03:08.880,5837.6658333333335
2021.09.17,23:45:28.93,37.879,29.3197,6.6,3.9,2021-09-17 23:45:28.930,694.8853333333334
2021.09.17,12:10:35.81,37.8837,29.312,9.8,3.7,2021-09-17 12:10:35.810,168.25033333333334
2021.09.17,09:22:20.79,40.582,28.5168,8.5,0.0,2021-09-17 09:22:20.790,1354.1603333333333
2021.09.16,10:48:11.17,37.8842,29.3095,10.2,3.5,2021-09-16 10:48:11.170,463.15166666666664
2021.09.16,03:05:02.07,37.8805,29.3007,7.4,3.8,2021-09-16 03:05:02.070,4618.564166666666
2021.09.12,22:06:28.22,36.4212,27.0337,9.4,3.4,2021-09-12 22:06:28.220,25.899
2021.09.12,21:40:34.28,37.8008,26.9788,14.2,3.4,2021-09-12 21:40:34.280,1929.5473333333332
2021.09.11,13:31:01.44,36.3745,26.9873,8.4,4.3,2021-09-11 13:31:01.440,1565.4165
2021.09.10,11:25:36.45,36.4513,27.1303,7.9,3.6,2021-09-10 11:25:36.450,3465.5828333333334
2021.09.08,01:40:01.48,36.5025,27.1158,8.3,4.5,2021-09-08 01:40:01.480,136.5265
2021.09.07,23:23:29.89,36.482,27.0983,4.5,3.5,2021-09-07 23:23:29.890,88.1375
2021.09.07,21:55:21.64,36.5095,27.1005,6.6,4.1,2021-09-07 21:55:21.640,732.6990000000001
2021.09.07,09:42:39.70,37.8018,29.6537,5.0,3.9,2021-09-07 09:42:39.700,52.65083333333334
2021.09.07,08:50:00.65,36.2658,26.9865,7.2,3.5,2021-09-07 08:50:00.650,1065.3773333333334
2021.09.06,15:04:38.01,36.4422,27.0232,5.4,4.1,2021-09-06 15:04:38.010,1056.7856666666667
2021.09.05,21:27:50.87,36.0357,27.502,7.8,4.3,2021-09-05 21:27:50.870,613.9956666666666
2021.09.05,11:13:51.13,39.5433,26.895,10.5,3.6,2021-09-05 11:13:51.130,2995.5451666666663
2021.09.03,09:18:18.42,37.8498,29.3288,6.4,3.6,2021-09-03 09:18:18.420,244.43383333333335
2021.09.03,05:13:52.39,38.2212,23.2895,5.0,3.5,2021-09-03 05:13:52.390,478.82399999999996
2021.09.02,21:15:02.95,36.4158,27.0683,5.0,3.6,2021-09-02 21:15:02.950,2.1734999999999998
2021.09.02,21:12:52.54,36.4435,27.0252,9.1,4.2,2021-09-02 21:12:52.540,144.70566666666667
2021.09.02,18:48:10.20,38.1432,23.5515,4.0,3.9,2021-09-02 18:48:10.200,241.8756666666667
2021.09.02,14:46:17.66,38.0312,23.385,5.0,3.6,2021-09-02 14:46:17.660,537.6823333333333
2021.09.02,05:48:36.72,38.342,23.3277,8.6,4.1,2021-09-02 05:48:36.720,2564.1789999999996
2021.08.31,11:04:25.98,38.9697,30.2045,5.0,5.0,2021-08-31 11:04:25.980,837.9011666666667
2021.08.30,21:06:31.91,37.9135,23.1167,2.1,4.2,2021-08-30 21:06:31.910,9978.937
2021.08.23,22:47:35.69,38.9277,26.019,11.3,3.7,2021-08-23 22:47:35.690,2089.0788333333335
2021.08.22,11:58:30.96,36.4595,26.9983,4.3,0.0,2021-08-22 11:58:30.960,1357.1779999999999
2021.08.21,13:21:20.28,36.4473,27.0232,6.5,4.6,2021-08-21 13:21:20.280,1536.2101666666667
2021.08.20,11:45:07.67,36.4495,27.0317,5.4,3.9,2021-08-20 11:45:07.670,780.1943333333334
2021.08.19,22:44:56.01,36.417,26.9905,5.7,3.7,2021-08-19 22:44:56.010,494.9268333333333
2021.08.19,14:30:00.40,37.8375,26.9023,16.0,3.4,2021-08-19 14:30:00.400,173.882
2021.08.19,11:36:07.48,36.3978,27.0622,8.3,3.3,2021-08-19 11:36:07.480,9.593
2021.08.19,11:26:31.90,36.3982,27.0503,5.7,4.8,2021-08-19 11:26:31.900,20.2805
2021.08.19,11:06:15.07,36.3473,27.049,11.5,4.4,2021-08-19 11:06:15.070,5551.9355000000005
2021.08.15,14:34:18.94,36.2957,27.0965,7.0,3.9,2021-08-15 14:34:18.940,3875.837
2021.08.12,21:58:28.72,36.315,27.0098,14.0,4.0,2021-08-12 21:58:28.720,264.427
2021.08.12,17:34:03.10,36.0968,27.4648,5.0,3.6,2021-08-12 17:34:03.100,1869.3366666666666
2021.08.11,10:24:42.90,36.2528,27.0097,7.9,4.3,2021-08-11 10:24:42.900,265.068
2021.08.11,05:59:38.82,39.1437,23.8125,3.4,3.6,2021-08-11 05:59:38.820,425.737
2021.08.10,22:53:54.60,36.3462,27.0535,6.9,3.9,2021-08-10 22:53:54.600,1457.2026666666668
2021.08.09,22:36:42.44,37.8992,27.289,7.0,3.6,2021-08-09 22:36:42.440,1226.1676666666667
2021.08.09,02:10:32.38,36.3177,26.9865,9.2,3.8,2021-08-09 02:10:32.380,554.7891666666667
2021.08.08,16:55:45.03,36.3522,27.1185,23.9,3.5,2021-08-08 16:55:45.030,462.569
2021.08.08,09:13:10.89,36.191,28.583,28.3,3.6,2021-08-08 09:13:10.890,1.1263333333333334
2021.08.08,09:12:03.31,37.8682,27.5668,10.6,3.5,2021-08-08 09:12:03.310,1892.3178333333335
2021.08.07,01:39:44.24,36.328,26.9685,9.0,4.9,2021-08-07 01:39:44.240,297.7536666666667
2021.08.06,20:41:59.02,36.3388,26.9978,6.1,4.2,2021-08-06 20:41:59.020,44.896
2021.08.06,19:57:05.26,36.348,27.0222,2.8,4.1,2021-08-06 19:57:05.260,235.90099999999998
2021.08.06,16:01:11.20,36.3287,27.0085,5.3,4.1,2021-08-06 16:01:11.200,287.22316666666666
2021.08.06,11:13:57.81,36.3247,27.0132,14.1,3.6,2021-08-06 11:13:57.810,4.063833333333333
2021.08.06,11:09:53.98,36.3435,26.9663,6.3,3.9,2021-08-06 11:09:53.980,11.661833333333334
2021.08.06,10:58:14.27,36.3423,27.0013,9.9,4.1,2021-08-06 10:58:14.270,5.573666666666667
2021.08.06,10:52:39.85,36.336,26.9947,17.7,4.2,2021-08-06 10:52:39.850,95.86066666666667
2021.08.06,09:16:48.21,36.3137,27.0168,8.5,4.2,2021-08-06 09:16:48.210,53.9855
2021.08.06,08:22:49.08,36.3698,26.9543,8.9,3.6,2021-08-06 08:22:49.080,1411.9258333333335
2021.08.05,08:50:53.53,36.28,27.0643,9.3,3.4,2021-08-05 08:50:53.530,47.014
2021.08.05,08:03:52.69,36.3365,26.9523,9.3,3.9,2021-08-05 08:03:52.690,809.7373333333333
2021.08.04,18:34:08.45,36.3427,26.9788,9.0,3.6,2021-08-04 18:34:08.450,409.1155
2021.08.04,11:45:01.52,36.2992,27.0465,10.5,3.5,2021-08-04 11:45:01.520,344.6635
2021.08.04,06:00:21.71,36.3273,26.995,9.3,4.0,2021-08-04 06:00:21.710,370.90316666666666
2021.08.03,23:49:27.52,36.3212,27.1055,21.1,4.1,2021-08-03 23:49:27.520,58.71816666666667
2021.08.03,22:50:44.43,36.2948,27.1148,6.7,4.4,2021-08-03 22:50:44.430,177.513
2021.08.03,19:53:13.65,36.372,26.9685,9.5,4.8,2021-08-03 19:53:13.650,133.26516666666666
2021.08.03,17:39:57.74,36.332,26.973,9.5,4.4,2021-08-03 17:39:57.740,301.6915
2021.08.03,12:38:16.25,36.4037,26.9722,1.6,5.2,2021-08-03 12:38:16.250,761.9805
2021.08.02,23:56:17.42,36.317,27.0117,8.8,3.8,2021-08-02 23:56:17.420,105.08099999999999
2021.08.02,22:11:12.56,36.3525,27.0208,10.6,3.8,2021-08-02 22:11:12.560,467.73850000000004
2021.08.02,14:23:28.25,36.3407,27.0047,9.0,4.1,2021-08-02 14:23:28.250,1005.0936666666668
2021.08.01,21:38:22.63,36.3728,26.9938,5.8,4.1,2021-08-01 21:38:22.630,53.48683333333334
2021.08.01,20:44:53.42,36.3827,27.0023,6.7,3.5,2021-08-01 20:44:53.420,7.485666666666666
2021.08.01,20:37:24.28,36.3727,27.0055,8.5,0.0,2021-08-01 20:37:24.280,8.405166666666666
2021.08.01,20:28:59.97,36.3508,27.0077,7.6,0.0,2021-08-01 20:28:59.970,3.7253333333333334
2021.08.01,20:25:16.45,36.3498,27.0112,8.8,0.0,2021-08-01 20:25:16.450,155.972
2021.08.01,17:49:18.13,36.3332,26.9827,6.3,3.8,2021-08-01 17:49:18.130,4.902333333333333
2021.08.01,17:44:23.99,36.4222,27.0777,16.4,4.1,2021-08-01 17:44:23.990,47.296166666666664
2021.08.01,16:57:06.22,36.3607,27.0523,3.1,3.5,2021-08-01 16:57:06.220,5.214833333333333
2021.08.01,16:51:53.33,36.3632,27.048,10.8,3.6,2021-08-01 16:51:53.330,47.208
2021.08.01,16:04:40.85,36.3797,27.0245,4.6,4.3,2021-08-01 16:04:40.850,159.793
2021.08.01,13:24:53.27,36.386,27.0155,8.1,3.8,2021-08-01 13:24:53.270,10.461833333333335
2021.08.01,13:14:25.56,36.3755,26.9867,9.1,3.5,2021-08-01 13:14:25.560,23.6325
2021.08.01,12:50:47.61,36.3582,27.0193,10.0,3.5,2021-08-01 12:50:47.610,124.91633333333333
2021.08.01,10:45:52.63,36.3815,27.0395,8.5,3.5,2021-08-01 10:45:52.630,80.19933333333333
2021.08.01,09:25:40.67,36.39,26.993,5.2,3.5,2021-08-01 09:25:40.670,5.9345
2021.08.01,09:19:44.60,36.3448,27.013,10.9,3.6,2021-08-01 09:19:44.600,5.300833333333333
2021.08.01,09:14:26.55,36.3702,27.0078,5.4,4.5,2021-08-01 09:14:26.550,21.794500000000003
2021.08.01,08:52:38.88,36.4283,27.0253,3.0,3.9,2021-08-01 08:52:38.880,5.2335
2021.08.01,08:47:24.87,36.2895,27.1657,4.7,3.5,2021-08-01 08:47:24.870,9.893166666666668
2021.08.01,08:37:31.28,36.3468,27.0128,8.7,4.6,2021-08-01 08:37:31.280,16.881666666666668
2021.08.01,08:20:38.38,36.3617,27.0335,10.3,3.8,2021-08-01 08:20:38.380,185.22966666666667
2021.08.01,05:15:24.60,36.3447,27.0555,4.2,3.9,2021-08-01 05:15:24.600,2.8463333333333334
2021.08.01,05:12:33.82,36.3592,27.0287,8.5,4.2,2021-08-01 05:12:33.820,41.135
2021.08.01,04:31:25.72,36.3923,26.9692,9.5,5.7,2021-08-01 04:31:25.720,257.1528333333333
2021.08.01,00:14:16.55,36.3553,27.0633,13.8,3.9,2021-08-01 00:14:16.550,48.58383333333334
2021.07.31,23:25:41.52,36.3717,27.0183,9.9,0.0,2021-07-31 23:25:41.520,98.16350000000001
2021.07.31,21:47:31.71,36.381,27.165,25.0,3.8,2021-07-31 21:47:31.710,64.13766666666668
2021.07.31,20:43:23.45,36.343,27.062,5.0,3.6,2021-07-31 20:43:23.450,32.7825
2021.07.31,20:10:36.50,36.3747,27.0627,9.8,3.7,2021-07-31 20:10:36.500,12.690666666666667
2021.07.31,19:57:55.06,36.3617,27.0272,9.1,4.8,2021-07-31 19:57:55.060,4834.785666666667
2021.07.28,11:23:07.92,36.4748,27.1115,10.4,3.6,2021-07-28 11:23:07.920,1520.233
2021.07.27,10:02:53.94,38.9428,26.0643,8.9,4.4,2021-07-27 10:02:53.940,5485.9636666666665
2021.07.23,14:36:56.12,38.968,26.0518,9.7,4.1,2021-07-23 14:36:56.120,937.8318333333334
2021.07.22,22:59:06.21,38.9503,26.0437,9.8,3.8,2021-07-22 22:59:06.210,29.123333333333335
2021.07.22,22:29:58.81,36.3867,27.0822,14.7,3.5,2021-07-22 22:29:58.810,435.767
2021.07.22,15:14:12.79,38.954,26.0165,9.2,3.5,2021-07-22 15:14:12.790,57.781333333333336
2021.07.22,14:16:25.91,36.406,27.0233,12.0,4.6,2021-07-22 14:16:25.910,755.3428333333334
2021.07.22,01:41:05.34,38.9505,26.0762,7.7,3.9,2021-07-22 01:41:05.340,20.730666666666664
2021.07.22,01:20:21.50,38.9447,26.068,6.7,4.3,2021-07-22 01:20:21.500,32.346
2021.07.22,00:48:00.74,38.958,26.034,5.0,4.3,2021-07-22 00:48:00.740,7.593999999999999
2021.07.22,00:40:25.10,38.9662,26.07,7.9,3.6,2021-07-22 00:40:25.100,56.57066666666666
2021.07.21,23:43:50.86,38.9662,26.0663,7.3,3.7,2021-07-21 23:43:50.860,15.248166666666666
2021.07.21,23:28:35.97,38.9468,26.045,7.7,3.7,2021-07-21 23:28:35.970,8.942333333333332
2021.07.21,23:19:39.43,38.9433,26.0588,11.4,4.0,2021-07-21 23:19:39.430,15.903166666666667
2021.07.21,23:03:45.24,38.9472,26.0643,7.4,4.2,2021-07-21 23:03:45.240,275.29083333333335
2021.07.21,18:28:27.79,38.971,26.0547,3.4,3.9,2021-07-21 18:28:27.790,30.3495
2021.07.21,17:58:06.82,38.949,25.995,7.7,3.5,2021-07-21 17:58:06.820,2143.1338333333333
2021.07.20,06:14:58.79,36.4147,27.0975,8.6,3.9,2021-07-20 06:14:58.790,69.5565
2021.07.20,05:05:25.40,38.3718,23.3243,3.7,4.3,2021-07-20 05:05:25.400,15.255166666666666
2021.07.20,04:50:10.09,36.3755,27.12,5.9,3.8,2021-07-20 04:50:10.090,937.1535
2021.07.19,13:13:00.88,37.818,27.9668,6.7,3.9,2021-07-19 13:13:00.880,2746.4088333333334
2021.07.17,15:26:36.35,36.4192,27.1317,9.4,3.7,2021-07-17 15:26:36.350,803.5193333333334
2021.07.17,02:03:05.19,36.4138,27.088,2.9,3.6,2021-07-17 02:03:05.190,525.8078333333334
2021.07.16,17:17:16.72,36.3973,27.1663,9.0,3.6,2021-07-16 17:17:16.720,2188.6668333333337
2021.07.15,04:48:36.71,39.6423,28.515,5.1,3.4,2021-07-15 04:48:36.710,3321.0201666666667
2021.07.12,21:27:35.50,40.0307,27.4125,8.4,3.4,2021-07-12 21:27:35.500,2727.3151666666668
2021.07.11,00:00:16.59,38.368,23.322,12.9,4.4,2021-07-11 00:00:16.590,236.681
2021.07.10,20:03:35.73,37.7957,26.8937,14.0,3.8,2021-07-10 20:03:35.730,44.31433333333334
2021.07.10,19:19:16.87,38.9415,26.0417,9.2,4.4,2021-07-10 19:19:16.870,145.8995
2021.07.10,16:53:22.90,38.937,26.0847,5.1,3.5,2021-07-10 16:53:22.900,130.02450000000002
2021.07.10,14:43:21.43,38.9435,26.0507,9.0,4.4,2021-07-10 14:43:21.430,1114.71
2021.07.09,20:08:38.83,36.3428,23.2485,5.0,3.8,2021-07-09 20:08:38.830,962.758
2021.07.09,04:05:53.35,38.9515,26.0495,8.6,3.8,2021-07-09 04:05:53.350,3767.1761666666666
2021.07.06,13:18:42.78,36.3885,27.016,8.0,3.8,2021-07-06 13:18:42.780,254.95466666666667
2021.07.06,09:03:45.50,36.3553,27.0133,16.5,4.0,2021-07-06 09:03:45.500,293.6863333333333
2021.07.06,04:10:04.32,36.3843,27.0167,9.5,3.6,2021-07-06 04:10:04.320,244.27066666666667
2021.07.06,00:05:48.08,40.9585,23.4682,31.1,3.7,2021-07-06 00:05:48.080,7835.889166666666
2021.06.30,13:29:54.73,36.3107,27.041,8.0,0.0,2021-06-30 13:29:54.730,108.42616666666666
2021.06.30,11:41:29.16,36.3068,26.96,12.0,4.0,2021-06-30 11:41:29.160,521.309
2021.06.30,03:00:10.62,39.0195,29.6635,8.6,3.9,2021-06-30 03:00:10.620,6819.024
2021.06.25,09:21:09.18,36.3745,27.0463,6.8,4.1,2021-06-25 09:21:09.180,3936.711333333333
2021.06.22,15:44:26.50,36.3765,27.0125,9.1,4.1,2021-06-22 15:44:26.500,458.22016666666667
2021.06.22,08:06:13.29,36.3275,27.0502,13.0,3.8,2021-06-22 08:06:13.290,217.53066666666666
2021.06.22,04:28:41.45,36.3552,27.021,7.2,3.5,2021-06-22 04:28:41.450,86.10833333333333
2021.06.22,03:02:34.95,36.4242,27.0488,8.4,3.8,2021-06-22 03:02:34.950,12.025166666666667
2021.06.22,02:50:33.44,36.383,27.057,8.8,3.7,2021-06-22 02:50:33.440,183.10483333333335
2021.06.21,23:47:27.15,36.3708,27.0997,5.6,3.9,2021-06-21 23:47:27.150,86.36516666666667
2021.06.21,22:21:05.24,36.3385,27.0768,4.4,3.9,2021-06-21 22:21:05.240,6.850666666666667
2021.06.21,22:14:14.20,36.3533,27.045,11.5,5.5,2021-06-21 22:14:14.200,167.76416666666668
2021.06.21,19:26:28.35,36.4062,27.0808,6.0,4.0,2021-06-21 19:26:28.350,409.5903333333333
2021.06.21,12:36:52.93,39.6112,27.6185,2.7,3.4,2021-06-21 12:36:52.930,323.37583333333333
2021.06.21,07:13:30.38,36.4153,27.0548,8.1,3.8,2021-06-21 07:13:30.380,2585.628166666667
2021.06.19,12:07:52.69,40.95,29.2133,14.6,0.0,2021-06-19 12:07:52.690,5644.824666666666
2021.06.15,14:03:03.21,37.8963,27.1552,7.9,3.4,2021-06-15 14:03:03.210,3497.013
2021.06.13,03:46:02.43,37.0112,28.3158,5.0,0.0,2021-06-13 03:46:02.430,5572.011166666666
2021.06.09,06:54:01.76,36.7293,22.7017,94.8,3.6,2021-06-09 06:54:01.760,2333.719
2021.06.07,16:00:18.62,36.3925,27.0435,8.9,4.3,2021-06-07 16:00:18.620,3010.4816666666666
2021.06.05,13:49:49.72,38.0907,27.0413,7.9,3.6,2021-06-05 13:49:49.720,1046.6888333333334
2021.06.04,20:23:08.39,36.4368,27.0998,7.8,4.2,2021-06-04 20:23:08.390,14740.419
2021.05.25,14:42:43.25,39.7005,25.7482,7.6,3.7,2021-05-25 14:42:43.250,2446.1220000000003
2021.05.23,21:56:35.93,36.4805,27.1495,3.7,3.7,2021-05-23 21:56:35.930,1291.2663333333333
2021.05.23,00:25:19.95,39.717,25.7385,8.0,3.8,2021-05-23 00:25:19.950,1561.8621666666666
2021.05.21,22:23:28.22,36.4405,27.118,9.6,4.0,2021-05-21 22:23:28.220,2722.101833333333
2021.05.20,01:01:22.11,37.8448,29.2505,7.1,4.0,2021-05-20 01:01:22.110,815.3841666666667
2021.05.19,11:25:59.06,38.0953,27.0322,15.7,3.4,2021-05-19 11:25:59.060,7.774500000000001
2021.05.19,11:18:12.59,38.0903,27.0135,17.5,4.0,2021-05-19 11:18:12.590,3.228833333333333
2021.05.19,11:14:58.86,38.0917,27.0233,16.9,4.1,2021-05-19 11:14:58.860,197.8965
2021.05.19,07:57:05.07,37.915,27.1698,12.6,3.5,2021-05-19 07:57:05.070,11566.877
2021.05.11,07:10:12.45,37.7912,26.7767,8.0,3.6,2021-05-11 07:10:12.450,2005.7144999999998
2021.05.09,21:44:29.58,36.8112,28.1265,76.7,3.5,2021-05-09 21:44:29.580,1567.0829999999999
2021.05.08,19:37:24.60,37.8503,27.016,9.4,3.6,2021-05-08 19:37:24.600,475.67249999999996
2021.05.08,11:41:44.25,36.482,27.1068,8.6,4.2,2021-05-08 11:41:44.250,106.63166666666666
2021.05.08,09:55:06.35,39.6338,23.0252,16.9,3.8,2021-05-08 09:55:06.350,3494.5406666666668
2021.05.05,23:40:33.91,36.3987,27.6148,82.6,0.0,2021-05-05 23:40:33.910,1018.3715
2021.05.05,06:42:11.62,40.3698,27.3967,13.4,3.9,2021-05-05 06:42:11.620,11698.953666666666
2021.04.27,03:43:14.40,36.4623,27.0743,8.4,3.3,2021-04-27 03:43:14.400,122.82116666666667
2021.04.27,01:40:25.13,36.4148,27.1748,13.9,3.7,2021-04-27 01:40:25.130,341.85066666666665
2021.04.26,19:58:34.09,36.4537,27.1223,5.0,4.1,2021-04-26 19:58:34.090,37.508833333333335
2021.04.26,19:21:03.56,37.818,26.9463,6.7,4.0,2021-04-26 19:21:03.560,31.611
2021.04.26,18:49:26.90,36.468,27.1527,1.7,3.5,2021-04-26 18:49:26.900,673.6138333333333
2021.04.26,07:35:50.07,36.4157,27.1588,8.2,3.7,2021-04-26 07:35:50.070,513.2925
2021.04.25,23:02:32.52,36.3965,27.0443,10.0,3.5,2021-04-25 23:02:32.520,1275.7938333333334
2021.04.25,01:46:44.89,36.4478,27.1165,8.0,3.4,2021-04-25 01:46:44.890,1613.6986666666667
2021.04.23,22:53:02.97,37.917,27.229,6.1,3.7,2021-04-23 22:53:02.970,633.7961666666666
2021.04.23,12:19:15.20,36.4577,27.1567,9.6,3.7,2021-04-23 12:19:15.200,654.7918333333333
2021.04.23,01:24:27.69,38.7253,24.6378,8.5,4.0,2021-04-23 01:24:27.690,334.5021666666667
2021.04.22,19:49:57.56,36.4302,27.0612,10.0,4.3,2021-04-22 19:49:57.560,165.4215
2021.04.22,17:04:32.27,36.3988,27.1045,1.5,3.5,2021-04-22 17:04:32.270,63.600500000000004
2021.04.22,16:00:56.24,36.4237,27.0922,5.0,3.9,2021-04-22 16:00:56.240,1.8923333333333334
2021.04.22,15:59:02.70,36.4135,27.0975,11.7,3.7,2021-04-22 15:59:02.700,952.8201666666666
2021.04.22,00:06:13.49,36.423,27.14,5.0,4.1,2021-04-22 00:06:13.490,168.50966666666667
2021.04.21,21:17:42.91,39.1297,28.1153,11.2,3.9,2021-04-21 21:17:42.910,310.1198333333333
2021.04.21,16:07:35.72,36.445,27.1275,9.6,4.0,2021-04-21 16:07:35.720,1135.5388333333333
2021.04.20,21:12:03.39,36.43,27.111,7.1,3.6,2021-04-20 21:12:03.390,100.09733333333334
2021.04.20,19:31:57.55,36.43,27.0643,8.0,3.5,2021-04-20 19:31:57.550,299.639
2021.04.20,14:32:19.21,36.4208,27.0515,7.8,0.0,2021-04-20 14:32:19.210,370.38916666666665
2021.04.20,08:21:55.86,36.452,25.4957,6.7,4.0,2021-04-20 08:21:55.860,192.06066666666666
2021.04.20,05:09:52.22,36.4737,27.0277,7.4,4.5,2021-04-20 05:09:52.220,412.683
2021.04.19,22:17:11.24,38.2313,25.8907,15.3,3.7,2021-04-19 22:17:11.240,937.1005
2021.04.19,06:40:05.21,36.4055,27.0722,5.0,3.9,2021-04-19 06:40:05.210,823.0191666666667
2021.04.18,16:57:04.06,36.4355,27.1325,10.4,3.5,2021-04-18 16:57:04.060,30.647333333333332
2021.04.18,16:26:25.22,36.4552,27.1027,3.4,4.2,2021-04-18 16:26:25.220,64.91883333333334
2021.04.18,15:21:30.09,36.4233,27.1972,9.8,3.6,2021-04-18 15:21:30.090,648.1315
2021.04.18,04:33:22.20,40.734,28.7238,12.2,3.5,2021-04-18 04:33:22.200,68.44283333333333
2021.04.18,03:24:55.63,36.4438,27.0843,8.9,3.5,2021-04-18 03:24:55.630,43.805166666666665
2021.04.18,02:41:07.32,36.4642,27.0753,5.8,3.5,2021-04-18 02:41:07.320,244.21450000000002
2021.04.17,22:36:54.45,36.3957,27.0973,9.7,0.0,2021-04-17 22:36:54.450,0.9901666666666666
2021.04.17,22:35:55.04,36.426,27.0955,8.3,0.0,2021-04-17 22:35:55.040,98.72383333333333
2021.04.17,20:57:11.61,36.461,27.0763,8.6,4.2,2021-04-17 20:57:11.610,108.80683333333333
2021.04.17,19:08:23.20,36.417,27.0063,7.9,4.1,2021-04-17 19:08:23.200,120.3695
2021.04.17,17:08:01.03,36.4248,27.0793,8.6,5.0,2021-04-17 17:08:01.030,111.04866666666666
2021.04.17,15:16:58.11,36.4175,27.1578,10.9,3.8,2021-04-17 15:16:58.110,147.55949999999999
2021.04.17,12:49:24.54,36.4783,27.0607,1.5,0.0,2021-04-17 12:49:24.540,400.89616666666666
2021.04.17,06:08:30.77,38.8248,25.7688,10.0,0.0,2021-04-17 06:08:30.770,2273.0546666666664
2021.04.15,16:15:27.49,36.4713,27.026,4.6,3.7,2021-04-15 16:15:27.490,725.1263333333334
2021.04.15,04:10:19.91,39.301,26.0888,7.4,4.0,2021-04-15 04:10:19.910,76.30366666666667
2021.04.15,02:54:01.69,37.8305,26.7372,7.2,3.9,2021-04-15 02:54:01.690,1602.8805
2021.04.14,00:11:08.86,36.4633,27.1453,5.4,3.8,2021-04-14 00:11:08.860,203.27816666666666
2021.04.13,20:47:52.17,36.4847,27.1042,2.4,3.4,2021-04-13 20:47:52.170,19.812666666666665
2021.04.13,20:28:03.41,36.5012,27.0728,8.9,5.3,2021-04-13 20:28:03.410,29.291333333333334
2021.04.13,19:58:45.93,37.4682,30.3648,5.4,3.5,2021-04-13 19:58:45.930,4289.1776666666665
2021.04.10,20:29:35.27,36.4713,27.0928,5.4,0.0,2021-04-10 20:29:35.270,180.89083333333335
2021.04.10,17:28:41.82,36.4592,27.166,8.1,3.9,2021-04-10 17:28:41.820,575.462
2021.04.10,07:53:14.10,37.6068,30.0493,5.0,3.7,2021-04-10 07:53:14.100,462.2426666666667
2021.04.10,00:10:59.54,36.5002,27.052,7.9,3.9,2021-04-10 00:10:59.540,391.3085
2021.04.09,17:39:41.03,36.5322,27.2847,1.4,3.5,2021-04-09 17:39:41.030,17.994500000000002
2021.04.09,17:21:41.36,36.4367,27.2597,4.9,3.9,2021-04-09 17:21:41.360,1558.6
2021.04.08,15:23:05.36,36.4425,27.0947,1.8,4.5,2021-04-08 15:23:05.360,862.2738333333333
2021.04.08,01:00:48.93,36.4575,27.0992,9.0,3.9,2021-04-08 01:00:48.930,27.009666666666664
2021.04.08,00:33:48.35,36.4475,27.101,7.5,4.6,2021-04-08 00:33:48.350,118.71700000000001
2021.04.07,22:35:05.33,36.4485,27.1633,5.0,4.0,2021-04-07 22:35:05.330,40.16233333333333
2021.04.07,21:54:55.59,36.4418,27.0797,5.0,4.2,2021-04-07 21:54:55.590,628.287
2021.04.07,11:26:38.37,36.4643,27.114,5.4,3.7,2021-04-07 11:26:38.370,258.3623333333333
2021.04.07,07:08:16.63,36.4677,27.118,5.0,4.1,2021-04-07 07:08:16.630,12.706833333333332
2021.04.07,06:55:34.22,36.4793,27.1595,5.0,4.1,2021-04-07 06:55:34.220,655.7795
2021.04.06,19:59:47.45,38.9653,26.0303,8.7,3.7,2021-04-06 19:59:47.450,611.0708333333333
2021.04.06,09:48:43.20,37.6082,30.0173,6.2,3.5,2021-04-06 09:48:43.200,5504.652166666667
2021.04.02,14:04:04.07,37.793,27.1305,6.9,3.6,2021-04-02 14:04:04.070,75.3915
2021.04.02,12:48:40.58,39.5483,24.007,25.4,3.6,2021-04-02 12:48:40.580,3834.6538333333333
2021.03.30,20:54:01.35,37.8915,27.1335,4.2,3.4,2021-03-30 20:54:01.350,3327.4841666666666
2021.03.28,13:26:32.30,38.9575,26.0637,5.0,3.5,2021-03-28 13:26:32.300,520.2571666666666
2021.03.28,04:46:16.87,38.8995,26.0152,8.6,3.4,2021-03-28 04:46:16.870,4240.6595
2021.03.25,06:05:37.30,39.9757,24.2328,29.3,3.5,2021-03-25 06:05:37.300,4831.6805
2021.03.21,21:33:56.47,40.5163,28.153,7.7,3.5,2021-03-21 21:33:56.470,7695.526
2021.03.16,13:18:24.91,37.5948,30.0967,2.9,3.7,2021-03-16 13:18:24.910,2122.615166666667
2021.03.15,01:55:48.00,37.1548,28.7873,6.4,4.1,2021-03-15 01:55:48.000,15341.616666666667
2021.03.04,10:14:11.00,40.0882,24.84,4.8,3.7,2021-03-04 10:14:11.000,8491.598333333333
2021.02.26,12:42:35.10,37.8343,26.8327,2.6,3.5,2021-02-26 12:42:35.100,4647.076
2021.02.23,07:15:30.54,38.935,26.0017,11.1,3.8,2021-02-23 07:15:30.540,3832.1383333333333
2021.02.20,15:23:22.24,38.9403,25.9792,6.4,3.7,2021-02-20 15:23:22.240,942.8523333333334
2021.02.19,23:40:31.10,38.4712,25.4002,16.3,3.5,2021-02-19 23:40:31.100,2675.9914999999996
2021.02.18,03:04:31.61,38.1482,23.441,13.5,3.7,2021-02-18 03:04:31.610,2680.3691666666664
2021.02.16,06:24:09.46,38.9698,25.934,11.6,4.0,2021-02-16 06:24:09.460,1269.4248333333335
2021.02.15,09:14:43.97,40.2298,25.1232,11.0,4.1,2021-02-15 09:14:43.970,726.4838333333333
2021.02.14,21:08:14.94,38.1803,30.042,5.0,4.0,2021-02-14 21:08:14.940,3188.5875
2021.02.12,15:59:39.69,39.6865,23.4583,5.4,3.8,2021-02-12 15:59:39.690,4.969666666666667
2021.02.12,15:54:41.51,39.7058,23.618,10.2,3.7,2021-02-12 15:54:41.510,351.47016666666667
2021.02.12,10:03:13.30,37.8663,26.8685,6.1,3.5,2021-02-12 10:03:13.300,879.6745
2021.02.11,19:23:32.83,37.9087,26.6278,13.0,3.9,2021-02-11 19:23:32.830,335.42483333333337
2021.02.11,13:48:07.34,38.8672,26.8122,11.4,3.8,2021-02-11 13:48:07.340,302.63933333333335
2021.02.11,08:45:28.98,38.8523,26.823,13.2,3.8,2021-02-11 08:45:28.980,2954.9056666666665
2021.02.09,07:30:34.64,37.7672,26.4,7.5,4.2,2021-02-09 07:30:34.640,968.8943333333334
2021.02.08,15:21:40.98,38.939,26.0213,7.4,3.7,2021-02-08 15:21:40.980,2698.889333333333
2021.02.06,18:22:47.62,38.9428,26.0568,8.7,4.1,2021-02-06 18:22:47.620,133.544
2021.02.06,16:09:14.98,38.9412,26.0557,9.2,4.2,2021-02-06 16:09:14.980,1945.2198333333333
2021.02.05,07:44:01.79,38.9535,26.0542,10.2,3.7,2021-02-05 07:44:01.790,2440.2071666666666
2021.02.03,15:03:49.36,38.9587,26.0917,8.9,3.6,2021-02-03 15:03:49.360,1805.3228333333332
2021.02.02,08:58:29.99,38.9487,26.0517,11.5,3.7,2021-02-02 08:58:29.990,732.2465
2021.02.01,20:46:15.20,38.9765,26.044,13.5,4.7,2021-02-01 20:46:15.200,214.66616666666667
2021.02.01,17:11:35.23,38.9807,26.0425,15.7,3.8,2021-02-01 17:11:35.230,52.1915
2021.02.01,16:19:23.74,38.9825,26.0338,5.9,3.8,2021-02-01 16:19:23.740,117.4565
2021.02.01,14:21:56.35,38.9597,26.0443,9.3,3.7,2021-02-01 14:21:56.350,67.5
2021.02.01,13:14:26.35,38.9702,26.0453,7.1,3.5,2021-02-01 13:14:26.350,4.188166666666667
2021.02.01,13:10:15.06,38.9488,26.061,10.0,4.7,2021-02-01 13:10:15.060,90.92266666666666
2021.02.01,11:39:19.70,38.981,26.0822,9.1,3.8,2021-02-01 11:39:19.700,116.74733333333333
2021.02.01,09:42:34.86,38.9668,26.0787,8.3,3.9,2021-02-01 09:42:34.860,29.945
2021.02.01,09:12:38.16,38.9893,26.0285,6.9,3.3,2021-02-01 09:12:38.160,37.358666666666664
2021.02.01,08:35:16.64,38.9607,26.0202,13.7,5.2,2021-02-01 08:35:16.640,43.350166666666674
2021.02.01,07:51:55.63,38.9618,26.0238,5.0,3.5,2021-02-01 07:51:55.630,6.915
2021.02.01,07:45:00.73,38.9838,26.0472,5.1,3.5,2021-02-01 07:45:00.730,70.83316666666666
2021.02.01,06:34:10.74,38.9638,26.0427,6.7,4.0,2021-02-01 06:34:10.740,34.1025
2021.02.01,06:00:04.59,38.9557,26.0568,11.0,4.6,2021-02-01 06:00:04.590,12.1945
2021.02.01,05:47:52.92,38.9773,26.0743,5.0,4.9,2021-02-01 05:47:52.920,1.0185
2021.02.01,05:46:51.81,38.9535,26.0643,13.7,4.9,2021-02-01 05:46:51.810,43.46566666666667
2021.02.01,05:03:23.87,38.9748,26.0442,8.1,4.1,2021-02-01 05:03:23.870,3688.5396666666666
2021.01.29,15:34:51.49,37.8638,26.7743,2.5,3.4,2021-01-29 15:34:51.490,8413.303666666667
2021.01.23,19:21:33.27,37.8725,26.7343,6.2,0.0,2021-01-23 19:21:33.270,3292.9798333333333
2021.01.21,12:28:34.48,36.7595,28.1688,67.7,3.4,2021-01-21 12:28:34.480,572.1876666666667
2021.01.21,02:56:23.22,37.8437,26.7553,9.3,3.8,2021-01-21 02:56:23.220,198.44666666666666
2021.01.20,23:37:56.42,37.8667,26.7638,14.5,4.7,2021-01-20 23:37:56.420,4.080333333333333
2021.01.20,23:33:51.60,37.8767,26.7892,1.2,3.7,2021-01-20 23:33:51.600,5.494666666666666
2021.01.20,23:28:21.92,37.8653,26.7432,8.9,4.0,2021-01-20 23:28:21.920,172.71433333333334
2021.01.20,20:35:39.06,36.0615,28.141,23.7,0.0,2021-01-20 20:35:39.060,2634.529666666667
2021.01.19,00:41:07.28,37.0553,29.0795,2.7,4.1,2021-01-19 00:41:07.280,2440.223833333333
2021.01.17,08:00:53.85,38.2005,25.7605,12.2,3.7,2021-01-17 08:00:53.850,2320.7341666666666
2021.01.15,17:20:09.80,37.8593,26.93,7.6,3.9,2021-01-15 17:20:09.800,4969.582333333334
2021.01.12,06:30:34.86,37.7303,29.1925,2.8,3.8,2021-01-12 06:30:34.860,6057.006166666667
2021.01.08,01:33:34.49,37.8792,29.2478,1.4,4.2,2021-01-08 01:33:34.490,47.299
2021.01.08,00:46:16.55,37.8915,29.2332,7.0,3.8,2021-01-08 00:46:16.550,24.850666666666665
2021.01.08,00:21:25.51,37.8917,29.2248,3.8,3.7,2021-01-08 00:21:25.510,1403.1823333333334
2021.01.07,00:58:14.57,40.1815,25.0542,6.7,4.2,2021-01-07 00:58:14.570,5025.154500000001
2021.01.03,13:13:05.30,38.4627,25.4698,5.3,3.5,2021-01-03 13:13:05.300,2087.6953333333336
2021.01.02,02:25:23.58,37.9103,26.6052,17.5,3.7,2021-01-02 02:25:23.580,2973.9273333333335
2020.12.31,00:51:27.94,37.8435,26.7775,8.0,3.7,2020-12-31 00:51:27.940,366.2525
2020.12.30,18:45:12.79,36.4918,28.7092,5.0,3.9,2020-12-30 18:45:12.790,305.0095
2020.12.30,13:40:12.22,37.796,26.4165,14.4,4.3,2020-12-30 13:40:12.220,2657.5718333333334
2020.12.28,17:22:37.91,39.5238,23.8948,22.1,3.6,2020-12-28 17:22:37.910,2048.7066666666665
2020.12.27,07:13:55.51,36.475,28.7852,2.8,4.0,2020-12-27 07:13:55.510,4920.2195
2020.12.23,21:13:42.34,36.5213,28.695,13.1,3.7,2020-12-23 21:13:42.340,607.2115
2020.12.23,11:06:29.65,37.8888,27.6075,3.2,3.7,2020-12-23 11:06:29.650,3723.7436666666667
2020.12.20,21:02:45.03,38.955,23.3567,11.8,4.0,2020-12-20 21:02:45.030,1068.0888333333335
2020.12.20,03:14:39.70,37.126,28.5738,10.8,4.0,2020-12-20 03:14:39.700,781.153
2020.12.19,14:13:30.52,39.7553,23.5407,24.2,4.2,2020-12-19 14:13:30.520,9167.769999999999
2020.12.13,05:25:44.32,37.683,27.0502,6.8,3.5,2020-12-13 05:25:44.320,2327.9165
2020.12.11,14:37:49.33,39.9973,28.2088,10.2,3.9,2020-12-11 14:37:49.330,2083.1098333333334
2020.12.10,03:54:42.74,37.832,26.938,11.5,3.6,2020-12-10 03:54:42.740,1249.8153333333332
2020.12.09,07:04:53.82,38.8243,24.361,5.0,3.5,2020-12-09 07:04:53.820,380.74666666666667
2020.12.09,00:44:09.02,37.8425,26.9593,12.6,3.7,2020-12-09 00:44:09.020,32.716
2020.12.09,00:11:26.06,39.5463,28.2153,5.3,3.3,2020-12-09 00:11:26.060,4160.775833333333
2020.12.06,02:50:39.51,38.004,26.0613,9.3,3.9,2020-12-06 02:50:39.510,2476.4145
2020.12.04,09:34:14.64,37.8113,26.7922,4.6,4.1,2020-12-04 09:34:14.640,307.8875
2020.12.04,04:26:21.39,37.8667,26.8972,6.6,3.5,2020-12-04 04:26:21.390,41.8285
2020.12.04,03:44:31.68,39.2773,27.7873,8.2,3.5,2020-12-04 03:44:31.680,2449.5945
2020.12.02,10:54:56.01,38.3255,23.441,6.8,4.7,2020-12-02 10:54:56.010,934.9
2020.12.01,19:20:02.01,37.836,26.9603,5.4,3.8,2020-12-01 19:20:02.010,3144.2925
2020.11.29,14:55:44.46,37.8477,26.9492,7.6,3.3,2020-11-29 14:55:44.460,5290.7761666666665
2020.11.25,22:44:57.89,37.3465,24.447,2.3,3.3,2020-11-25 22:44:57.890,1245.9985000000001
2020.11.25,01:58:57.98,37.8875,26.9362,7.2,3.4,2020-11-25 01:58:57.980,7058.273666666666
2020.11.20,04:20:41.56,40.4272,28.957,4.8,3.6,2020-11-20 04:20:41.560,186.7985
2020.11.20,01:13:53.65,37.9173,26.653,6.5,3.7,2020-11-20 01:13:53.650,15.132666666666667
2020.11.20,00:58:45.69,37.8567,26.9947,7.3,3.7,2020-11-20 00:58:45.690,2997.8695000000002
2020.11.17,23:00:53.52,37.7053,27.0598,4.2,3.8,2020-11-17 23:00:53.520,301.0473333333333
2020.11.17,17:59:50.68,38.0288,27.078,5.2,3.5,2020-11-17 17:59:50.680,1021.5971666666667
2020.11.17,00:58:14.85,37.7893,26.4483,10.2,3.6,2020-11-17 00:58:14.850,1951.6506666666667
2020.11.15,16:26:35.81,37.7822,26.3637,6.8,3.5,2020-11-15 16:26:35.810,3573.2793333333334
2020.11.13,04:53:19.05,37.8267,26.979,14.0,3.5,2020-11-13 04:53:19.050,1519.0635
2020.11.12,03:34:15.24,37.8145,26.879,7.1,3.6,2020-11-12 03:34:15.240,1244.4973333333332
2020.11.11,06:49:45.40,37.8527,26.968,8.0,4.5,2020-11-11 06:49:45.400,453.3763333333334
2020.11.10,23:16:22.82,37.8477,26.9932,5.8,3.3,2020-11-10 23:16:22.820,1251.1695
2020.11.10,02:25:12.65,39.0083,27.1558,8.2,0.0,2020-11-10 02:25:12.650,354.2196666666667
2020.11.09,20:30:59.47,37.8873,27.0013,11.8,4.1,2020-11-09 20:30:59.470,374.3818333333333
2020.11.09,14:16:36.56,39.7522,23.6315,26.9,3.9,2020-11-09 14:16:36.560,462.1323333333333
2020.11.09,06:34:28.62,40.0812,24.4253,10.5,3.8,2020-11-09 06:34:28.620,133.90083333333334
2020.11.09,04:20:34.57,37.8535,26.7525,9.6,3.7,2020-11-09 04:20:34.570,623.7398333333333
2020.11.08,17:56:50.18,37.8835,26.6113,9.9,3.7,2020-11-08 17:56:50.180,344.916
2020.11.08,12:11:55.22,39.59,23.4045,12.1,4.2,2020-11-08 12:11:55.220,292.12833333333333
2020.11.08,07:19:47.52,39.443,23.6795,8.4,3.6,2020-11-08 07:19:47.520,977.3875
2020.11.07,15:02:24.27,37.8598,26.445,12.0,3.5,2020-11-07 15:02:24.270,206.2625
2020.11.07,11:36:08.52,37.8775,26.9697,9.5,3.5,2020-11-07 11:36:08.520,878.7003333333333
2020.11.06,20:57:26.50,37.7532,26.005,1.9,4.1,2020-11-06 20:57:26.500,135.51283333333333
2020.11.06,18:41:55.73,40.0212,24.3768,10.4,3.6,2020-11-06 18:41:55.730,83.96866666666666
2020.11.06,17:17:57.61,37.9368,26.9403,7.5,3.8,2020-11-06 17:17:57.610,106.8035
2020.11.06,15:31:09.40,37.8653,26.8663,5.0,4.0,2020-11-06 15:31:09.400,531.7546666666666
2020.11.06,06:39:24.12,37.8853,26.9305,12.6,3.4,2020-11-06 06:39:24.120,301.91416666666663
2020.11.06,01:37:29.27,37.8538,26.9752,7.3,3.5,2020-11-06 01:37:29.270,147.83416666666665
2020.11.05,23:09:39.22,37.915,26.6635,7.2,3.5,2020-11-05 23:09:39.220,0.3813333333333333
2020.11.05,23:09:16.34,37.9228,26.966,21.8,3.5,2020-11-05 23:09:16.340,49.616166666666665
2020.11.05,22:19:39.37,37.8472,26.8793,11.3,4.0,2020-11-05 22:19:39.370,3.295666666666667
2020.11.05,22:16:21.63,39.8262,23.6522,6.8,4.5,2020-11-05 22:16:21.630,199.38
2020.11.05,18:56:58.83,37.8728,26.9445,12.6,3.5,2020-11-05 18:56:58.830,45.82066666666666
2020.11.05,18:11:09.59,37.874,26.9045,9.3,3.7,2020-11-05 18:11:09.590,331.03916666666663
2020.11.05,12:40:07.24,37.867,27.2913,7.6,3.6,2020-11-05 12:40:07.240,37.64183333333334
2020.11.05,12:02:28.73,37.8043,26.934,8.4,3.6,2020-11-05 12:02:28.730,315.421
2020.11.05,06:47:03.47,37.8517,26.5018,10.7,3.8,2020-11-05 06:47:03.470,60.3025
2020.11.05,05:46:45.32,40.8353,28.3002,7.3,3.6,2020-11-05 05:46:45.320,141.0735
2020.11.05,03:25:40.91,37.8533,26.9293,8.9,3.6,2020-11-05 03:25:40.910,844.1696666666667
2020.11.04,13:21:30.73,37.5965,26.8732,5.0,3.8,2020-11-04 13:21:30.730,657.2311666666667
2020.11.04,02:24:16.86,37.7225,27.0305,4.1,3.7,2020-11-04 02:24:16.860,148.11116666666666
2020.11.03,23:56:10.19,37.7343,27.0205,4.1,3.5,2020-11-03 23:56:10.190,18.433333333333334
2020.11.03,23:37:44.19,37.751,27.0225,4.7,3.5,2020-11-03 23:37:44.190,0.7170000000000001
2020.11.03,23:37:01.17,37.7487,27.0305,5.4,3.5,2020-11-03 23:37:01.170,19.905166666666666
2020.11.03,23:17:06.86,37.7148,26.9975,5.4,4.0,2020-11-03 23:17:06.860,161.51000000000002
2020.11.03,20:35:36.26,37.8593,26.423,14.4,3.9,2020-11-03 20:35:36.260,151.61183333333332
2020.11.03,18:03:59.55,37.8757,26.4495,9.9,3.7,2020-11-03 18:03:59.550,751.1213333333333
2020.11.03,05:32:52.27,37.8165,26.9932,8.2,3.3,2020-11-03 05:32:52.270,593.6706666666666
2020.11.02,19:39:12.03,37.7183,27.0262,10.7,3.6,2020-11-02 19:39:12.030,22.565
2020.11.02,19:16:38.13,37.832,26.4487,22.1,4.2,2020-11-02 19:16:38.130,130.91833333333335
2020.11.02,17:05:43.03,37.8323,26.8272,5.1,3.6,2020-11-02 17:05:43.030,26.490000000000002
2020.11.02,16:39:13.63,37.7378,27.032,11.1,3.5,2020-11-02 16:39:13.630,61.725500000000004
2020.11.02,15:37:30.10,37.6425,26.9635,6.0,3.5,2020-11-02 15:37:30.100,28.389833333333335
2020.11.02,15:09:06.71,37.7418,27.0255,8.5,0.0,2020-11-02 15:09:06.710,15.051333333333334
2020.11.02,14:54:03.63,37.7253,27.0342,6.9,3.5,2020-11-02 14:54:03.630,143.39483333333334
2020.11.02,12:30:39.94,37.8247,26.7088,9.0,3.6,2020-11-02 12:30:39.940,32.61266666666667
2020.11.02,11:58:03.18,37.8743,26.9135,8.2,4.3,2020-11-02 11:58:03.180,240.95566666666667
2020.11.02,07:57:05.84,38.1567,27.3273,4.7,3.7,2020-11-02 07:57:05.840,94.78533333333333
2020.11.02,06:22:18.72,38.3708,27.6503,7.9,3.6,2020-11-02 06:22:18.720,112.17933333333333
2020.11.02,04:30:07.96,37.8115,26.7153,8.6,3.7,2020-11-02 04:30:07.960,933.0875
2020.11.01,12:57:02.71,37.8532,26.8457,8.9,4.1,2020-11-01 12:57:02.710,257.3326666666666
2020.11.01,08:39:42.75,37.8543,26.898,5.0,3.7,2020-11-01 08:39:42.750,6.494666666666666
2020.11.01,08:33:13.07,37.8088,26.8782,1.2,3.9,2020-11-01 08:33:13.070,60.094166666666666
2020.11.01,07:33:07.42,37.812,26.8845,11.1,4.3,2020-11-01 07:33:07.420,27.916833333333333
2020.11.01,07:05:12.41,37.811,26.9597,8.6,4.4,2020-11-01 07:05:12.410,57.748333333333335
2020.11.01,06:07:27.51,37.7848,26.9372,8.4,3.6,2020-11-01 06:07:27.510,40.36866666666666
2020.11.01,05:27:05.39,37.8473,26.9128,5.9,3.9,2020-11-01 05:27:05.390,33.825833333333335
2020.11.01,04:53:15.84,37.8587,26.4925,5.6,3.9,2020-11-01 04:53:15.840,133.585
2020.11.01,02:39:40.74,37.8513,26.8792,3.9,3.5,2020-11-01 02:39:40.740,14.796
2020.11.01,02:24:52.98,37.8472,26.4175,6.3,3.8,2020-11-01 02:24:52.980,3.7348333333333334
2020.11.01,02:21:08.89,37.839,26.4117,6.5,4.0,2020-11-01 02:21:08.890,46.228500000000004
2020.11.01,01:34:55.18,38.9415,27.1503,8.4,3.5,2020-11-01 01:34:55.180,56.452
2020.11.01,00:38:28.06,37.864,26.9553,13.2,3.6,2020-11-01 00:38:28.060,83.92983333333333
2020.10.31,23:14:32.27,37.8578,26.402,8.8,3.9,2020-10-31 23:14:32.270,0.37783333333333335
2020.10.31,23:14:09.60,37.6913,27.0347,17.5,3.8,2020-10-31 23:14:09.600,48.217666666666666
2020.10.31,22:25:56.54,37.878,26.9392,8.6,3.9,2020-10-31 22:25:56.540,12.676333333333334
2020.10.31,22:13:15.96,37.8647,26.9357,5.0,3.9,2020-10-31 22:13:15.960,7.556
2020.10.31,22:05:42.60,37.8302,26.9055,14.8,3.8,2020-10-31 22:05:42.600,4.535
2020.10.31,22:01:10.50,37.8237,26.9135,8.3,3.7,2020-10-31 22:01:10.500,17.771333333333335
2020.10.31,21:43:24.22,37.8242,26.7865,6.7,3.5,2020-10-31 21:43:24.220,65.5565
2020.10.31,20:37:50.83,37.7798,27.0118,10.5,3.7,2020-10-31 20:37:50.830,25.075499999999998
2020.10.31,20:12:46.30,37.778,27.0158,4.5,3.5,2020-10-31 20:12:46.300,23.642333333333333
2020.10.31,19:49:07.76,37.7937,27.0307,6.7,3.8,2020-10-31 19:49:07.760,17.6175
2020.10.31,19:31:30.71,37.7822,27.0125,2.6,3.8,2020-10-31 19:31:30.710,14.21
2020.10.31,19:17:18.11,37.8482,26.4468,7.9,3.7,2020-10-31 19:17:18.110,92.12466666666666
2020.10.31,17:45:10.63,37.8602,26.994,8.6,3.9,2020-10-31 17:45:10.630,2.9883333333333337
2020.10.31,17:42:11.33,37.7893,26.4335,12.4,3.6,2020-10-31 17:42:11.330,94.70616666666666
2020.10.31,16:07:28.96,37.8758,26.9637,9.1,3.6,2020-10-31 16:07:28.960,1.2553333333333332
2020.10.31,16:06:13.64,37.9095,26.7008,9.4,4.0,2020-10-31 16:06:13.640,33.42583333333333
2020.10.31,15:32:48.09,37.8448,26.8453,6.5,3.5,2020-10-31 15:32:48.090,36.23133333333333
2020.10.31,14:56:34.21,37.8233,26.9077,8.3,3.4,2020-10-31 14:56:34.210,13.836333333333332
2020.10.31,14:42:44.03,37.8847,26.4667,4.1,4.3,2020-10-31 14:42:44.030,125.68033333333332
2020.10.31,12:37:03.21,37.8883,26.5942,8.5,3.9,2020-10-31 12:37:03.210,0.7208333333333333
2020.10.31,12:36:19.96,37.8428,26.9223,10.5,3.9,2020-10-31 12:36:19.960,69.51966666666667
2020.10.31,11:26:48.78,37.8053,26.8628,1.9,3.5,2020-10-31 11:26:48.780,2.341333333333333
2020.10.31,11:24:28.30,37.8478,26.9258,5.6,3.7,2020-10-31 11:24:28.300,20.7785
2020.10.31,11:03:41.59,37.908,26.9632,5.5,3.4,2020-10-31 11:03:41.590,136.709
2020.10.31,08:46:59.05,37.8548,26.4677,8.8,4.0,2020-10-31 08:46:59.050,5.131833333333334
2020.10.31,08:41:51.14,37.887,26.9318,10.1,4.0,2020-10-31 08:41:51.140,3.1736666666666666
2020.10.31,08:38:40.72,37.83,26.915,11.3,3.7,2020-10-31 08:38:40.720,2.0456666666666665
2020.10.31,08:36:37.98,37.8527,26.7617,15.3,3.9,2020-10-31 08:36:37.980,66.91283333333334
2020.10.31,07:29:43.21,37.8053,26.4675,11.1,3.5,2020-10-31 07:29:43.210,36.9645
2020.10.31,06:52:45.34,37.8313,26.826,13.1,3.5,2020-10-31 06:52:45.340,18.113999999999997
2020.10.31,06:34:38.50,37.8403,26.9322,8.9,3.7,2020-10-31 06:34:38.500,31.4305
2020.10.31,06:03:12.67,37.8168,26.7897,8.6,3.4,2020-10-31 06:03:12.670,31.727666666666668
2020.10.31,05:31:29.01,37.8073,26.7305,5.0,5.1,2020-10-31 05:31:29.010,9.218333333333334
2020.10.31,05:22:15.91,37.8058,26.7968,3.0,3.8,2020-10-31 05:22:15.910,54.01083333333334
2020.10.31,04:28:15.26,37.798,26.9033,12.4,3.6,2020-10-31 04:28:15.260,14.612833333333333
2020.10.31,04:13:38.49,37.9088,26.5217,17.6,4.0,2020-10-31 04:13:38.490,0.7215
2020.10.31,04:12:55.20,37.8632,26.4527,3.9,3.9,2020-10-31 04:12:55.200,65.54133333333333
2020.10.31,03:07:22.72,37.819,26.8798,6.2,3.4,2020-10-31 03:07:22.720,26.258666666666667
2020.10.31,02:41:07.20,37.88,26.5152,9.4,3.7,2020-10-31 02:41:07.200,1.788
2020.10.31,02:39:19.92,37.8642,26.4442,9.4,3.7,2020-10-31 02:39:19.920,28.912666666666667
2020.10.31,02:10:25.16,37.8318,26.7598,19.0,4.2,2020-10-31 02:10:25.160,10.577499999999999
2020.10.31,01:59:50.51,37.8325,26.996,5.4,3.8,2020-10-31 01:59:50.510,19.325833333333332
2020.10.31,01:40:30.96,37.8242,26.4413,5.1,4.2,2020-10-31 01:40:30.960,8.007
2020.10.31,01:32:30.54,37.8967,26.5218,7.7,3.5,2020-10-31 01:32:30.540,2.5058333333333334
2020.10.31,01:30:00.19,37.8303,26.3565,5.4,3.5,2020-10-31 01:30:00.190,29.270666666666667
2020.10.31,01:00:43.95,37.8817,26.4575,9.1,3.5,2020-10-31 01:00:43.950,7.7508333333333335
2020.10.31,00:52:58.90,37.865,26.4875,9.0,3.7,2020-10-31 00:52:58.900,3.8681666666666668
2020.10.31,00:49:06.81,37.8782,26.4685,14.0,3.6,2020-10-31 00:49:06.810,28.259999999999998
2020.10.31,00:20:51.21,37.8093,26.966,15.6,4.1,2020-10-31 00:20:51.210,16.512833333333333
2020.10.31,00:04:20.44,37.8722,26.4495,6.3,3.5,2020-10-31 00:04:20.440,18.673000000000002
2020.10.30,23:45:40.06,37.8548,26.8603,3.4,3.7,2020-10-30 23:45:40.060,12.246666666666666
2020.10.30,23:33:25.26,37.863,26.8668,10.7,4.1,2020-10-30 23:33:25.260,14.238166666666666
2020.10.30,23:19:10.97,37.7945,26.4662,5.4,3.9,2020-10-30 23:19:10.970,9.638166666666667
2020.10.30,23:09:32.68,37.8963,26.9132,7.5,4.0,2020-10-30 23:09:32.680,4.049333333333333
2020.10.30,23:05:29.72,37.7913,26.8512,8.1,4.0,2020-10-30 23:05:29.720,12.140833333333335
2020.10.30,22:53:21.27,37.8255,26.7472,6.3,4.2,2020-10-30 22:53:21.270,1.8351666666666666
2020.10.30,22:51:31.16,37.8447,26.8212,4.0,3.7,2020-10-30 22:51:31.160,14.381166666666667
2020.10.30,22:37:08.29,37.825,26.8938,8.5,4.0,2020-10-30 22:37:08.290,50.718833333333336
2020.10.30,21:46:25.16,37.8138,26.7977,8.1,3.9,2020-10-30 21:46:25.160,5.057333333333333
2020.10.30,21:41:21.72,37.865,26.9847,5.0,4.1,2020-10-30 21:41:21.720,65.95283333333333
2020.10.30,20:35:24.55,37.7758,26.5043,7.4,4.1,2020-10-30 20:35:24.550,7.901166666666667
2020.10.30,20:27:30.48,37.8598,26.76,7.7,3.5,2020-10-30 20:27:30.480,0.45616666666666666
2020.10.30,20:27:03.11,37.8868,26.7858,17.5,3.6,2020-10-30 20:27:03.110,2.2978333333333336
2020.10.30,20:24:45.24,37.8608,26.9105,7.1,3.5,2020-10-30 20:24:45.240,52.39816666666666
2020.10.30,19:32:21.35,37.851,26.8483,7.0,3.7,2020-10-30 19:32:21.350,8.6015
2020.10.30,19:23:45.26,37.8963,26.9397,12.9,3.4,2020-10-30 19:23:45.260,14.073166666666667
2020.10.30,19:09:40.87,37.9103,26.4887,1.6,4.2,2020-10-30 19:09:40.870,0.7454999999999999
2020.10.30,19:08:56.14,37.8648,26.4448,4.1,4.2,2020-10-30 19:08:56.140,3.9013333333333335
2020.10.30,19:05:02.06,37.8712,26.9948,5.4,0.0,2020-10-30 19:05:02.060,2.567333333333333
2020.10.30,19:02:28.02,37.9145,26.51,6.6,4.1,2020-10-30 19:02:28.020,3.222
2020.10.30,18:59:14.70,37.8748,26.4183,7.1,3.8,2020-10-30 18:59:14.700,12.107666666666667
2020.10.30,18:47:08.24,37.8807,26.976,7.2,3.7,2020-10-30 18:47:08.240,30.99116666666667
2020.10.30,18:16:08.77,37.8817,26.9725,5.4,3.9,2020-10-30 18:16:08.770,28.997333333333334
2020.10.30,17:47:08.93,37.8978,26.9525,4.3,3.8,2020-10-30 17:47:08.930,31.080666666666666
2020.10.30,17:16:04.09,37.8683,27.004,5.2,0.0,2020-10-30 17:16:04.090,15.223833333333333
2020.10.30,17:00:50.66,37.8543,26.9138,3.0,3.4,2020-10-30 17:00:50.660,11.611666666666668
2020.10.30,16:49:13.96,37.7758,26.7713,7.5,3.9,2020-10-30 16:49:13.960,1.2581666666666667
2020.10.30,16:47:58.47,37.8917,26.9128,7.1,3.8,2020-10-30 16:47:58.470,6.666333333333333
2020.10.30,16:41:18.49,37.8405,26.4813,9.1,3.6,2020-10-30 16:41:18.490,1.028
2020.10.30,16:40:16.81,37.859,26.964,2.2,3.9,2020-10-30 16:40:16.810,2.863
2020.10.30,16:37:25.03,37.8577,26.8763,7.3,3.8,2020-10-30 16:37:25.030,8.631833333333333
2020.10.30,16:28:47.12,37.7977,26.8295,8.5,3.8,2020-10-30 16:28:47.120,10.333666666666666
2020.10.30,16:18:27.10,37.6313,27.1297,3.5,4.0,2020-10-30 16:18:27.100,52.55283333333333
2020.10.30,15:25:53.93,37.9092,26.9422,9.5,3.8,2020-10-30 15:25:53.930,1.324
2020.10.30,15:24:34.49,37.8872,26.8612,7.5,0.0,2020-10-30 15:24:34.490,2.1311666666666667
2020.10.30,15:22:26.62,37.8565,26.9013,5.0,3.8,2020-10-30 15:22:26.620,2.3318333333333334
2020.10.30,15:20:06.71,37.8828,26.8653,4.7,0.0,2020-10-30 15:20:06.710,0.8424999999999999
2020.10.30,15:19:16.16,37.8097,26.8585,10.3,4.5,2020-10-30 15:19:16.160,1.6586666666666665
2020.10.30,15:17:36.64,37.8933,26.8768,3.8,0.0,2020-10-30 15:17:36.640,2.6733333333333333
2020.10.30,15:14:56.24,37.8342,26.8578,13.2,5.1,2020-10-30 15:14:56.240,3.68
2020.10.30,15:11:15.44,37.8933,26.8703,7.9,3.6,2020-10-30 15:11:15.440,2.6236666666666664
2020.10.30,15:08:38.02,37.8267,26.9738,9.8,3.6,2020-10-30 15:08:38.020,1.8543333333333334
2020.10.30,15:06:46.76,37.8417,26.8188,6.2,3.8,2020-10-30 15:06:46.760,1.0083333333333333
2020.10.30,15:05:46.26,37.8268,26.8653,6.6,3.7,2020-10-30 15:05:46.260,2.239
2020.10.30,15:03:31.92,37.8775,26.9243,7.9,3.8,2020-10-30 15:03:31.920,1.9901666666666666
2020.10.30,15:01:32.51,37.8743,26.8475,5.3,3.9,2020-10-30 15:01:32.510,7.3678333333333335
2020.10.30,14:54:10.44,37.8542,26.7848,7.0,3.8,2020-10-30 14:54:10.440,6.4943333333333335
2020.10.30,14:47:40.78,37.8663,26.892,5.0,3.7,2020-10-30 14:47:40.780,1.6015000000000001
2020.10.30,14:46:04.69,37.8438,26.8777,7.6,4.1,2020-10-30 14:46:04.690,10.701333333333334
2020.10.30,14:35:22.61,37.8843,26.8998,4.7,3.7,2020-10-30 14:35:22.610,10.433333333333334
2020.10.30,14:24:56.61,37.8188,26.8927,12.1,3.8,2020-10-30 14:24:56.610,4.665333333333334
2020.10.30,14:20:16.69,37.7177,26.4283,17.2,3.6,2020-10-30 14:20:16.690,16.051666666666666
2020.10.30,14:04:13.59,37.8442,26.8462,4.2,3.5,2020-10-30 14:04:13.590,3.1325
2020.10.30,14:01:05.64,37.8615,26.8577,5.0,3.9,2020-10-30 14:01:05.640,3.542333333333333
2020.10.30,13:57:33.10,37.8357,26.9028,5.9,3.8,2020-10-30 13:57:33.100,1.5721666666666667
2020.10.30,13:55:58.77,37.8975,26.831,7.8,0.0,2020-10-30 13:55:58.770,5.900833333333334
2020.10.30,13:50:04.72,37.9145,26.445,5.3,3.6,2020-10-30 13:50:04.720,9.305833333333334
2020.10.30,13:40:46.37,37.836,26.875,5.0,3.7,2020-10-30 13:40:46.370,5.797
2020.10.30,13:34:58.55,37.8807,26.9595,5.4,3.8,2020-10-30 13:34:58.550,7.7945
2020.10.30,13:27:10.88,37.8625,26.8085,13.5,0.0,2020-10-30 13:27:10.880,11.738
2020.10.30,13:15:26.60,37.8678,26.8832,6.4,0.0,2020-10-30 13:15:26.600,0.7155
2020.10.30,13:14:43.67,37.7795,26.7163,1.6,4.0,2020-10-30 13:14:43.670,1.4301666666666668
2020.10.30,13:13:17.86,37.9168,26.9605,7.9,0.0,2020-10-30 13:13:17.860,0.7761666666666667
2020.10.30,13:12:31.29,37.887,26.8932,7.3,3.9,2020-10-30 13:12:31.290,5.562166666666667
2020.10.30,13:06:57.56,37.8568,26.9958,6.3,4.1,2020-10-30 13:06:57.560,6.25
2020.10.30,13:00:42.56,37.8382,26.7913,5.6,4.9,2020-10-30 13:00:42.560,0.9648333333333333
2020.10.30,12:59:44.67,37.9278,26.895,20.3,3.5,2020-10-30 12:59:44.670,16.801833333333335
2020.10.30,12:42:56.56,37.9422,27.0287,5.9,3.9,2020-10-30 12:42:56.560,1.4106666666666667
2020.10.30,12:41:31.92,37.8765,26.9567,9.8,3.9,2020-10-30 12:41:31.920,2.5189999999999997
2020.10.30,12:39:00.78,37.8783,26.8035,5.4,0.0,2020-10-30 12:39:00.780,4.355833333333334
2020.10.30,12:34:39.43,37.842,26.8953,5.0,4.0,2020-10-30 12:34:39.430,1.3099999999999998
2020.10.30,12:33:20.83,37.8193,26.8262,2.8,4.0,2020-10-30 12:33:20.830,1.3218333333333334
2020.10.30,12:32:01.52,37.7808,26.8237,8.8,0.0,2020-10-30 12:32:01.520,2.2015000000000002
2020.10.30,12:29:49.43,37.9127,27.0078,7.3,0.0,2020-10-30 12:29:49.430,0.638
2020.10.30,12:29:11.15,37.921,26.9243,6.9,4.2,2020-10-30 12:29:11.150,6.341166666666667
2020.10.30,12:22:50.68,37.8928,26.9267,7.8,3.8,2020-10-30 12:22:50.680,3.6888333333333336
2020.10.30,12:19:09.35,37.7713,26.5218,8.3,4.1,2020-10-30 12:19:09.350,3.6426666666666665
2020.10.30,12:15:30.79,37.8517,27.0092,11.8,4.0,2020-10-30 12:15:30.790,2.022
2020.10.30,12:13:29.47,37.8125,27.0047,7.4,4.0,2020-10-30 12:13:29.470,4.623166666666666
2020.10.30,12:08:52.08,37.8157,26.8862,7.3,0.0,2020-10-30 12:08:52.080,0.8293333333333333
2020.10.30,12:08:02.32,37.7647,26.8163,7.0,0.0,2020-10-30 12:08:02.320,2.633666666666667
2020.10.30,12:05:24.30,37.8725,26.9583,18.4,0.0,2020-10-30 12:05:24.300,0.7481666666666666
2020.10.30,12:04:39.41,37.9253,26.9093,7.2,0.0,2020-10-30 12:04:39.410,3.035166666666667
2020.10.30,12:01:37.30,37.8362,26.9125,9.4,4.3,2020-10-30 12:01:37.300,2.134666666666667
2020.10.30,11:59:29.22,37.8527,27.0188,1.3,0.0,2020-10-30 11:59:29.220,1.3965
2020.10.30,11:58:05.43,37.8778,26.9005,5.3,0.0,2020-10-30 11:58:05.430,2.0469999999999997
2020.10.30,11:56:02.61,37.9482,26.5853,6.8,0.0,2020-10-30 11:56:02.610,1.0025
2020.10.30,11:55:02.46,37.9523,27.0093,11.7,0.0,2020-10-30 11:55:02.460,1.1386666666666665
2020.10.30,11:53:54.14,37.8958,26.8145,9.3,0.0,2020-10-30 11:53:54.140,2.496166666666667
2020.10.30,11:51:24.37,37.8877,26.7057,11.2,6.9,2020-10-30 11:51:24.370,11496.8205
2020.10.22,12:14:35.14,38.4577,25.4343,8.3,3.7,2020-10-22 12:14:35.140,5815.282999999999
2020.10.18,11:19:18.16,36.95,27.3455,6.7,3.7,2020-10-18 11:19:18.160,192.03083333333333
2020.10.18,08:07:16.31,39.1415,23.4395,18.3,4.3,2020-10-18 08:07:16.310,695.3006666666666
2020.10.17,20:31:58.27,39.1357,23.3097,15.3,3.9,2020-10-17 20:31:58.270,5314.698333333334
2020.10.14,03:57:16.37,40.7487,23.0155,13.3,3.8,2020-10-14 03:57:16.370,4215.867499999999
2020.10.11,05:41:24.32,38.4362,25.314,6.4,3.8,2020-10-11 05:41:24.320,3221.0626666666667
2020.10.09,00:00:20.56,37.8565,26.7295,7.7,3.6,2020-10-09 00:00:20.560,4862.481333333333
2020.10.05,14:57:51.68,39.8592,23.5092,15.1,4.1,2020-10-05 14:57:51.680,2.7056666666666667
2020.10.05,14:55:09.34,39.9473,24.4172,7.0,3.9,2020-10-05 14:55:09.340,5590.599666666666
2020.10.01,17:44:33.36,38.9548,26.7375,10.9,3.6,2020-10-01 17:44:33.360,1988.4915
2020.09.30,08:36:03.87,40.0183,24.3852,9.8,3.8,2020-09-30 08:36:03.870,302.156
2020.09.30,03:33:54.51,39.959,24.3367,10.5,4.0,2020-09-30 03:33:54.510,711.005
2020.09.29,15:42:54.21,39.9362,24.2703,11.8,3.6,2020-09-29 15:42:54.210,2130.2196666666664
2020.09.28,04:12:41.03,40.0163,24.3948,9.0,4.8,2020-09-28 04:12:41.030,103.667
2020.09.28,02:29:01.01,39.9947,24.3777,15.6,3.4,2020-09-28 02:29:01.010,453.2393333333333
2020.09.27,18:55:46.65,40.012,24.4713,7.4,3.8,2020-09-27 18:55:46.650,170.64333333333335
2020.09.27,16:05:08.05,40.0287,24.4262,9.7,4.1,2020-09-27 16:05:08.050,168.30116666666666
2020.09.27,13:16:49.98,40.0138,24.405,9.0,4.0,2020-09-27 13:16:49.980,18.803
2020.09.27,12:58:01.80,40.0263,24.4257,12.1,4.5,2020-09-27 12:58:01.800,35.708666666666666
2020.09.27,12:22:19.28,40.0343,24.3922,11.2,4.5,2020-09-27 12:22:19.280,769.9923333333334
2020.09.26,23:32:19.74,39.941,24.2688,28.4,3.5,2020-09-26 23:32:19.740,22.948833333333333
2020.09.26,23:09:22.81,39.9508,24.2745,24.1,4.3,2020-09-26 23:09:22.810,18.982833333333335
2020.09.26,22:50:23.84,39.9533,24.345,14.7,5.6,2020-09-26 22:50:23.840,251.0515
2020.09.26,18:39:20.75,39.9403,24.249,67.5,4.6,2020-09-26 18:39:20.750,741.4830000000001
2020.09.26,06:17:51.77,37.0468,27.9515,10.4,3.6,2020-09-26 06:17:51.770,2171.1853333333333
2020.09.24,18:06:40.65,40.8195,28.1748,14.4,3.5,2020-09-24 18:06:40.650,268.1575
2020.09.24,13:38:31.20,40.8132,28.144,13.7,4.1,2020-09-24 13:38:31.200,12856.140500000001
2020.09.15,15:22:22.77,38.991,29.8915,5.5,3.6,2020-09-15 15:22:22.770,1806.586
2020.09.14,09:15:47.61,39.0337,23.9822,7.9,3.6,2020-09-14 09:15:47.610,4694.8805
2020.09.11,03:00:54.78,38.2223,23.1028,1.3,4.2,2020-09-11 03:00:54.780,3183.5221666666666
2020.09.08,21:57:23.45,40.7013,27.4195,13.6,4.3,2020-09-08 21:57:23.450,7609.8285000000005
2020.09.03,15:07:33.74,38.1758,23.8957,5.0,4.3,2020-09-03 15:07:33.740,7891.123333333334
2020.08.29,03:36:26.34,39.6762,27.8122,5.5,3.7,2020-08-29 03:36:26.340,10659.195
2020.08.21,17:57:14.64,39.0807,27.6843,7.5,3.5,2020-08-21 17:57:14.640,1158.3156666666666
2020.08.20,22:38:55.70,39.1407,28.9988,8.3,3.4,2020-08-20 22:38:55.700,1682.5819999999999
2020.08.19,18:36:20.78,36.689,28.2367,71.9,0.0,2020-08-19 18:36:20.780,3549.3033333333337
2020.08.17,07:27:02.58,36.8785,23.7623,94.4,4.6,2020-08-17 07:27:02.580,10399.189333333334
2020.08.10,02:07:51.22,40.4402,22.5298,12.7,4.5,2020-08-10 02:07:51.220,23366.440333333332
2020.07.24,20:41:24.80,40.2345,24.993,12.2,4.3,2020-07-24 20:41:24.800,1102.158
2020.07.24,02:19:15.32,39.887,30.4707,1.8,4.1,2020-07-24 02:19:15.320,2397.8456666666666
2020.07.22,10:21:24.58,38.5718,27.5388,11.7,3.5,2020-07-22 10:21:24.580,8171.9766666666665
2020.07.16,18:09:25.98,38.4037,26.685,18.4,4.4,2020-07-16 18:09:25.980,6115.410833333333
2020.07.12,12:14:01.33,39.4408,27.9248,7.3,3.6,2020-07-12 12:14:01.330,427.3991666666667
2020.07.12,05:06:37.38,38.801,25.2485,9.7,3.5,2020-07-12 05:06:37.380,6586.813666666667
2020.07.07,15:19:48.56,38.8053,25.2248,5.0,4.1,2020-07-07 15:19:48.560,5400.052
2020.07.03,21:19:45.44,38.5198,27.521,9.5,3.6,2020-07-03 21:19:45.440,3560.0168333333336
2020.07.01,09:59:44.43,38.5227,27.5403,13.3,3.8,2020-07-01 09:59:44.430,3233.3435
2020.06.29,04:06:23.82,36.7138,28.225,73.2,0.0,2020-06-29 04:06:23.820,622.9333333333333
2020.06.28,17:43:27.82,36.7083,28.2475,78.2,5.2,2020-06-28 17:43:27.820,3092.175333333333
2020.06.26,14:11:17.30,38.8133,27.7277,7.5,3.7,2020-06-26 14:11:17.300,394.8441666666667
2020.06.26,07:36:26.65,38.7767,27.7767,7.1,3.5,2020-06-26 07:36:26.650,15.241166666666667
2020.06.26,07:21:12.18,38.7885,27.7937,10.9,5.2,2020-06-26 07:21:12.180,2206.4764999999998
2020.06.24,18:34:43.59,36.128,27.1757,8.3,3.8,2020-06-24 18:34:43.590,6458.5575
2020.06.20,06:56:10.14,40.8135,25.5412,8.4,3.5,2020-06-20 06:56:10.140,2013.1428333333336
2020.06.18,21:23:01.57,40.8037,25.5725,7.4,3.6,2020-06-18 21:23:01.570,3004.826
2020.06.16,19:18:12.01,37.8022,29.9992,5.3,4.0,2020-06-16 19:18:12.010,6249.7685
2020.06.12,11:08:25.90,40.8057,25.5855,6.8,3.5,2020-06-12 11:08:25.900,111.14933333333333
2020.06.12,09:17:16.94,39.3357,27.8557,6.2,3.7,2020-06-12 09:17:16.940,18.856833333333334
2020.06.12,08:58:25.53,40.8048,25.5947,6.2,3.6,2020-06-12 08:58:25.530,3914.3115000000003
2020.06.09,15:44:06.84,38.2662,27.228,7.6,3.6,2020-06-09 15:44:06.840,8032.6995
2020.06.04,01:51:24.87,36.9525,27.3822,11.6,3.6,2020-06-04 01:51:24.870,8358.788666666667
2020.05.29,06:32:37.55,40.5837,22.511,12.3,4.0,2020-05-29 06:32:37.550,52.48583333333333
2020.05.29,05:40:08.40,39.0987,27.7783,7.9,4.1,2020-05-29 05:40:08.400,12646.917333333335
2020.05.20,10:53:13.36,38.9608,26.3963,11.6,3.4,2020-05-20 10:53:13.360,4445.135666666667
2020.05.17,08:48:05.22,37.0183,28.1552,6.6,3.7,2020-05-17 08:48:05.220,91.6515
2020.05.17,07:16:26.13,38.817,25.7017,13.3,3.7,2020-05-17 07:16:26.130,8503.320333333333
2020.05.11,09:33:06.91,37.8248,27.191,1.0,3.6,2020-05-11 09:33:06.910,7809.784
2020.05.05,23:23:19.87,39.4467,27.8775,8.6,3.6,2020-05-05 23:23:19.870,3508.152
2020.05.03,12:55:10.75,39.003,27.87,14.5,3.5,2020-05-03 12:55:10.750,4485.410666666667
2020.04.30,10:09:46.11,37.0037,28.5315,8.4,4.5,2020-04-30 10:09:46.110,1421.4553333333336
2020.04.29,10:28:18.79,37.58,23.6765,4.7,4.0,2020-04-29 10:28:18.790,2430.327166666667
2020.04.27,17:57:59.16,39.5998,26.0455,7.4,3.5,2020-04-27 17:57:59.160,2505.9693333333335
2020.04.26,00:12:01.00,36.2528,25.5492,14.6,4.2,2020-04-26 00:12:01.000,1026.9588333333334
2020.04.25,07:05:03.47,37.4437,26.7398,6.1,3.5,2020-04-25 07:05:03.470,1003.1878333333333
2020.04.24,14:21:52.20,36.1383,25.6472,1.6,4.1,2020-04-24 14:21:52.200,5966.836333333334
2020.04.20,10:55:02.02,39.1358,27.7953,2.2,3.4,2020-04-20 10:55:02.020,1582.9986666666666
2020.04.19,08:32:02.10,39.1043,27.8005,7.8,4.2,2020-04-19 08:32:02.100,3051.5860000000002
2020.04.17,05:40:26.94,37.9763,28.8053,6.6,3.6,2020-04-17 05:40:26.940,1541.2438333333334
2020.04.16,03:59:12.31,38.9225,25.976,16.6,3.9,2020-04-16 03:59:12.310,70.0535
2020.04.16,02:49:09.10,39.0948,27.8187,13.0,4.4,2020-04-16 02:49:09.100,3993.036
2020.04.13,08:16:06.94,38.9773,27.8593,4.2,3.6,2020-04-13 08:16:06.940,4981.8045
2020.04.09,21:14:18.67,37.8307,23.0228,4.1,3.7,2020-04-09 21:14:18.670,11073.690166666667
2020.04.02,04:40:37.26,38.7813,27.7115,3.8,3.8,2020-04-02 04:40:37.260,577.232
2020.04.01,19:03:23.34,40.7788,27.4542,16.7,3.3,2020-04-01 19:03:23.340,5106.7355
2020.03.29,05:56:39.21,39.0143,27.8327,10.7,4.1,2020-03-29 05:56:39.210,5601.933666666667
2020.03.25,08:34:43.19,39.166,27.7985,11.0,3.5,2020-03-25 08:34:43.190,1394.5223333333333
2020.03.24,09:20:11.85,39.443,27.9298,12.2,3.8,2020-03-24 09:20:11.850,9542.098666666667
2020.03.17,18:18:05.93,36.9663,27.3737,17.8,3.8,2020-03-17 18:18:05.930,3.5665
2020.03.17,18:14:31.94,36.9605,27.3438,15.8,4.2,2020-03-17 18:14:31.940,5536.661999999999
2020.03.13,21:57:52.22,36.9832,27.3657,11.4,3.8,2020-03-13 21:57:52.220,1846.8785
2020.03.12,15:10:59.51,36.3982,23.0902,4.9,3.8,2020-03-12 15:10:59.510,430.1831666666667
2020.03.12,08:00:48.52,39.01,27.8565,11.9,3.6,2020-03-12 08:00:48.520,5020.2446666666665
2020.03.08,20:20:33.84,39.1102,27.8392,5.0,3.6,2020-03-08 20:20:33.840,959.485
2020.03.08,04:21:04.74,40.7057,29.262,5.1,3.8,2020-03-08 04:21:04.740,1200.901
2020.03.07,08:20:10.68,38.24,22.8638,5.5,0.0,2020-03-07 08:20:10.680,5278.385666666667
2020.03.03,16:21:47.54,39.0965,27.784,6.8,3.5,2020-03-03 16:21:47.540,3589.238
2020.03.01,04:32:33.26,39.8247,24.0735,17.1,3.7,2020-03-01 04:32:33.260,1448.4698333333333
2020.02.29,04:24:05.07,39.1192,27.7898,7.5,3.4,2020-02-29 04:24:05.070,456.35383333333334
2020.02.28,20:47:43.84,38.9678,27.8705,13.7,3.7,2020-02-28 20:47:43.840,6300.859666666667
2020.02.24,11:46:52.26,38.9852,27.8315,9.8,3.5,2020-02-24 11:46:52.260,382.98516666666666
2020.02.24,05:23:53.15,38.9742,27.8413,13.2,3.6,2020-02-24 05:23:53.150,34.44883333333333
2020.02.24,04:49:26.22,38.9693,27.8575,7.0,3.5,2020-02-24 04:49:26.220,94.38266666666667
2020.02.24,03:15:03.26,38.9893,27.8207,6.0,3.4,2020-02-24 03:15:03.260,26.64783333333333
2020.02.24,02:48:24.39,38.9695,27.8687,6.4,3.8,2020-02-24 02:48:24.390,4.850666666666667
2020.02.24,02:43:33.35,38.9907,27.8767,10.4,5.0,2020-02-24 02:43:33.350,92.655
2020.02.24,01:10:54.05,38.9843,27.8657,6.2,3.3,2020-02-24 01:10:54.050,387.31233333333336
2020.02.23,18:43:35.31,38.9982,27.8332,10.8,3.8,2020-02-23 18:43:35.310,223.72116666666668
2020.02.23,14:59:52.04,36.912,27.8608,16.5,3.8,2020-02-23 14:59:52.040,136.48966666666666
2020.02.23,12:43:22.66,38.9695,27.8543,5.4,3.8,2020-02-23 12:43:22.660,3.0871666666666666
2020.02.23,12:40:17.43,38.9957,27.875,11.5,4.5,2020-02-23 12:40:17.430,1876.3128333333334
2020.02.22,05:23:58.66,39.0947,27.7897,7.0,3.6,2020-02-22 05:23:58.660,238.03616666666667
2020.02.22,01:25:56.49,40.7787,27.437,12.0,3.9,2020-02-22 01:25:56.490,0.5118333333333334
2020.02.22,01:25:25.78,39.0392,27.8445,5.4,3.6,2020-02-22 01:25:25.780,2049.3535
2020.02.20,15:16:04.57,38.9952,27.8678,2.5,3.8,2020-02-20 15:16:04.570,2413.7538333333337
2020.02.18,23:02:19.34,39.1015,27.8378,8.2,3.8,2020-02-18 23:02:19.340,99.17233333333334
2020.02.18,21:23:09.00,39.1088,27.803,12.7,4.3,2020-02-18 21:23:09.000,121.58383333333333
2020.02.18,19:21:33.97,39.1045,27.836,13.0,3.6,2020-02-18 19:21:33.970,8.814
2020.02.18,19:12:45.13,39.1005,27.8107,9.1,3.2,2020-02-18 19:12:45.130,112.35300000000001
2020.02.18,17:20:23.95,39.1117,27.8032,7.0,3.9,2020-02-18 17:20:23.950,27.730833333333333
2020.02.18,16:52:40.10,39.0977,27.8152,1.1,3.5,2020-02-18 16:52:40.100,7.366833333333333
2020.02.18,16:45:18.09,39.106,27.8155,8.8,4.0,2020-02-18 16:45:18.090,35.92916666666667
2020.02.18,16:09:22.34,39.106,27.8257,13.0,5.1,2020-02-18 16:09:22.340,793.6270000000001
2020.02.18,02:55:44.72,39.0042,27.8567,9.3,3.5,2020-02-18 02:55:44.720,3866.2925
2020.02.15,10:29:27.17,40.3935,25.8318,9.7,3.6,2020-02-15 10:29:27.170,2866.4305
2020.02.13,10:43:01.34,38.9662,27.8725,5.3,3.6,2020-02-13 10:43:01.340,5337.599666666666
2020.02.09,17:45:25.36,39.0668,27.8057,14.2,3.6,2020-02-09 17:45:25.360,2165.9106666666667
2020.02.08,05:39:30.72,38.9965,27.8518,9.0,4.0,2020-02-08 05:39:30.720,234.26333333333332
2020.02.08,01:45:14.92,39.0928,27.8188,11.4,3.8,2020-02-08 01:45:14.920,1058.3395
2020.02.07,08:06:54.55,38.9845,27.8472,9.5,0.0,2020-02-07 08:06:54.550,95.33766666666666
2020.02.07,06:31:34.29,39.0252,27.8533,9.9,3.6,2020-02-07 06:31:34.290,1700.9496666666666
2020.02.06,02:10:37.31,39.0915,27.8103,8.5,3.5,2020-02-06 02:10:37.310,1885.8431666666665
2020.02.04,18:44:46.72,39.0035,27.8542,3.2,3.5,2020-02-04 18:44:46.720,15.973666666666666
2020.02.04,18:28:48.30,38.4118,25.4235,5.3,3.7,2020-02-04 18:28:48.300,33.4155
2020.02.04,17:55:23.37,38.9793,27.8397,9.4,4.7,2020-02-04 17:55:23.370,68.23516666666667
2020.02.04,16:47:09.26,38.9922,27.8615,10.5,0.0,2020-02-04 16:47:09.260,14.131
2020.02.04,16:33:01.40,39.107,27.8308,12.9,3.2,2020-02-04 16:33:01.400,51.41816666666667
2020.02.04,15:41:36.31,39.0942,27.8287,11.0,3.6,2020-02-04 15:41:36.310,418.3471666666667
2020.02.04,08:43:15.48,38.9827,27.8703,10.2,4.0,2020-02-04 08:43:15.480,149.77366666666666
2020.02.04,06:13:29.06,38.4425,25.5112,18.1,3.4,2020-02-04 06:13:29.060,151.16433333333333
2020.02.04,03:42:19.20,38.412,25.336,8.7,3.5,2020-02-04 03:42:19.200,27.568499999999997
2020.02.04,03:14:45.09,39.0783,27.8297,8.7,3.2,2020-02-04 03:14:45.090,36.39516666666667
2020.02.04,02:38:21.38,38.9853,27.8498,11.9,3.6,2020-02-04 02:38:21.380,68.20116666666667
2020.02.04,01:30:09.31,38.9998,27.865,9.1,3.3,2020-02-04 01:30:09.310,2.6755
2020.02.04,01:27:28.78,38.996,27.8625,6.6,4.0,2020-02-04 01:27:28.780,80.819
2020.02.04,00:06:39.64,38.9933,27.8567,10.7,3.4,2020-02-04 00:06:39.640,168.59533333333331
2020.02.03,21:18:03.92,38.9997,27.8522,9.9,4.0,2020-02-03 21:18:03.920,799.9928333333334
2020.02.03,07:58:04.35,39.0032,27.8528,7.6,0.0,2020-02-03 07:58:04.350,655.533
2020.02.02,21:02:32.37,38.9935,27.8538,11.1,3.8,2020-02-02 21:02:32.370,565.8716666666667
2020.02.02,11:36:40.07,39.0885,27.8662,13.7,4.2,2020-02-02 11:36:40.070,310.45550000000003
2020.02.02,06:26:12.74,39.098,27.8148,8.1,3.6,2020-02-02 06:26:12.740,180.51266666666666
2020.02.02,03:25:41.98,39.0785,27.8242,13.7,4.0,2020-02-02 03:25:41.980,147.9788333333333
2020.02.02,00:57:43.25,40.8358,28.1837,14.4,3.6,2020-02-02 00:57:43.250,23.612000000000002
2020.02.02,00:34:06.53,39.0027,27.8452,6.7,3.3,2020-02-02 00:34:06.530,10.319833333333333
2020.02.02,00:23:47.34,38.999,27.8562,15.4,4.7,2020-02-02 00:23:47.340,409.7471666666667
2020.02.01,17:34:02.51,38.9768,25.414,4.0,3.7,2020-02-01 17:34:02.510,1990.4863333333333
2020.01.31,08:23:33.33,39.0178,27.8355,6.4,3.5,2020-01-31 08:23:33.330,1099.6433333333334
2020.01.30,14:03:54.73,39.0988,27.8378,8.3,3.9,2020-01-30 14:03:54.730,568.7585
2020.01.30,04:35:09.22,39.0335,27.8197,6.3,3.7,2020-01-30 04:35:09.220,1944.71
2020.01.28,20:10:26.62,39.0155,27.8498,10.6,4.5,2020-01-28 20:10:26.620,316.597
2020.01.28,14:53:50.80,39.0925,27.838,13.7,4.2,2020-01-28 14:53:50.800,173.35966666666667
2020.01.28,12:00:29.22,39.0685,27.8478,16.1,3.9,2020-01-28 12:00:29.220,14.913166666666665
2020.01.28,11:45:34.43,39.089,27.8117,11.9,3.8,2020-01-28 11:45:34.430,19.346999999999998
2020.01.28,11:26:13.61,39.1045,27.8383,13.6,5.1,2020-01-28 11:26:13.610,92.05116666666666
2020.01.28,09:54:10.54,39.017,27.8468,6.8,3.6,2020-01-28 09:54:10.540,171.27466666666666
2020.01.28,07:02:54.06,38.9898,27.8397,8.8,3.8,2020-01-28 07:02:54.060,461.73733333333337
2020.01.27,23:21:09.82,39.0742,27.8145,6.8,3.5,2020-01-27 23:21:09.820,1063.0323333333333
2020.01.27,05:38:07.88,39.0548,27.8153,7.9,3.5,2020-01-27 05:38:07.880,1146.3458333333333
2020.01.26,10:31:47.13,39.0632,27.8145,10.7,3.6,2020-01-26 10:31:47.130,300.39433333333335
2020.01.26,05:31:23.47,39.008,27.8415,10.4,3.7,2020-01-26 05:31:23.470,413.3631666666667
2020.01.25,22:38:01.68,39.0165,27.8288,4.8,3.6,2020-01-25 22:38:01.680,26.336166666666667
2020.01.25,22:11:41.51,39.0172,27.8432,11.5,3.9,2020-01-25 22:11:41.510,15.197833333333334
2020.01.25,21:56:29.64,39.0267,27.8145,9.1,3.6,2020-01-25 21:56:29.640,246.70216666666664
2020.01.25,17:49:47.51,39.0388,27.8338,13.2,4.1,2020-01-25 17:49:47.510,565.068
2020.01.25,08:24:43.43,38.9947,27.8448,9.0,3.4,2020-01-25 08:24:43.430,69.81116666666667
2020.01.25,07:14:54.76,39.0215,27.8312,4.0,3.6,2020-01-25 07:14:54.760,2.6165000000000003
2020.01.25,07:12:17.77,39.0743,27.8247,7.9,3.5,2020-01-25 07:12:17.770,90.75
2020.01.25,05:41:32.77,39.002,27.8637,9.5,3.4,2020-01-25 05:41:32.770,505.3231666666667
2020.01.24,21:16:13.38,39.0588,27.833,4.0,3.9,2020-01-24 21:16:13.380,678.1308333333333
2020.01.24,09:58:05.53,39.0255,27.8813,10.5,3.7,2020-01-24 09:58:05.530,171.028
2020.01.24,07:07:03.85,39.0777,27.8255,6.4,3.7,2020-01-24 07:07:03.850,34.363166666666665
2020.01.24,06:32:42.06,37.6038,26.7142,8.2,3.8,2020-01-24 06:32:42.060,208.0615
2020.01.24,03:04:38.37,39.025,27.8748,6.6,4.0,2020-01-24 03:04:38.370,338.772
2020.01.23,21:25:52.05,39.0395,27.8417,8.8,3.7,2020-01-23 21:25:52.050,49.61783333333334
2020.01.23,20:36:14.98,39.0653,27.8208,9.9,3.4,2020-01-23 20:36:14.980,673.9308333333333
2020.01.23,09:22:19.13,39.0068,27.8577,3.2,3.4,2020-01-23 09:22:19.130,47.56916666666667
2020.01.23,08:34:44.98,39.005,27.8155,14.0,3.6,2020-01-23 08:34:44.980,174.9
2020.01.23,05:39:50.98,39.0803,27.8338,7.7,3.5,2020-01-23 05:39:50.980,3.3405
2020.01.23,05:36:30.55,39.0275,27.8465,7.7,3.9,2020-01-23 05:36:30.550,203.07000000000002
2020.01.23,02:13:26.35,39.0457,27.8445,11.6,3.7,2020-01-23 02:13:26.350,63.575
2020.01.23,01:09:51.85,39.0225,27.8302,13.7,3.4,2020-01-23 01:09:51.850,9.581833333333332
2020.01.23,01:00:16.94,39.0467,27.8533,12.0,3.6,2020-01-23 01:00:16.940,14.900166666666667
2020.01.23,00:45:22.93,39.04,27.8467,10.2,4.3,2020-01-23 00:45:22.930,46.477833333333336
2020.01.22,23:58:54.26,39.0865,27.8298,6.8,3.5,2020-01-22 23:58:54.260,5.983333333333333
2020.01.22,23:52:55.26,39.0585,27.8145,7.2,3.5,2020-01-22 23:52:55.260,48.08633333333333
2020.01.22,23:04:50.08,39.0753,27.8205,7.9,3.3,2020-01-22 23:04:50.080,25.533833333333334
2020.01.22,22:39:18.05,39.0292,27.855,12.5,4.2,2020-01-22 22:39:18.050,47.214000000000006
2020.01.22,21:52:05.21,39.0657,27.8598,13.9,4.0,2020-01-22 21:52:05.210,12.298166666666667
2020.01.22,21:39:47.32,39.0148,27.8438,6.0,3.6,2020-01-22 21:39:47.320,5.240833333333333
2020.01.22,21:34:32.87,39.0578,27.832,7.5,3.3,2020-01-22 21:34:32.870,4.369166666666667
2020.01.22,21:30:10.72,39.0392,27.8405,9.6,4.0,2020-01-22 21:30:10.720,3.3560000000000003
2020.01.22,21:26:49.36,39.0383,27.8445,4.8,3.5,2020-01-22 21:26:49.360,2.705
2020.01.22,21:24:07.06,39.046,27.8457,13.7,3.9,2020-01-22 21:24:07.060,25.19
2020.01.22,20:58:55.66,39.071,27.8367,8.6,3.7,2020-01-22 20:58:55.660,1.3148333333333333
2020.01.22,20:57:36.77,39.0472,27.8208,10.2,3.5,2020-01-22 20:57:36.770,37.06166666666666
2020.01.22,20:20:33.07,39.0513,27.8515,10.6,3.8,2020-01-22 20:20:33.070,2.9095
2020.01.22,20:17:38.50,39.0642,27.8477,11.6,4.3,2020-01-22 20:17:38.500,20.151333333333334
2020.01.22,19:57:29.42,38.994,27.8545,6.4,3.8,2020-01-22 19:57:29.420,6.606333333333334
2020.01.22,19:50:53.04,39.0237,27.847,10.7,3.3,2020-01-22 19:50:53.040,2.384
2020.01.22,19:48:30.00,39.0833,27.8312,12.9,3.9,2020-01-22 19:48:30.000,14.314
2020.01.22,19:34:11.16,39.0703,27.8318,10.5,3.6,2020-01-22 19:34:11.160,8.965333333333332
2020.01.22,19:25:13.24,39.0737,27.8413,12.7,4.4,2020-01-22 19:25:13.240,2.959
2020.01.22,19:22:15.70,39.0577,27.839,12.2,5.6,2020-01-22 19:22:15.700,153.21183333333332
2020.01.22,16:49:02.99,37.8695,27.9408,4.9,3.5,2020-01-22 16:49:02.990,122.53516666666665
2020.01.22,14:46:30.88,38.8637,27.289,8.9,4.0,2020-01-22 14:46:30.880,3018.771
2020.01.20,12:27:44.62,37.2502,23.6108,93.8,3.5,2020-01-20 12:27:44.620,12890.131333333333
2020.01.11,13:37:36.74,40.8613,28.2268,14.4,4.6,2020-01-11 13:37:36.740,3404.6285
2020.01.09,04:52:59.03,37.8945,29.5965,7.6,3.8,2020-01-09 04:52:59.030,6161.509666666667
2020.01.04,22:11:28.45,37.9112,26.3903,21.2,4.2,2020-01-04 22:11:28.450,14115.9
2019.12.26,02:55:34.45,39.4388,27.9092,9.5,3.3,2019-12-26 02:55:34.450,60.11516666666667
2019.12.26,01:55:27.54,39.4475,27.9088,10.0,3.5,2019-12-26 01:55:27.540,1820.4085
2019.12.24,19:35:03.03,40.7983,27.5425,16.3,3.3,2019-12-24 19:35:03.030,12514.625833333334
2019.12.16,03:00:25.48,39.4295,25.659,7.3,3.5,2019-12-16 03:00:25.480,1459.3735000000001
2019.12.15,02:41:03.07,38.0035,26.9722,8.2,3.6,2019-12-15 02:41:03.070,5125.296833333333
2019.12.11,13:15:45.26,39.4375,27.9355,9.6,0.0,2019-12-11 13:15:45.260,796.9490000000001
2019.12.10,23:58:48.32,39.4492,27.9148,9.4,0.0,2019-12-10 23:58:48.320,192.50433333333334
2019.12.10,20:46:18.06,39.4522,27.915,8.7,4.1,2019-12-10 20:46:18.060,22.218833333333336
2019.12.10,20:24:04.93,39.45,27.918,9.9,4.3,2019-12-10 20:24:04.930,10.037
2019.12.10,20:14:02.71,39.4452,27.9245,9.2,4.8,2019-12-10 20:14:02.710,60.79416666666667
2019.12.10,19:13:15.06,39.547,24.1862,20.8,3.5,2019-12-10 19:13:15.060,10158.2035
2019.12.03,17:55:02.85,37.85,29.6068,7.2,3.8,2019-12-03 17:55:02.850,9951.646833333334
2019.11.26,20:03:24.04,37.8457,29.6442,5.6,3.9,2019-11-26 20:03:24.040,2968.4505
2019.11.24,18:34:57.01,39.465,23.9802,14.6,3.9,2019-11-24 18:34:57.010,2331.4393333333333
2019.11.23,03:43:30.65,37.0707,23.1682,4.2,3.9,2019-11-23 03:43:30.650,3.3198333333333334
2019.11.23,03:40:11.46,37.0378,23.1005,2.4,3.5,2019-11-23 03:40:11.460,783.4776666666668
2019.11.22,14:36:42.80,40.5955,28.9385,9.7,3.4,2019-11-22 14:36:42.800,1569.3764999999999
2019.11.21,12:27:20.21,39.3357,28.2677,6.8,3.6,2019-11-21 12:27:20.210,11.740833333333335
2019.11.21,12:15:35.76,39.342,28.2753,7.4,3.9,2019-11-21 12:15:35.760,4364.925
2019.11.18,11:30:40.26,37.1038,23.1275,5.0,3.8,2019-11-18 11:30:40.260,605.1788333333334
2019.11.18,01:25:29.53,36.5345,22.9952,5.4,3.5,2019-11-18 01:25:29.530,491.122
2019.11.17,17:14:22.21,37.1053,23.105,10.1,4.3,2019-11-17 17:14:22.210,1380.2016666666668
2019.11.16,18:14:10.11,36.7747,29.999,69.3,4.2,2019-11-16 18:14:10.110,1438.9730000000002
2019.11.15,18:15:11.73,37.2255,23.9172,3.6,4.1,2019-11-15 18:15:11.730,8310.2805
2019.11.09,23:44:54.90,39.6285,28.6548,5.4,3.5,2019-11-09 23:44:54.900,6954.521333333334
2019.11.05,03:50:23.62,37.0715,28.5588,6.2,3.6,2019-11-05 03:50:23.620,2851.828666666667
2019.11.03,04:18:33.90,36.4597,28.699,4.4,4.1,2019-11-03 04:18:33.900,1916.3758333333333
2019.11.01,20:22:11.35,36.4833,28.6947,5.0,3.6,2019-11-01 20:22:11.350,7803.416166666666
2019.10.27,10:18:46.38,40.881,28.2057,10.8,3.3,2019-10-27 10:18:46.380,498.77900000000005
2019.10.27,01:59:59.64,36.491,28.6952,5.0,3.4,2019-10-27 01:59:59.640,2765.159833333333
2019.10.25,03:54:50.05,36.464,28.6945,5.0,3.4,2019-10-25 03:54:50.050,408.0561666666666
2019.10.24,21:06:46.68,36.451,28.6993,5.7,4.6,2019-10-24 21:06:46.680,3403.6923333333334
2019.10.22,12:23:05.14,36.7402,27.1858,9.5,3.8,2019-10-22 12:23:05.140,490.3236666666666
2019.10.22,04:12:45.72,40.3427,24.2238,5.0,3.8,2019-10-22 04:12:45.720,8874.6705
2019.10.16,00:18:05.49,36.8528,26.5023,15.3,3.7,2019-10-16 00:18:05.490,6999.8885
2019.10.11,03:38:12.18,39.422,25.5942,5.4,3.4,2019-10-11 03:38:12.180,188.38683333333333
2019.10.11,00:29:48.97,39.429,25.6358,6.5,3.4,2019-10-11 00:29:48.970,33.858666666666664
2019.10.10,23:55:57.45,39.4137,25.6448,9.7,4.3,2019-10-10 23:55:57.450,263.84633333333335
2019.10.10,19:32:06.67,40.6948,29.267,10.9,3.4,2019-10-10 19:32:06.670,142.44633333333334
2019.10.10,17:09:39.89,40.7112,29.2698,4.6,3.2,2019-10-10 17:09:39.890,17.60983333333333
2019.10.10,16:52:03.30,40.6953,29.2597,10.3,3.8,2019-10-10 16:52:03.300,1469.5786666666668
2019.10.09,16:22:28.58,37.889,29.5568,6.5,3.8,2019-10-09 16:22:28.580,164.71066666666667
2019.10.09,13:37:45.94,38.8625,27.0115,8.7,3.5,2019-10-09 13:37:45.940,3619.1475
2019.10.07,01:18:37.09,36.068,27.2605,10.8,3.7,2019-10-07 01:18:37.090,2066.9970000000003
2019.10.05,14:51:37.27,36.0507,27.9818,87.5,4.3,2019-10-05 14:51:37.270,1377.111
2019.10.04,15:54:30.61,40.3117,27.2547,15.0,3.4,2019-10-04 15:54:30.610,2096.842333333333
2019.10.03,04:57:40.07,39.9073,22.703,15.1,3.5,2019-10-03 04:57:40.070,12.746666666666666
2019.10.03,04:44:55.27,36.3028,28.558,14.6,5.0,2019-10-03 04:44:55.270,5673.963166666666
2019.09.29,06:10:57.48,40.6942,29.2622,14.7,0.0,2019-09-29 06:10:57.480,1147.9043333333332
2019.09.28,11:03:03.22,40.8692,28.2828,14.8,3.7,2019-09-28 11:03:03.220,1287.264
2019.09.27,13:35:47.38,40.425,26.112,12.0,3.9,2019-09-27 13:35:47.380,142.011
2019.09.27,11:13:46.72,40.852,28.274,10.5,3.4,2019-09-27 11:13:46.720,730.5913333333334
2019.09.26,23:03:11.24,39.6605,27.6538,10.6,3.5,2019-09-26 23:03:11.240,162.87849999999997
2019.09.26,20:20:18.53,40.8677,28.2318,9.5,4.2,2019-09-26 20:20:18.530,17.6355
2019.09.26,20:02:40.40,40.8607,28.298,9.8,3.8,2019-09-26 20:02:40.400,263.3225
2019.09.26,15:39:21.05,40.845,28.2497,14.8,0.0,2019-09-26 15:39:21.050,160.35216666666665
2019.09.26,12:58:59.92,40.8825,28.2202,5.4,3.5,2019-09-26 12:58:59.920,25.80366666666667
2019.09.26,12:33:11.70,39.4822,25.8213,9.4,3.7,2019-09-26 12:33:11.700,7.013833333333333
2019.09.26,12:26:10.87,40.8702,28.2742,11.0,3.9,2019-09-26 12:26:10.870,9.026
2019.09.26,12:17:09.31,40.8702,28.2732,9.3,3.9,2019-09-26 12:17:09.310,2.305
2019.09.26,12:14:51.01,39.4897,25.8323,6.8,3.5,2019-09-26 12:14:51.010,48.247166666666665
2019.09.26,11:26:36.18,40.8758,28.2943,15.1,4.2,2019-09-26 11:26:36.180,15.027333333333333
2019.09.26,11:11:34.54,40.859,28.2855,9.4,3.9,2019-09-26 11:11:34.540,12.166500000000001
2019.09.26,10:59:24.55,40.8802,28.216,13.3,5.7,2019-09-26 10:59:24.550,207.29916666666668
2019.09.26,07:32:06.60,40.8783,28.2212,7.6,3.7,2019-09-26 07:32:06.600,829.9968333333333
2019.09.25,17:42:06.79,36.5578,28.6412,61.2,3.5,2019-09-25 17:42:06.790,2021.7561666666666
2019.09.24,08:00:21.42,40.8745,28.212,9.9,4.5,2019-09-24 08:00:21.420,754.4535
2019.09.23,19:25:54.21,40.1118,24.8228,8.1,3.5,2019-09-23 19:25:54.210,736.8608333333334
2019.09.23,07:09:02.56,36.0227,27.2343,12.1,4.1,2019-09-23 07:09:02.560,17215.816833333334
2019.09.11,08:13:13.55,38.1222,24.0238,1.3,3.5,2019-09-11 08:13:13.550,11279.540333333334
2019.09.03,12:13:41.13,38.7213,26.5463,9.5,3.6,2019-09-03 12:13:41.130,330.29966666666667
2019.09.03,06:43:23.15,38.729,26.5495,9.6,3.7,2019-09-03 06:43:23.150,1470.0925
2019.09.02,06:13:17.60,36.486,28.7228,5.0,3.9,2019-09-02 06:13:17.600,3477.601666666667
2019.08.30,20:15:41.50,37.5562,26.7718,13.2,3.7,2019-08-30 20:15:41.500,174.611
2019.08.30,17:21:04.84,37.5372,26.7665,16.8,4.5,2019-08-30 17:21:04.840,57.17466666666667
2019.08.30,16:23:54.36,37.5473,26.7872,12.0,3.8,2019-08-30 16:23:54.360,45.67633333333333
2019.08.30,15:38:13.78,37.5158,26.7573,10.7,4.6,2019-08-30 15:38:13.780,3069.498833333333
2019.08.28,12:28:43.85,36.1878,28.3843,78.8,3.4,2019-08-28 12:28:43.850,1804.0993333333333
2019.08.27,06:24:37.89,38.1538,23.5923,1.8,3.9,2019-08-27 06:24:37.890,5726.267333333333
2019.08.23,06:58:21.85,40.3415,27.1117,5.7,3.7,2019-08-23 06:58:21.850,1981.8443333333335
2019.08.21,21:56:31.19,40.0745,24.5818,11.1,3.7,2019-08-21 21:56:31.190,568.0985000000001
2019.08.21,12:28:25.28,37.8763,29.6043,9.7,3.4,2019-08-21 12:28:25.280,1911.2831666666668
2019.08.20,04:37:08.29,37.8383,29.7262,7.7,4.0,2019-08-20 04:37:08.290,8227.755666666668
2019.08.14,11:29:22.95,37.8392,29.6593,3.0,3.8,2019-08-14 11:29:22.950,8079.163666666666
2019.08.08,20:50:13.13,37.8503,29.7402,7.9,3.6,2019-08-08 20:50:13.130,491.87666666666667
2019.08.08,12:38:20.53,37.8482,29.6673,5.0,3.7,2019-08-08 12:38:20.530,64.64383333333333
2019.08.08,11:33:41.90,37.853,29.6873,10.9,3.8,2019-08-08 11:33:41.900,8.212
2019.08.08,11:25:29.18,37.9012,29.595,8.9,5.6,2019-08-08 11:25:29.180,5.888333333333334
2019.08.08,11:19:35.88,37.8818,29.5797,8.9,4.1,2019-08-08 11:19:35.880,17.12183333333333
2019.08.08,11:02:28.57,38.0358,26.8575,8.4,3.5,2019-08-08 11:02:28.570,143.34883333333335
2019.08.08,08:39:07.64,38.0182,26.8568,12.9,4.8,2019-08-08 08:39:07.640,1596.617
2019.08.07,06:02:30.62,39.305,27.704,7.0,3.5,2019-08-07 06:02:30.620,5085.3705
2019.08.03,17:17:08.39,38.2403,22.8768,5.0,0.0,2019-08-03 17:17:08.390,4662.546166666667
2019.07.31,11:34:35.62,39.8097,27.2312,9.9,3.9,2019-07-31 11:34:35.620,2461.0595000000003
2019.07.29,18:33:32.05,40.8882,23.7172,13.4,3.7,2019-07-29 18:33:32.050,1584.4315
2019.07.28,16:09:06.16,38.1872,23.4855,4.3,4.2,2019-07-28 16:09:06.160,2340.02
2019.07.27,01:09:04.96,38.9492,24.9795,9.8,3.6,2019-07-27 01:09:04.960,8591.784833333333
2019.07.21,01:57:17.87,37.3422,29.8313,6.3,3.5,2019-07-21 01:57:17.870,1979.6873333333335
2019.07.19,16:57:36.63,38.3925,23.5145,5.0,3.5,2019-07-19 16:57:36.630,285.73616666666663
2019.07.19,12:11:52.46,38.162,23.6245,4.0,4.3,2019-07-19 12:11:52.460,58.637166666666666
2019.07.19,11:13:14.23,38.1933,23.5812,6.3,5.2,2019-07-19 11:13:14.230,10974.307499999999
2019.07.11,20:18:55.78,40.6253,28.958,5.9,3.3,2019-07-11 20:18:55.780,1255.1433333333334
2019.07.10,23:23:47.18,38.9525,26.0175,9.2,3.6,2019-07-10 23:23:47.180,265.0208333333333
2019.07.10,18:58:45.93,36.4742,29.1007,18.9,3.7,2019-07-10 18:58:45.930,964.7363333333334
2019.07.10,02:54:01.75,36.1792,28.5713,40.9,3.3,2019-07-10 02:54:01.750,33006.527
2019.06.17,04:47:30.13,39.6678,26.4735,12.1,3.9,2019-06-17 04:47:30.130,6122.6615
2019.06.12,22:44:50.44,40.7227,27.4435,14.5,3.3,2019-06-12 22:44:50.440,50.35183333333334
2019.06.12,21:54:29.33,38.6912,23.0067,2.5,3.9,2019-06-12 21:54:29.330,8920.195
2019.06.06,17:14:17.63,39.7215,25.5645,1.4,3.7,2019-06-06 17:14:17.630,830.0946666666666
2019.06.06,03:24:11.95,39.2587,25.5077,9.4,3.5,2019-06-06 03:24:11.950,3431.07
2019.06.03,18:13:07.75,39.2948,27.709,7.3,3.6,2019-06-03 18:13:07.750,5549.373666666666
2019.05.30,21:43:45.33,36.9757,27.6507,7.3,4.3,2019-05-30 21:43:45.330,3855.980666666667
2019.05.28,05:27:46.49,36.976,27.6392,7.1,4.5,2019-05-28 05:27:46.490,2480.5924999999997
2019.05.26,12:07:10.94,37.2628,28.0455,14.3,4.1,2019-05-26 12:07:10.940,6.828333333333333
2019.05.26,12:00:21.24,37.2577,28.0522,14.2,3.4,2019-05-26 12:00:21.240,1426.77
2019.05.25,12:13:35.04,40.5673,27.1237,16.0,4.0,2019-05-25 12:13:35.040,432.95633333333336
2019.05.25,05:00:37.66,37.1468,27.7405,6.9,3.7,2019-05-25 05:00:37.660,5263.003333333333
2019.05.21,13:17:37.46,40.7462,27.4018,18.4,0.0,2019-05-21 13:17:37.460,473.0638333333334
2019.05.21,05:24:33.63,39.1688,27.6133,6.5,3.8,2019-05-21 05:24:33.630,2096.4153333333334
2019.05.19,18:28:08.71,39.3795,25.536,9.0,3.7,2019-05-19 18:28:08.710,220.9125
2019.05.19,14:47:13.96,36.86,26.7675,21.2,3.8,2019-05-19 14:47:13.960,192.48866666666666
2019.05.19,11:34:44.64,36.9265,27.646,12.1,3.9,2019-05-19 11:34:44.640,0.35966666666666663
2019.05.19,11:34:23.06,36.9433,27.658,7.2,3.9,2019-05-19 11:34:23.060,290.38866666666667
2019.05.19,06:43:59.74,38.9225,26.1273,9.4,3.7,2019-05-19 06:43:59.740,9139.852666666668
2019.05.12,22:24:08.58,39.3307,27.9223,7.7,4.5,2019-05-12 22:24:08.580,4698.663833333334
2019.05.09,16:05:28.75,40.8463,28.1427,13.1,3.6,2019-05-09 16:05:28.750,2234.8206666666665
2019.05.08,02:50:39.51,39.2845,27.7107,11.5,3.6,2019-05-08 02:50:39.510,10798.262333333334
2019.04.30,14:52:23.77,39.071,26.4953,10.3,3.4,2019-04-30 14:52:23.770,1212.5600000000002
2019.04.29,18:39:50.17,39.3883,26.333,10.2,3.6,2019-04-29 18:39:50.170,37.115
2019.04.29,18:02:43.27,39.3995,26.3192,11.6,4.3,2019-04-29 18:02:43.270,9986.088333333335
2019.04.22,19:36:37.97,37.1383,28.673,5.0,4.2,2019-04-22 19:36:37.970,200.126
2019.04.22,16:16:30.41,37.1537,28.6945,6.0,3.5,2019-04-22 16:16:30.410,9994.087833333333
2019.04.15,17:42:25.14,36.4807,28.7273,5.0,4.1,2019-04-15 17:42:25.140,2598.208833333333
2019.04.13,22:24:12.61,37.7342,27.5205,7.5,3.6,2019-04-13 22:24:12.610,6418.641833333333
2019.04.09,11:25:34.10,39.584,23.9712,12.5,3.5,2019-04-09 11:25:34.100,6984.271833333333
2019.04.04,15:01:17.79,37.495,29.3223,7.9,4.3,2019-04-04 15:01:17.790,5024.454500000001
2019.04.01,03:16:50.52,37.4567,29.4697,8.8,3.5,2019-04-01 03:16:50.520,87.36683333333333
2019.04.01,01:49:28.51,37.4882,29.3922,6.6,4.4,2019-04-01 01:49:28.510,715.4071666666666
2019.03.31,13:54:04.08,37.4982,29.3487,4.3,3.5,2019-03-31 13:54:04.080,128.51866666666666
2019.03.31,11:45:32.96,37.472,29.3248,5.7,4.0,2019-03-31 11:45:32.960,15.286333333333333
2019.03.31,11:30:15.78,37.4707,29.3768,6.2,5.0,2019-03-31 11:30:15.780,801.1513333333334
2019.03.30,22:09:06.70,37.4415,29.4345,7.0,3.8,2019-03-30 22:09:06.700,4962.08
2019.03.27,11:27:01.90,37.4597,29.3977,5.1,0.0,2019-03-27 11:27:01.900,2691.487333333333
2019.03.25,14:35:32.66,37.4953,29.424,5.5,3.6,2019-03-25 14:35:32.660,166.5685
2019.03.25,11:48:58.55,37.5048,29.4272,4.9,3.5,2019-03-25 11:48:58.550,333.5108333333334
2019.03.25,06:15:27.90,37.4023,29.4203,5.6,4.2,2019-03-25 06:15:27.900,838.4288333333334
2019.03.24,16:17:02.17,37.4718,29.4212,7.0,4.0,2019-03-24 16:17:02.170,950.8326666666667
2019.03.24,00:26:12.21,37.4308,29.455,6.4,3.4,2019-03-24 00:26:12.210,548.2193333333333
2019.03.23,15:17:59.05,40.8117,27.7537,18.1,3.6,2019-03-23 15:17:59.050,746.7906666666667
2019.03.23,02:51:11.61,40.7923,27.7555,17.7,3.3,2019-03-23 02:51:11.610,678.4148333333334
2019.03.22,15:32:46.72,37.4958,29.4098,5.6,4.2,2019-03-22 15:32:46.720,432.0131666666667
2019.03.22,08:20:45.93,37.4483,29.422,5.1,4.0,2019-03-22 08:20:45.930,3.3810000000000002
2019.03.22,08:17:23.07,37.467,29.4483,5.9,3.5,2019-03-22 08:17:23.070,936.1916666666667
2019.03.21,16:41:11.57,37.4532,29.423,7.0,4.0,2019-03-21 16:41:11.570,919.2065
2019.03.21,01:21:59.18,37.449,29.4408,7.2,3.7,2019-03-21 01:21:59.180,400.1226666666667
2019.03.20,18:41:51.82,37.407,29.4465,9.5,3.9,2019-03-20 18:41:51.820,58.95933333333333
2019.03.20,17:42:54.26,37.4175,29.4402,6.2,4.4,2019-03-20 17:42:54.260,38.62416666666666
2019.03.20,17:04:16.81,37.3887,29.4587,3.0,4.1,2019-03-20 17:04:16.810,164.19816666666665
2019.03.20,14:20:04.92,37.4842,29.4095,5.5,3.6,2019-03-20 14:20:04.920,83.07116666666667
2019.03.20,12:57:00.65,37.4643,29.3952,5.9,3.5,2019-03-20 12:57:00.650,11.302333333333333
2019.03.20,12:45:42.51,37.4573,29.4078,6.0,4.2,2019-03-20 12:45:42.510,285.25033333333334
2019.03.20,08:00:27.49,37.4072,29.4113,6.3,4.2,2019-03-20 08:00:27.490,40.0805
2019.03.20,07:20:22.66,37.4438,29.4037,5.0,3.9,2019-03-20 07:20:22.660,20.787
2019.03.20,06:59:35.44,39.7335,25.5637,4.8,3.5,2019-03-20 06:59:35.440,7.625166666666667
2019.03.20,06:51:57.93,37.4348,29.42,5.0,4.2,2019-03-20 06:51:57.930,6.385166666666667
2019.03.20,06:45:34.82,37.4245,29.4033,3.1,3.6,2019-03-20 06:45:34.820,3.6373333333333333
2019.03.20,06:41:56.58,37.4753,29.3998,6.6,0.0,2019-03-20 06:41:56.580,3.6256666666666666
2019.03.20,06:38:19.04,37.4742,29.4165,6.9,4.8,2019-03-20 06:38:19.040,3.8891666666666667
2019.03.20,06:34:25.69,37.4267,29.4468,5.0,5.7,2019-03-20 06:34:25.690,292.6263333333334
2019.03.20,01:41:48.11,37.4375,29.4718,6.8,3.6,2019-03-20 01:41:48.110,81.51466666666667
2019.03.20,00:20:17.23,39.7273,25.5718,7.5,3.3,2019-03-20 00:20:17.230,4950.073166666667
2019.03.16,13:50:12.84,37.155,28.6952,5.0,3.7,2019-03-16 13:50:12.840,605.6265
2019.03.16,03:44:35.25,39.727,25.5952,9.1,3.6,2019-03-16 03:44:35.250,166.20200000000003
2019.03.16,00:58:23.13,39.7325,25.6305,8.6,3.6,2019-03-16 00:58:23.130,184.08149999999998
2019.03.15,21:54:18.24,39.7393,25.5782,6.8,4.4,2019-03-15 21:54:18.240,2117.1553333333336
2019.03.14,10:37:08.92,39.5193,24.0605,20.1,4.0,2019-03-14 10:37:08.920,760.2388333333333
2019.03.13,21:56:54.59,38.9807,25.0233,15.6,3.5,2019-03-13 21:56:54.590,163.334
2019.03.13,19:13:34.55,38.7873,25.9542,17.2,3.3,2019-03-13 19:13:34.550,728.1608333333334
2019.03.13,07:05:24.90,39.6155,26.4438,7.0,3.4,2019-03-13 07:05:24.900,2468.228666666667
2019.03.11,13:57:11.18,38.8348,25.9102,16.8,3.9,2019-03-11 13:57:11.180,274.39483333333334
2019.03.11,09:22:47.49,37.8878,28.7443,6.5,3.9,2019-03-11 09:22:47.490,9375.332166666667
2019.03.04,21:07:27.56,40.45,28.4655,13.8,4.0,2019-03-04 21:07:27.560,3556.0321666666664
2019.03.02,09:51:25.63,39.62,26.4337,11.7,3.8,2019-03-02 09:51:25.630,356.4925
2019.03.02,03:54:56.08,37.6483,26.9407,15.3,3.6,2019-03-02 03:54:56.080,857.6991666666667
2019.03.01,13:37:14.13,38.7748,25.923,11.6,3.9,2019-03-01 13:37:14.130,1642.9995000000001
2019.02.28,10:14:14.16,39.5725,28.8385,9.4,3.5,2019-02-28 10:14:14.160,2622.9649999999997
2019.02.26,14:31:16.26,38.2723,23.3472,2.4,3.7,2019-02-26 14:31:16.260,3668.8615
2019.02.24,01:22:24.57,40.38,27.1757,11.1,3.9,2019-02-24 01:22:24.570,16.747
2019.02.24,01:05:39.75,40.3932,27.1682,9.7,3.6,2019-02-24 01:05:39.750,2633.439
2019.02.22,05:12:13.41,38.4592,25.2247,13.1,3.8,2019-02-22 05:12:13.410,2010.1131666666665
2019.02.20,19:42:06.62,39.6255,26.4203,7.0,3.6,2019-02-20 19:42:06.620,78.64466666666667
2019.02.20,18:23:27.94,39.6173,26.4088,8.2,0.0,2019-02-20 18:23:27.940,1075.5096666666666
2019.02.20,00:27:57.36,40.3923,27.1535,6.8,3.5,2019-02-20 00:27:57.360,174.04
2019.02.19,21:33:54.96,40.3862,27.1572,11.5,4.1,2019-02-19 21:33:54.960,105.204
2019.02.19,19:48:42.72,40.3833,27.1537,11.6,3.7,2019-02-19 19:48:42.720,2921.025333333333
2019.02.17,19:07:41.20,36.6625,22.9915,8.7,4.7,2019-02-17 19:07:41.200,598.8001666666667
2019.02.17,09:08:53.19,36.2492,27.5757,3.2,3.5,2019-02-17 09:08:53.190,397.16083333333336
2019.02.17,02:31:43.54,39.5968,23.2293,5.5,0.0,2019-02-17 02:31:43.540,2057.2708333333335
2019.02.15,16:14:27.29,40.7818,27.9382,20.2,3.8,2019-02-15 16:14:27.290,5736.398499999999
2019.02.11,16:38:03.38,36.538,28.8327,8.6,4.0,2019-02-11 16:38:03.380,8726.1905
2019.02.05,15:11:51.95,36.5978,30.0922,7.5,4.0,2019-02-05 15:11:51.950,5817.707833333333
2019.02.01,14:14:09.48,39.7453,23.6487,3.1,3.6,2019-02-01 14:14:09.480,5595.582833333333
2019.01.28,16:58:34.51,39.441,26.1915,5.3,3.5,2019-01-28 16:58:34.510,2009.4875
2019.01.27,07:29:05.26,36.4902,28.7372,8.2,3.8,2019-01-27 07:29:05.260,252.30083333333332
2019.01.27,03:16:47.21,38.5815,27.0938,7.0,0.0,2019-01-27 03:16:47.210,1.1001666666666667
2019.01.27,03:15:41.20,39.0222,27.7567,12.8,4.1,2019-01-27 03:15:41.200,1855.1216666666667
2019.01.25,20:20:33.90,38.5823,27.1012,16.0,4.1,2019-01-25 20:20:33.900,2280.4725000000003
2019.01.24,06:20:05.55,36.5132,28.7628,4.2,3.6,2019-01-24 06:20:05.550,571.3073333333334
2019.01.23,20:48:47.11,36.4822,28.722,2.9,3.4,2019-01-23 20:48:47.110,49.18666666666666
2019.01.23,19:59:35.91,36.4808,28.7267,5.0,3.5,2019-01-23 19:59:35.910,1427.5085
2019.01.22,20:12:05.40,36.815,28.0305,78.9,0.0,2019-01-22 20:12:05.400,11748.0325
2019.01.14,16:24:03.45,37.9192,27.1213,6.8,3.5,2019-01-14 16:24:03.450,564.4636666666667
2019.01.14,06:59:35.63,39.3413,25.5358,9.4,3.9,2019-01-14 06:59:35.630,520.3156666666666
2019.01.13,22:19:16.69,36.3453,25.0798,2.9,3.5,2019-01-13 22:19:16.690,832.2381666666666
2019.01.13,08:27:02.40,36.3215,25.1513,27.9,0.0,2019-01-13 08:27:02.400,1503.8899999999999
2019.01.12,07:23:09.00,36.4788,28.7253,5.0,4.1,2019-01-12 07:23:09.000,913.2101666666666
2019.01.11,16:09:56.39,40.2818,28.8565,5.2,3.7,2019-01-11 16:09:56.390,851.16
2019.01.11,01:58:46.79,40.155,25.0702,1.2,3.5,2019-01-11 01:58:46.790,8498.5415
2019.01.05,04:20:14.30,40.4447,28.3713,10.4,3.9,2019-01-05 04:20:14.300,2152.291
2019.01.03,16:27:56.84,39.5097,26.1643,5.6,3.5,2019-01-03 16:27:56.840,7268.758333333333
2018.12.29,15:19:11.34,40.3967,26.0462,11.3,3.7,2018-12-29 15:19:11.340,1386.4283333333333
2018.12.28,16:12:45.64,39.5273,26.1738,6.1,3.7,2018-12-28 16:12:45.640,6818.6230000000005
2018.12.23,22:34:08.26,37.392,23.9575,5.0,3.9,2018-12-23 22:34:08.260,5279.731
2018.12.20,06:34:24.40,40.5995,28.9773,7.3,4.4,2018-12-20 06:34:24.400,99.76299999999999
2018.12.20,04:54:38.62,36.3427,22.9577,19.3,4.2,2018-12-20 04:54:38.620,2185.511833333333
2018.12.18,16:29:07.91,39.558,24.278,15.3,3.7,2018-12-18 16:29:07.910,1548.2143333333333
2018.12.17,14:40:55.05,39.5243,26.1807,7.4,3.9,2018-12-17 14:40:55.050,1152.7365
2018.12.16,19:28:10.86,39.5692,24.2517,15.2,0.0,2018-12-16 19:28:10.860,6.2125
2018.12.16,19:21:58.11,39.5443,24.309,10.6,3.9,2018-12-16 19:21:58.110,209.16833333333335
2018.12.16,15:52:48.01,39.5652,24.3198,15.9,3.5,2018-12-16 15:52:48.010,388.306
2018.12.16,09:24:29.65,39.588,24.3088,15.4,4.5,2018-12-16 09:24:29.650,1438.3808333333334
2018.12.15,09:26:06.80,40.3772,28.9855,8.1,3.7,2018-12-15 09:26:06.800,6074.3795
2018.12.11,04:11:44.03,39.5827,24.2922,13.7,4.2,2018-12-11 04:11:44.030,9573.681333333334
2018.12.04,12:38:03.15,40.6673,26.9752,11.3,3.4,2018-12-04 12:38:03.150,1564.5431666666666
2018.12.03,10:33:30.56,36.4477,28.6908,5.0,0.0,2018-12-03 10:33:30.560,2217.3325
2018.12.01,21:36:10.61,40.588,28.9725,12.0,3.4,2018-12-01 21:36:10.610,1315.4876666666667
2018.11.30,23:40:41.35,36.5172,28.6872,18.9,3.6,2018-11-30 23:40:41.350,1264.112
2018.11.30,02:36:34.63,40.5985,28.9668,12.1,4.0,2018-11-30 02:36:34.630,124.09033333333333
2018.11.30,00:32:29.21,36.9347,23.2018,16.6,0.0,2018-11-30 00:32:29.210,2770.6811666666667
2018.11.28,02:21:48.34,36.4642,28.7417,5.0,3.3,2018-11-28 02:21:48.340,155.7715
2018.11.27,23:46:02.05,36.6232,25.7438,12.4,4.1,2018-11-27 23:46:02.050,21.572666666666667
2018.11.27,23:24:27.69,36.6753,25.7513,17.2,3.8,2018-11-27 23:24:27.690,8.3025
2018.11.27,23:16:09.54,36.6617,25.7322,7.9,4.7,2018-11-27 23:16:09.540,1869.9665
2018.11.26,16:06:11.55,38.1468,23.5717,9.2,0.0,2018-11-26 16:06:11.550,10758.702833333335
2018.11.19,04:47:29.38,40.5097,22.5837,8.5,4.1,2018-11-19 04:47:29.380,1342.7293333333332
2018.11.18,06:24:45.62,36.4602,27.8708,68.0,3.2,2018-11-18 06:24:45.620,1095.3151666666668
2018.11.17,12:09:26.71,41.0182,23.4663,2.8,3.5,2018-11-17 12:09:26.710,13710.854833333335
2018.11.07,23:38:35.42,36.885,27.6055,11.0,3.5,2018-11-07 23:38:35.420,9.0665
2018.11.07,23:29:31.43,36.8787,27.6005,6.6,3.5,2018-11-07 23:29:31.430,771.2823333333333
2018.11.07,10:38:14.49,38.7807,26.5138,11.6,4.0,2018-11-07 10:38:14.490,113.22166666666666
2018.11.07,08:45:01.19,38.7847,26.5253,10.4,3.9,2018-11-07 08:45:01.190,2317.059
2018.11.05,18:07:57.65,37.1702,28.7945,7.5,3.6,2018-11-05 18:07:57.650,1056.958
2018.11.05,00:31:00.17,36.4478,28.7378,5.0,3.6,2018-11-05 00:31:00.170,3799.4983333333334
2018.11.02,09:11:30.27,36.464,28.7268,5.0,4.1,2018-11-02 09:11:30.270,1502.8216666666667
2018.11.01,08:08:40.97,36.476,28.723,5.0,3.5,2018-11-01 08:08:40.970,3148.0480000000002
2018.10.30,03:40:38.09,36.4465,28.7082,5.0,3.6,2018-10-30 03:40:38.090,194.94099999999997
2018.10.30,00:25:41.63,36.4622,28.7102,5.0,4.5,2018-10-30 00:25:41.630,1193.0541666666666
2018.10.29,04:32:38.38,36.451,28.7052,5.0,4.0,2018-10-29 04:32:38.380,408.6255
2018.10.28,21:44:00.85,38.2028,26.853,13.0,3.2,2018-10-28 21:44:00.850,804.5018333333334
2018.10.28,08:19:30.74,38.1968,26.8698,13.8,3.3,2018-10-28 08:19:30.740,3.9204999999999997
2018.10.28,08:15:35.51,38.2008,26.8557,14.5,4.0,2018-10-28 08:15:35.510,116.95599999999999
2018.10.28,06:18:38.15,38.2007,26.856,14.2,3.8,2018-10-28 06:18:38.150,38.12566666666667
2018.10.28,05:40:30.61,38.1912,26.854,8.7,3.5,2018-10-28 05:40:30.610,2195.1595
2018.10.26,17:05:21.04,38.1953,26.8557,12.0,3.4,2018-10-26 17:05:21.040,3749.1316666666667
2018.10.24,02:36:13.14,36.4717,28.7427,5.0,4.1,2018-10-24 02:36:13.140,519.17
2018.10.23,17:57:02.94,39.2797,26.0548,7.0,3.8,2018-10-23 17:57:02.940,56.361
2018.10.23,17:00:41.28,38.8353,26.4082,14.1,3.4,2018-10-23 17:00:41.280,11679.297833333334
2018.10.15,14:21:23.41,36.8772,27.5638,8.0,4.0,2018-10-15 14:21:23.410,318.61966666666666
2018.10.15,09:02:46.23,40.528,23.529,11.6,3.9,2018-10-15 09:02:46.230,8069.292833333334
2018.10.09,18:33:28.66,37.1483,28.5617,2.0,3.5,2018-10-09 18:33:28.660,11246.839666666667
2018.10.01,23:06:38.28,36.4473,28.7188,7.4,3.3,2018-10-01 23:06:38.280,5505.293166666667
2018.09.28,03:21:20.69,36.659,26.545,3.4,3.6,2018-09-28 03:21:20.690,2474.5378333333333
2018.09.26,10:06:48.42,40.1742,24.9348,16.4,3.5,2018-09-26 10:06:48.420,461.79366666666664
2018.09.26,02:25:00.80,36.4948,28.7598,5.0,3.5,2018-09-26 02:25:00.800,7317.2716666666665
2018.09.21,00:27:44.50,36.461,28.7308,5.0,3.8,2018-09-21 00:27:44.500,3431.5153333333337
2018.09.18,15:16:13.58,40.3235,22.5373,8.9,4.1,2018-09-18 15:16:13.580,5112.7311666666665
2018.09.15,02:03:29.71,37.6425,26.9447,11.3,3.6,2018-09-15 02:03:29.710,413.195
2018.09.14,19:10:18.01,36.4677,28.7452,5.0,3.8,2018-09-14 19:10:18.010,2936.8534999999997
2018.09.12,18:13:26.80,36.4453,28.7325,1.5,4.2,2018-09-12 18:13:26.800,2221.4895
2018.09.11,05:11:57.43,36.4628,28.749,6.9,3.9,2018-09-11 05:11:57.430,844.7928333333333
2018.09.10,15:07:09.86,36.983,27.7705,11.1,4.4,2018-09-10 15:07:09.860,307.262
2018.09.10,09:59:54.14,36.455,28.7358,1.9,3.5,2018-09-10 09:59:54.140,1044.8288333333335
2018.09.09,16:35:04.41,36.4758,28.7523,6.5,3.7,2018-09-09 16:35:04.410,1063.0661666666667
2018.09.08,22:52:00.44,36.9797,27.7643,8.7,3.7,2018-09-08 22:52:00.440,1457.4291666666666
2018.09.07,22:34:34.69,38.8923,26.4433,11.0,4.0,2018-09-07 22:34:34.690,1361.0176666666666
2018.09.06,23:53:33.63,38.9013,26.4308,13.3,4.0,2018-09-06 23:53:33.630,1073.1528333333333
2018.09.06,06:00:24.46,40.8427,28.4122,11.7,0.0,2018-09-06 06:00:24.460,6792.335999999999
2018.09.01,12:48:04.30,36.6275,27.9733,62.9,3.7,2018-09-01 12:48:04.300,284.22933333333333
2018.09.01,08:03:50.54,39.0688,23.268,10.9,4.1,2018-09-01 08:03:50.540,10073.333166666667
2018.08.25,08:10:30.55,38.8945,26.4343,12.9,3.8,2018-08-25 08:10:30.550,11655.585666666668
2018.08.17,05:54:55.41,40.851,26.5097,10.2,3.3,2018-08-17 05:54:55.410,5577.771166666667
2018.08.13,08:57:09.14,40.6605,27.3557,17.2,3.4,2018-08-13 08:57:09.140,7138.586333333334
2018.08.08,09:58:33.96,36.4367,28.7468,7.9,3.3,2018-08-08 09:58:33.960,1822.3826666666669
2018.08.07,03:36:11.00,36.8717,27.6612,10.7,3.7,2018-08-07 03:36:11.000,8850.028166666665
2018.08.01,00:06:09.31,39.1715,24.2548,8.8,3.7,2018-08-01 00:06:09.310,3167.4668333333334
2018.07.29,19:18:41.30,38.283,23.2605,8.7,3.8,2018-07-29 19:18:41.300,4980.850333333334
2018.07.26,08:17:50.28,37.6552,26.6512,10.2,4.4,2018-07-26 08:17:50.280,4657.457666666667
2018.07.23,02:40:22.82,37.5482,29.8168,5.0,4.7,2018-07-23 02:40:22.820,6164.2585
2018.07.18,19:56:07.31,39.5543,26.0327,8.4,3.3,2018-07-18 19:56:07.310,8639.310333333333
2018.07.12,19:56:48.69,38.8437,26.5657,11.6,3.5,2018-07-12 19:56:48.690,22736.003666666667
2018.06.27,01:00:48.47,38.8283,26.4058,11.8,4.1,2018-06-27 01:00:48.470,2438.8906666666667
2018.06.25,08:21:55.03,40.6557,23.3002,15.3,4.1,2018-06-25 08:21:55.030,14710.147666666666
2018.06.15,03:11:46.17,39.3475,23.7558,56.7,4.1,2018-06-15 03:11:46.170,20.037333333333333
2018.06.15,02:51:43.93,39.3655,23.7578,45.7,3.9,2018-06-15 02:51:43.930,5084.083666666667
2018.06.11,14:07:38.91,39.3755,24.8533,14.7,3.8,2018-06-11 14:07:38.910,1343.3158333333333
2018.06.10,15:44:19.96,36.4543,29.0785,19.4,3.8,2018-06-10 15:44:19.960,1039.4548333333335
2018.06.09,22:24:52.67,36.904,27.6017,13.3,4.0,2018-06-09 22:24:52.670,1617.2785000000001
2018.06.08,19:27:35.96,36.4623,22.9377,7.7,3.6,2018-06-08 19:27:35.960,4954.948
2018.06.05,08:52:39.08,36.7013,22.6908,9.2,4.6,2018-06-05 08:52:39.080,9467.507666666666
2018.05.29,19:05:08.62,39.5853,25.9327,6.0,3.5,2018-05-29 19:05:08.620,493.695
2018.05.29,10:51:26.92,39.5797,25.9115,1.1,3.6,2018-05-29 10:51:26.920,26.450499999999998
2018.05.29,10:24:59.89,39.5903,25.9863,4.2,4.1,2018-05-29 10:24:59.890,17447.186333333335
2018.05.17,07:37:48.71,39.5348,26.1612,8.1,3.6,2018-05-17 07:37:48.710,547.7668333333334
2018.05.16,22:30:02.70,36.6092,23.0188,5.5,4.8,2018-05-16 22:30:02.700,6653.822666666666
2018.05.12,07:36:13.34,38.401,26.4238,16.5,3.4,2018-05-12 07:36:13.340,8036.3925
2018.05.06,17:39:49.79,39.3985,26.201,8.9,3.7,2018-05-06 17:39:49.790,2849.7006666666666
2018.05.04,18:10:07.75,38.7668,27.766,9.6,3.9,2018-05-04 18:10:07.750,1991.3425
2018.05.03,08:58:47.20,39.5218,26.0173,6.2,3.4,2018-05-03 08:58:47.200,414.2298333333334
2018.05.03,02:04:33.41,39.9797,26.9243,12.7,4.2,2018-05-03 02:04:33.410,1753.7963333333332
2018.05.01,20:50:45.63,38.246,23.8873,5.0,3.9,2018-05-01 20:50:45.630,456.3103333333333
2018.05.01,13:14:27.01,38.7528,27.7513,6.3,3.8,2018-05-01 13:14:27.010,550.6426666666666
2018.05.01,04:03:48.45,36.8993,27.5575,7.4,4.2,2018-05-01 04:03:48.450,6141.206
2018.04.26,21:42:36.09,37.8672,27.5868,5.0,3.7,2018-04-26 21:42:36.090,604.919
2018.04.26,11:37:40.95,37.8232,29.2907,5.0,4.3,2018-04-26 11:37:40.950,1460.2575
2018.04.25,11:17:25.50,36.792,23.8707,86.9,3.3,2018-04-25 11:17:25.500,6342.739166666666
2018.04.21,01:34:41.15,39.893,23.7995,14.9,4.0,2018-04-21 01:34:41.150,64.39783333333334
2018.04.21,00:30:17.28,39.869,23.7878,9.4,3.8,2018-04-21 00:30:17.280,10.229999999999999
2018.04.21,00:20:03.48,39.884,23.7513,5.0,4.7,2018-04-21 00:20:03.480,719.895
2018.04.20,12:20:09.78,36.937,27.3095,11.8,3.9,2018-04-20 12:20:09.780,8655.705833333333
2018.04.14,12:04:27.43,37.9025,29.2108,8.8,3.9,2018-04-14 12:04:27.430,5528.1465
2018.04.10,15:56:18.64,36.6938,26.1683,15.7,4.7,2018-04-10 15:56:18.640,253.91649999999998
2018.04.10,11:42:23.65,40.5718,24.0832,20.6,3.7,2018-04-10 11:42:23.650,10157.419666666667
2018.04.03,10:24:58.47,36.5505,25.3748,20.5,3.3,2018-04-03 10:24:58.470,680.9295
2018.04.02,23:04:02.70,38.8127,27.7762,8.7,3.9,2018-04-02 23:04:02.700,25515.13583333333
2018.03.16,05:48:54.55,37.105,28.5992,5.0,3.5,2018-03-16 05:48:54.550,5100.971166666667
2018.03.12,16:47:56.28,38.407,27.7098,6.9,3.9,2018-03-12 16:47:56.280,5007.6016666666665
2018.03.09,05:20:20.18,38.6037,25.6397,17.7,3.6,2018-03-09 05:20:20.180,2237.7956666666664
2018.03.07,16:02:32.44,39.5923,26.0512,7.5,3.7,2018-03-07 16:02:32.440,14092.1005
2018.02.25,21:10:26.41,39.551,26.019,9.4,3.8,2018-02-25 21:10:26.410,349.22566666666665
2018.02.25,15:21:12.87,38.5837,25.4808,11.0,4.3,2018-02-25 15:21:12.870,2224.673333333333
2018.02.24,02:16:32.47,38.6642,26.638,12.0,3.5,2018-02-24 02:16:32.470,2656.0843333333332
2018.02.22,06:00:27.41,39.4772,23.6147,14.4,4.0,2018-02-22 06:00:27.410,3007.5755
2018.02.20,03:52:52.88,39.2845,23.9247,17.6,4.2,2018-02-20 03:52:52.880,8558.835666666668
2018.02.14,05:14:02.74,38.6617,27.4428,9.7,3.6,2018-02-14 05:14:02.740,12720.927333333333
2018.02.05,09:13:07.10,41.1868,22.8238,10.3,4.0,2018-02-05 09:13:07.100,2072.706
2018.02.03,22:40:24.74,38.85,26.4398,10.1,3.5,2018-02-03 22:40:24.740,9111.869999999999
2018.01.28,14:48:32.54,37.277,23.888,15.5,4.3,2018-01-28 14:48:32.540,13238.412666666667
2018.01.19,10:10:07.78,37.5483,23.8297,27.1,3.7,2018-01-19 10:10:07.780,612.242
2018.01.18,23:57:53.26,39.4373,22.9185,16.8,3.9,2018-01-18 23:57:53.260,1551.255
2018.01.17,22:06:37.96,37.084,28.6015,5.0,3.7,2018-01-17 22:06:37.960,2540.0
2018.01.16,03:46:37.96,38.926,26.0337,11.6,3.5,2018-01-16 03:46:37.960,442.42249999999996
2018.01.15,20:24:12.61,38.1912,23.9595,4.0,4.2,2018-01-15 20:24:12.610,1947.9134999999999
2018.01.14,11:56:17.80,39.5605,26.0097,7.0,4.0,2018-01-14 11:56:17.800,1.0221666666666667
2018.01.14,11:55:16.47,39.557,26.01,6.2,0.0,2018-01-14 11:55:16.470,864.0261666666667
2018.01.13,21:31:14.90,37.0027,27.626,6.0,3.4,2018-01-13 21:31:14.900,5838.8385
2018.01.09,20:12:24.59,38.4207,26.6827,15.6,3.7,2018-01-09 20:12:24.590,6194.3735
2018.01.05,12:58:02.18,36.3173,27.4365,86.4,3.8,2018-01-05 12:58:02.180,504.748
2018.01.05,04:33:17.30,37.1057,28.6347,8.0,4.2,2018-01-05 04:33:17.300,76.02199999999999
2018.01.05,03:17:15.98,36.1718,28.1935,69.2,3.4,2018-01-05 03:17:15.980,11.050333333333333
2018.01.05,03:06:12.96,41.197,22.829,13.5,3.6,2018-01-05 03:06:12.960,1332.3023333333333
2018.01.04,04:53:54.82,39.3487,28.0002,9.2,3.9,2018-01-04 04:53:54.820,451.12399999999997
2018.01.03,21:22:47.38,38.8463,26.3847,15.0,3.6,2018-01-03 21:22:47.380,2454.0598333333332
2018.01.02,04:28:43.79,41.0615,22.7828,20.6,0.0,2018-01-02 04:28:43.790,372.5023333333333
2018.01.01,22:16:13.65,41.1308,22.8215,6.1,3.7,2018-01-01 22:16:13.650,2.3641666666666667
2018.01.01,22:13:51.80,41.179,22.8627,9.8,4.2,2018-01-01 22:13:51.800,1561.8246666666666
2017.12.31,20:12:02.32,40.5658,27.867,12.6,3.8,2017-12-31 20:12:02.320,969.7688333333333
2017.12.31,04:02:16.19,38.2603,22.7633,2.1,4.7,2017-12-31 04:02:16.190,529.4461666666667
2017.12.30,19:12:49.42,37.109,28.6452,5.0,3.9,2017-12-30 19:12:49.420,616.178
2017.12.30,08:56:38.74,39.3658,25.5243,9.1,4.0,2017-12-30 08:56:38.740,4247.720166666667
2017.12.27,10:08:55.53,38.941,26.2487,10.0,3.7,2017-12-27 10:08:55.530,3158.596
2017.12.25,05:30:19.77,38.5902,26.7447,18.9,3.9,2017-12-25 05:30:19.770,16.496166666666667
2017.12.25,05:13:50.00,38.575,26.7358,17.5,4.6,2017-12-25 05:13:50.000,4914.773166666667
2017.12.21,19:19:03.61,36.9233,27.6063,6.8,3.6,2017-12-21 19:19:03.610,2904.9598333333333
2017.12.19,18:54:06.02,39.5397,28.2117,5.0,3.4,2017-12-19 18:54:06.020,2393.076666666667
2017.12.18,03:01:01.42,37.8668,27.5598,5.0,3.5,2017-12-18 03:01:01.420,5990.114666666666
2017.12.13,23:10:54.54,40.0953,27.7623,11.0,3.5,2017-12-13 23:10:54.540,3348.7283333333335
2017.12.11,15:22:10.84,36.4332,28.7623,44.5,3.5,2017-12-11 15:22:10.840,4921.514166666666
2017.12.08,05:20:39.99,36.366,27.585,15.1,4.3,2017-12-08 05:20:39.990,335.8568333333333
2017.12.07,23:44:48.58,40.5117,22.5128,15.6,3.6,2017-12-07 23:44:48.580,15469.528333333332
2017.11.27,05:55:16.88,38.7597,26.0385,20.9,3.8,2017-11-27 05:55:16.880,952.5081666666666
2017.11.26,14:02:46.39,37.1242,28.5903,5.0,0.0,2017-11-26 14:02:46.390,2392.802
2017.11.24,22:09:58.27,37.1105,28.5768,14.0,3.7,2017-11-24 22:09:58.270,20.7225
2017.11.24,21:49:14.92,37.1388,28.6148,7.0,5.0,2017-11-24 21:49:14.920,588.5120000000001
2017.11.24,12:00:44.20,36.0192,27.2112,12.0,3.8,2017-11-24 12:00:44.200,2243.1718333333333
2017.11.22,22:37:33.89,40.514,22.5243,11.6,4.5,2017-11-22 22:37:33.890,110.00433333333334
2017.11.22,20:47:33.63,37.1362,28.593,1.6,3.6,2017-11-22 20:47:33.630,24.696166666666667
2017.11.22,20:22:51.86,37.1402,28.5863,5.5,5.0,2017-11-22 20:22:51.860,78.04966666666665
2017.11.22,19:04:48.88,40.5242,22.5063,11.1,3.7,2017-11-22 19:04:48.880,4910.024833333333
2017.11.19,09:14:47.39,38.719,26.307,8.4,4.1,2017-11-19 09:14:47.390,7019.5768333333335
2017.11.14,12:15:12.78,36.9693,27.699,6.4,3.4,2017-11-14 12:15:12.780,858.0081666666666
2017.11.13,21:57:12.29,38.5293,26.6568,16.7,3.4,2017-11-13 21:57:12.290,849.1353333333334
2017.11.13,07:48:04.17,38.8175,26.4945,8.3,3.7,2017-11-13 07:48:04.170,884.5348333333333
2017.11.12,17:03:32.08,37.1027,28.6318,6.5,3.8,2017-11-12 17:03:32.080,1926.9056666666665
2017.11.11,08:56:37.74,38.853,27.4698,17.5,4.1,2017-11-11 08:56:37.740,6136.109833333334
2017.11.07,02:40:31.15,36.3457,28.3988,80.9,0.0,2017-11-07 02:40:31.150,1469.2906666666668
2017.11.06,02:11:13.71,38.9847,26.2968,8.3,3.7,2017-11-06 02:11:13.710,1697.0926666666667
2017.11.04,21:54:08.15,36.706,28.154,84.9,4.2,2017-11-04 21:54:08.150,1629.7693333333334
2017.11.03,18:44:21.99,36.9178,28.0307,12.6,3.7,2017-11-03 18:44:21.990,661.3625
2017.11.03,07:43:00.24,38.269,23.1698,20.9,0.0,2017-11-03 07:43:00.240,5166.692333333333
2017.10.30,17:36:18.70,39.9113,23.6067,8.9,3.9,2017-10-30 17:36:18.700,3377.4791666666665
2017.10.28,09:18:49.95,36.7338,27.9538,11.3,3.5,2017-10-28 09:18:49.950,1165.1386666666667
2017.10.27,13:53:41.63,38.356,23.6337,14.3,3.8,2017-10-27 13:53:41.630,2077.1618333333336
2017.10.26,03:16:31.92,36.9928,27.6472,3.1,3.7,2017-10-26 03:16:31.920,1083.7438333333332
2017.10.25,09:12:47.29,38.9528,24.4433,8.0,3.5,2017-10-25 09:12:47.290,1416.3931666666665
2017.10.24,09:36:23.70,36.98,27.3993,7.1,4.6,2017-10-24 09:36:23.700,3120.338666666667
2017.10.22,05:36:03.38,37.0125,27.6605,5.3,3.3,2017-10-22 05:36:03.380,241.44750000000002
2017.10.22,01:34:36.53,39.0818,23.3642,5.2,3.9,2017-10-22 01:34:36.530,1369.594
2017.10.21,02:45:00.89,36.9385,27.606,7.0,3.6,2017-10-21 02:45:00.890,6921.202
2017.10.16,07:23:48.77,36.967,27.3955,4.4,3.6,2017-10-16 07:23:48.770,2481.2651666666666
2017.10.14,14:02:32.86,36.9412,27.6802,5.5,3.7,2017-10-14 14:02:32.860,31.674166666666668
2017.10.14,13:30:52.41,36.9297,27.6753,4.8,3.4,2017-10-14 13:30:52.410,536.1318333333334
2017.10.14,04:34:44.50,38.8543,25.9575,8.0,3.4,2017-10-14 04:34:44.500,1331.3933333333334
2017.10.13,06:23:20.90,38.471,22.961,5.0,4.2,2017-10-13 06:23:20.900,1893.6321666666665
2017.10.11,22:49:42.97,39.1625,24.2627,8.3,5.2,2017-10-11 22:49:42.970,1610.3098333333332
2017.10.10,19:59:24.38,36.9788,27.3557,13.3,4.1,2017-10-10 19:59:24.380,2090.227
2017.10.09,09:09:10.76,38.2962,22.6468,17.9,4.1,2017-10-09 09:09:10.760,469.6596666666667
2017.10.09,01:19:31.18,38.2645,22.7552,5.0,4.0,2017-10-09 01:19:31.180,22.840500000000002
2017.10.09,00:56:40.75,36.9538,27.6888,6.0,3.4,2017-10-09 00:56:40.750,3582.6809999999996
2017.10.06,13:13:59.89,38.8478,25.9608,8.4,3.6,2017-10-06 13:13:59.890,799.293
2017.10.05,23:54:42.31,40.8375,28.3402,13.9,3.4,2017-10-05 23:54:42.310,193.28616666666667
2017.10.05,20:41:25.14,37.2333,28.048,7.1,3.6,2017-10-05 20:41:25.140,418.06233333333336
2017.10.05,13:43:21.40,37.895,29.495,7.8,4.0,2017-10-05 13:43:21.400,10364.7325
2017.09.28,08:58:37.45,36.9048,27.561,5.6,4.0,2017-09-28 08:58:37.450,4556.6725
2017.09.25,05:01:57.10,38.2397,25.1623,6.9,3.5,2017-09-25 05:01:57.100,724.6788333333334
2017.09.24,16:57:16.37,36.948,27.3167,10.3,4.5,2017-09-24 16:57:16.370,3636.9183333333335
2017.09.22,04:20:21.27,38.9563,26.2655,8.5,4.2,2017-09-22 04:20:21.270,3126.3236666666667
2017.09.20,00:14:01.85,37.1452,27.7265,7.6,3.5,2017-09-20 00:14:01.850,3464.4681666666665
2017.09.17,14:29:33.76,39.2987,24.004,16.4,4.7,2017-09-17 14:29:33.760,410.9978333333333
2017.09.17,07:38:33.89,39.4447,26.3792,10.8,3.7,2017-09-17 07:38:33.890,1329.0853333333332
2017.09.16,09:29:28.77,37.1478,27.7177,6.5,3.5,2017-09-16 09:29:28.770,55.553666666666665
2017.09.16,08:33:55.55,37.1448,27.7218,6.5,4.2,2017-09-16 08:33:55.550,21.2425
2017.09.16,08:12:41.00,39.431,26.375,11.9,4.2,2017-09-16 08:12:41.000,3529.1429999999996
2017.09.13,21:23:32.42,39.5655,26.0178,7.9,3.5,2017-09-13 21:23:32.420,6344.217000000001
2017.09.09,11:39:19.40,38.922,26.6785,11.7,4.1,2017-09-09 11:39:19.400,735.7805000000001
2017.09.08,23:23:32.57,37.1527,27.7303,9.4,4.0,2017-09-08 23:23:32.570,2461.735666666667
2017.09.07,06:21:48.43,38.7168,27.8548,6.1,3.8,2017-09-07 06:21:48.430,5605.724833333333
2017.09.03,08:56:04.94,36.9617,27.3888,12.1,3.6,2017-09-03 08:56:04.940,332.848
2017.09.03,03:23:14.06,40.1432,29.9395,5.5,3.7,2017-09-03 03:23:14.060,69.57566666666666
2017.09.03,02:13:39.52,39.5522,26.0535,10.0,3.6,2017-09-03 02:13:39.520,1312.6688333333334
2017.09.02,04:20:59.39,38.4513,23.0298,1.5,3.5,2017-09-02 04:20:59.390,692.4346666666667
2017.09.01,16:48:33.31,36.0375,27.9943,82.0,4.8,2017-09-01 16:48:33.310,1991.75
2017.08.31,07:36:48.31,38.9795,26.0155,10.1,3.8,2017-08-31 07:36:48.310,1135.2421666666667
2017.08.30,12:41:33.78,38.0658,25.82,16.5,3.7,2017-08-30 12:41:33.780,1821.4336666666668
2017.08.29,06:20:07.76,36.9378,27.3693,5.4,3.5,2017-08-29 06:20:07.760,183.547
2017.08.29,03:16:34.94,40.4917,23.4322,10.7,3.8,2017-08-29 03:16:34.940,2452.1318333333334
2017.08.27,10:24:27.03,38.75,27.811,9.9,3.9,2017-08-27 10:24:27.030,7964.293833333333
2017.08.21,21:40:09.40,37.1213,28.619,5.0,4.0,2017-08-21 21:40:09.400,656.7448333333334
2017.08.21,10:43:24.71,36.9888,27.6663,9.4,3.8,2017-08-21 10:43:24.710,3890.2711666666664
2017.08.18,17:53:08.44,38.7602,27.6598,12.7,3.5,2017-08-18 17:53:08.440,222.34816666666666
2017.08.18,14:10:47.55,36.9287,27.622,8.0,4.6,2017-08-18 14:10:47.550,83.26316666666666
2017.08.18,12:47:31.76,36.9143,27.6062,1.2,4.4,2017-08-18 12:47:31.760,5659.683999999999
2017.08.14,14:27:50.72,36.4642,28.8803,18.6,3.4,2017-08-14 14:27:50.720,182.45516666666666
2017.08.14,11:25:23.41,37.1238,27.7407,3.3,3.5,2017-08-14 11:25:23.410,521.5865
2017.08.14,02:43:48.22,37.143,27.6867,9.7,4.7,2017-08-14 02:43:48.220,228.12366666666668
2017.08.13,22:55:40.80,37.1192,27.7353,14.5,4.0,2017-08-13 22:55:40.800,71.44783333333334
2017.08.13,21:44:13.93,37.1225,27.707,9.3,3.5,2017-08-13 21:44:13.930,153.61333333333332
2017.08.13,19:10:37.13,37.1173,27.6938,6.4,3.7,2017-08-13 19:10:37.130,95.38233333333332
2017.08.13,17:35:14.19,37.1247,27.721,7.4,3.5,2017-08-13 17:35:14.190,26.1325
2017.08.13,17:09:06.24,37.1193,27.706,6.4,4.0,2017-08-13 17:09:06.240,33.731500000000004
2017.08.13,16:35:22.35,37.1277,27.7258,6.0,4.2,2017-08-13 16:35:22.350,4.014166666666666
2017.08.13,16:31:21.50,37.1328,27.7067,6.6,4.0,2017-08-13 16:31:21.500,55.758833333333335
2017.08.13,15:35:35.97,37.1135,27.7242,6.3,3.6,2017-08-13 15:35:35.970,71.06116666666667
2017.08.13,14:24:32.30,37.1242,27.7005,7.2,3.6,2017-08-13 14:24:32.300,35.10066666666667
2017.08.13,13:49:26.26,37.1223,27.6902,6.8,3.9,2017-08-13 13:49:26.260,28.471166666666665
2017.08.13,13:20:57.99,37.1188,27.6925,7.5,3.5,2017-08-13 13:20:57.990,52.722166666666666
2017.08.13,12:28:14.66,37.1253,27.716,6.5,4.3,2017-08-13 12:28:14.660,53.611666666666665
2017.08.13,11:34:37.96,37.1158,27.6823,5.4,3.7,2017-08-13 11:34:37.960,17.767999999999997
2017.08.13,11:16:51.88,37.1252,27.7187,5.6,4.9,2017-08-13 11:16:51.880,145.07883333333334
2017.08.13,08:51:47.15,38.7992,27.8048,8.5,4.1,2017-08-13 08:51:47.150,463.3351666666667
2017.08.13,01:08:27.04,36.885,27.5958,6.2,3.8,2017-08-13 01:08:27.040,1386.4086666666667
2017.08.12,02:02:02.52,36.9015,27.7322,11.8,3.6,2017-08-12 02:02:02.520,1426.3618333333334
2017.08.11,02:15:40.81,38.9632,28.1187,8.2,3.8,2017-08-11 02:15:40.810,88.26816666666667
2017.08.11,00:47:24.72,36.9445,27.3952,14.0,3.6,2017-08-11 00:47:24.720,527.575
2017.08.10,15:59:50.22,37.0083,27.7528,4.8,3.7,2017-08-10 15:59:50.220,1023.5286666666667
2017.08.09,22:56:18.50,36.9892,27.6783,12.3,4.1,2017-08-09 22:56:18.500,80.46083333333333
2017.08.09,21:35:50.85,39.315,27.8765,14.0,3.6,2017-08-09 21:35:50.850,81.70916666666668
2017.08.09,20:14:08.30,39.308,27.8572,12.9,3.9,2017-08-09 20:14:08.300,198.34949999999998
2017.08.09,16:55:47.33,36.9463,27.5935,14.6,3.9,2017-08-09 16:55:47.330,450.29716666666667
2017.08.09,09:25:29.50,36.9882,27.606,4.8,4.0,2017-08-09 09:25:29.500,447.4313333333333
2017.08.09,01:58:03.62,37.1138,27.7322,11.0,3.5,2017-08-09 01:58:03.620,1041.3495
2017.08.08,08:36:42.65,36.9755,27.6098,3.2,3.7,2017-08-08 08:36:42.650,43.311166666666665
2017.08.08,07:53:23.98,36.9748,27.5617,7.9,3.5,2017-08-08 07:53:23.980,11.070666666666666
2017.08.08,07:42:19.74,37.0192,27.6017,5.0,5.3,2017-08-08 07:42:19.740,356.0063333333334
2017.08.08,01:46:19.36,36.999,27.6447,10.8,4.6,2017-08-08 01:46:19.360,245.07216666666667
2017.08.07,21:41:15.03,38.927,24.885,9.2,3.9,2017-08-07 21:41:15.030,95.29583333333333
2017.08.07,20:05:57.28,36.9928,27.6343,4.8,3.6,2017-08-07 20:05:57.280,29.377333333333336
2017.08.07,19:36:34.64,36.9918,27.6397,10.9,3.7,2017-08-07 19:36:34.640,70.61566666666666
2017.08.07,18:25:57.70,36.9893,27.6432,5.9,3.9,2017-08-07 18:25:57.700,761.5583333333333
2017.08.07,05:44:24.20,36.975,27.5985,5.0,4.2,2017-08-07 05:44:24.200,25.6065
2017.08.07,05:18:47.81,37.0087,27.6098,11.3,4.7,2017-08-07 05:18:47.810,897.2343333333333
2017.08.06,14:21:33.75,36.9905,27.6583,5.5,3.5,2017-08-06 14:21:33.750,2100.704166666667
2017.08.05,03:20:51.50,38.953,26.6202,10.7,4.4,2017-08-05 03:20:51.500,1198.6243333333334
2017.08.04,07:22:14.04,36.9928,27.6255,9.2,3.5,2017-08-04 07:22:14.040,1084.3171666666667
2017.08.03,13:17:55.01,36.9445,27.6253,5.0,4.1,2017-08-03 13:17:55.010,2503.9928333333332
2017.08.01,19:33:55.44,39.5382,26.1843,7.1,3.3,2017-08-01 19:33:55.440,1596.0204999999999
2017.07.31,16:57:54.21,36.8987,27.5618,7.3,3.5,2017-07-31 16:57:54.210,32.301833333333335
2017.07.31,16:25:36.10,36.9965,27.6207,7.8,4.0,2017-07-31 16:25:36.100,1354.289
2017.07.30,17:51:18.76,37.0073,27.5977,11.2,4.6,2017-07-30 17:51:18.760,146.42766666666665
2017.07.30,15:24:53.10,36.9478,27.5727,1.2,3.4,2017-07-30 15:24:53.100,268.3376666666667
2017.07.30,10:56:32.84,37.0033,27.564,2.0,3.9,2017-07-30 10:56:32.840,230.25283333333334
2017.07.30,07:06:17.67,36.9712,27.5847,7.3,3.8,2017-07-30 07:06:17.670,4.061333333333334
2017.07.30,07:02:13.99,37.02,27.5942,7.4,4.3,2017-07-30 07:02:13.990,783.0856666666666
2017.07.29,17:59:08.85,37.006,27.6013,5.0,3.8,2017-07-29 17:59:08.850,473.86733333333336
2017.07.29,10:05:16.81,36.8857,27.4777,11.0,3.5,2017-07-29 10:05:16.810,22.315333333333335
2017.07.29,09:42:57.89,36.975,27.57,7.0,3.5,2017-07-29 09:42:57.890,13.58
2017.07.29,09:29:23.09,37.004,27.5927,6.4,3.7,2017-07-29 09:29:23.090,55.995
2017.07.29,08:33:23.39,37.113,27.732,6.5,3.4,2017-07-29 08:33:23.390,369.206
2017.07.29,02:24:11.03,37.115,28.593,5.0,4.0,2017-07-29 02:24:11.030,2258.8788333333337
2017.07.27,12:45:18.30,40.3028,25.2452,13.6,0.0,2017-07-27 12:45:18.300,92.22333333333333
2017.07.27,11:13:04.90,36.9848,27.6012,5.0,3.6,2017-07-27 11:13:04.900,1120.8028333333334
2017.07.26,16:32:16.73,36.963,27.5647,5.0,3.5,2017-07-26 16:32:16.730,337.2096666666667
2017.07.26,10:55:04.15,36.8993,27.5598,5.0,0.0,2017-07-26 10:55:04.150,796.4845
2017.07.25,21:38:35.08,36.9648,27.539,7.0,3.5,2017-07-25 21:38:35.080,377.4155
2017.07.25,15:21:10.15,40.4407,28.9817,7.2,3.5,2017-07-25 15:21:10.150,599.7393333333333
2017.07.25,05:21:25.79,36.9968,27.5,5.0,3.8,2017-07-25 05:21:25.790,406.7116666666667
2017.07.24,22:34:43.09,36.9488,27.5282,5.7,3.8,2017-07-24 22:34:43.090,45.911500000000004
2017.07.24,21:48:48.40,36.9687,27.4902,8.9,4.0,2017-07-24 21:48:48.400,489.3691666666667
2017.07.24,13:39:26.25,36.9435,27.5277,1.5,3.7,2017-07-24 13:39:26.250,860.9473333333333
2017.07.23,23:18:29.41,36.9483,27.5945,5.0,3.8,2017-07-23 23:18:29.410,296.4805
2017.07.23,18:22:00.58,36.9315,27.5842,5.0,0.0,2017-07-23 18:22:00.580,19.454333333333334
2017.07.23,18:02:33.32,36.9553,27.3262,5.7,0.0,2017-07-23 18:02:33.320,384.2933333333333
2017.07.23,11:38:15.72,36.9573,27.5333,8.0,3.5,2017-07-23 11:38:15.720,159.56550000000001
2017.07.23,08:58:41.79,38.802,26.4778,10.5,3.5,2017-07-23 08:58:41.790,3.3890000000000002
2017.07.23,08:55:18.45,38.8017,26.4783,12.4,3.5,2017-07-23 08:55:18.450,323.0353333333333
2017.07.23,03:32:16.33,36.9525,27.549,5.0,0.0,2017-07-23 03:32:16.330,253.3665
2017.07.22,23:18:54.34,36.8958,27.5783,6.2,3.7,2017-07-22 23:18:54.340,66.36883333333334
2017.07.22,22:12:32.21,40.0182,27.1407,13.2,0.0,2017-07-22 22:12:32.210,303.1976666666667
2017.07.22,17:09:20.35,36.9402,27.2538,8.0,4.5,2017-07-22 17:09:20.350,229.2545
2017.07.22,13:20:05.08,36.9342,27.5985,4.1,3.8,2017-07-22 13:20:05.080,138.29016666666666
2017.07.22,11:01:47.67,36.8903,27.5455,2.2,0.0,2017-07-22 11:01:47.670,192.73116666666667
2017.07.22,07:49:03.80,36.8927,27.6403,8.2,3.5,2017-07-22 07:49:03.800,175.40366666666665
2017.07.22,04:53:39.58,36.9422,27.565,6.7,3.9,2017-07-22 04:53:39.580,259.45883333333336
2017.07.22,00:34:12.05,36.9362,27.5575,7.0,4.0,2017-07-22 00:34:12.050,93.39416666666666
2017.07.21,23:00:48.40,36.9717,27.5005,6.6,3.9,2017-07-21 23:00:48.400,69.78983333333333
2017.07.21,21:51:01.01,36.9092,27.6078,1.6,3.9,2017-07-21 21:51:01.010,281.2455
2017.07.21,17:09:46.28,36.9465,27.2537,6.7,4.9,2017-07-21 17:09:46.280,14.359666666666667
2017.07.21,16:55:24.70,36.9867,27.334,12.2,3.8,2017-07-21 16:55:24.700,153.4875
2017.07.21,14:21:55.45,36.9397,27.4797,1.2,3.9,2017-07-21 14:21:55.450,136.516
2017.07.21,12:05:24.49,36.9125,27.531,6.1,3.5,2017-07-21 12:05:24.490,104.72483333333334
2017.07.21,10:20:41.00,36.907,27.6467,1.5,3.6,2017-07-21 10:20:41.000,24.786
2017.07.21,09:55:53.84,36.9155,27.6663,8.4,4.1,2017-07-21 09:55:53.840,57.25566666666667
2017.07.21,08:58:38.50,36.9453,27.4698,5.0,3.5,2017-07-21 08:58:38.500,24.628833333333333
2017.07.21,08:34:00.77,36.9318,27.5437,5.0,3.6,2017-07-21 08:34:00.770,30.086000000000002
2017.07.21,08:03:55.61,36.964,27.5918,7.0,3.8,2017-07-21 08:03:55.610,16.633166666666668
2017.07.21,07:47:17.62,36.9183,27.5132,9.0,3.5,2017-07-21 07:47:17.620,19.011166666666668
2017.07.21,07:28:16.95,36.8845,27.5545,8.6,0.0,2017-07-21 07:28:16.950,16.846
2017.07.21,07:11:26.19,36.9367,27.467,1.5,3.9,2017-07-21 07:11:26.190,6.04
2017.07.21,07:05:23.79,36.923,27.4832,8.7,4.0,2017-07-21 07:05:23.790,17.9885
2017.07.21,06:47:24.48,36.9688,27.3502,9.5,0.0,2017-07-21 06:47:24.480,51.87916666666667
2017.07.21,05:55:31.73,36.8693,27.5923,4.3,3.9,2017-07-21 05:55:31.730,3.3018333333333336
2017.07.21,05:52:13.62,36.9805,27.3677,6.9,4.2,2017-07-21 05:52:13.620,9.206833333333332
2017.07.21,05:43:01.21,36.9603,27.6012,8.0,3.6,2017-07-21 05:43:01.210,16.1315
2017.07.21,05:26:53.32,36.9435,27.5602,1.8,3.6,2017-07-21 05:26:53.320,12.908166666666666
2017.07.21,05:13:58.83,36.9138,27.6107,5.0,4.3,2017-07-21 05:13:58.830,8.571833333333332
2017.07.21,05:05:24.52,36.8768,27.6487,5.1,0.0,2017-07-21 05:05:24.520,1.4188333333333332
2017.07.21,05:03:59.39,36.9198,27.5538,1.5,4.5,2017-07-21 05:03:59.390,24.594333333333335
2017.07.21,04:39:23.73,36.917,27.5877,2.2,3.9,2017-07-21 04:39:23.730,11.0295
2017.07.21,04:28:21.96,36.8845,27.6385,1.3,3.6,2017-07-21 04:28:21.960,1.7816666666666667
2017.07.21,04:26:35.06,36.9887,27.6845,8.5,3.6,2017-07-21 04:26:35.060,11.228666666666667
2017.07.21,04:15:21.34,36.9062,27.6262,4.3,3.6,2017-07-21 04:15:21.340,16.3295
2017.07.21,03:59:01.57,36.9155,27.5858,8.3,4.4,2017-07-21 03:59:01.570,3.4878333333333336
2017.07.21,03:55:32.30,36.9378,27.548,5.0,3.9,2017-07-21 03:55:32.300,0.6498333333333334
2017.07.21,03:54:53.31,36.9535,27.517,5.3,3.5,2017-07-21 03:54:53.310,26.072
2017.07.21,03:28:48.99,36.8155,27.5938,6.2,3.7,2017-07-21 03:28:48.990,19.22533333333333
2017.07.21,03:09:35.47,36.9383,27.5325,5.4,3.9,2017-07-21 03:09:35.470,15.148166666666667
2017.07.21,02:54:26.58,36.9153,27.6098,5.5,3.5,2017-07-21 02:54:26.580,6.8315
2017.07.21,02:47:36.69,36.904,27.624,5.0,3.5,2017-07-21 02:47:36.690,27.5715
2017.07.21,02:20:02.40,36.926,26.686,5.4,0.0,2017-07-21 02:20:02.400,7.468500000000001
2017.07.21,02:12:34.29,36.8833,27.3415,9.5,4.5,2017-07-21 02:12:34.290,10.817333333333332
2017.07.21,02:01:45.25,36.9402,27.575,4.4,3.6,2017-07-21 02:01:45.250,5.302666666666667
2017.07.21,01:56:27.09,36.9332,27.3843,5.0,4.2,2017-07-21 01:56:27.090,1.671
2017.07.21,01:54:46.83,36.9508,27.3637,6.8,0.0,2017-07-21 01:54:46.830,4.2825
2017.07.21,01:50:29.88,36.9843,27.3765,11.6,4.2,2017-07-21 01:50:29.880,11.682500000000001
2017.07.21,01:38:48.93,36.932,27.5367,11.7,4.5,2017-07-21 01:38:48.930,3.082666666666667
2017.07.21,01:35:43.97,36.9448,27.5775,9.7,4.4,2017-07-21 01:35:43.970,4.87
2017.07.21,01:30:51.77,36.8752,27.637,5.0,0.0,2017-07-21 01:30:51.770,5.286833333333333
2017.07.21,01:25:34.56,36.9767,27.4223,6.5,4.1,2017-07-21 01:25:34.560,8.410833333333333
2017.07.21,01:17:09.91,36.9377,27.5835,7.4,4.0,2017-07-21 01:17:09.910,15.2125
2017.07.21,01:01:57.16,36.9727,27.3777,3.5,3.8,2017-07-21 01:01:57.160,4.842666666666667
2017.07.21,00:57:06.60,36.8818,27.6172,2.9,4.3,2017-07-21 00:57:06.600,3.1926666666666668
2017.07.21,00:53:55.04,36.9158,27.3647,5.0,4.1,2017-07-21 00:53:55.040,11.32
2017.07.21,00:42:35.84,36.9398,27.3025,4.5,3.5,2017-07-21 00:42:35.840,9.016
2017.07.21,00:33:34.88,36.8355,27.5957,4.9,0.0,2017-07-21 00:33:34.880,3.2763333333333335
2017.07.21,00:30:18.30,36.9108,27.6118,1.2,3.9,2017-07-21 00:30:18.300,7.776166666666667
2017.07.21,00:22:31.73,36.8983,27.6213,7.1,3.5,2017-07-21 00:22:31.730,4.1386666666666665
2017.07.21,00:18:23.41,36.9127,27.6563,5.0,3.7,2017-07-21 00:18:23.410,1.7163333333333335
2017.07.21,00:16:40.43,36.9742,27.3312,8.1,4.1,2017-07-21 00:16:40.430,5.5175
2017.07.21,00:11:09.38,36.9362,27.4395,5.3,3.7,2017-07-21 00:11:09.380,17.49116666666667
2017.07.20,23:53:39.91,36.9132,27.5478,6.1,4.0,2017-07-20 23:53:39.910,3.4005
2017.07.20,23:50:15.88,36.9417,27.4347,11.5,4.0,2017-07-20 23:50:15.880,5.1345
2017.07.20,23:45:07.81,36.9423,27.419,8.3,4.1,2017-07-20 23:45:07.810,21.27283333333333
2017.07.20,23:23:51.44,36.958,27.3103,12.2,4.9,2017-07-20 23:23:51.440,1.5450000000000002
2017.07.20,23:22:18.74,36.8792,27.5783,4.0,0.0,2017-07-20 23:22:18.740,8.035833333333333
2017.07.20,23:14:16.59,36.9168,27.6,7.8,0.0,2017-07-20 23:14:16.590,3.0801666666666665
2017.07.20,23:11:11.78,36.8823,27.6127,1.5,0.0,2017-07-20 23:11:11.780,2.0533333333333332
2017.07.20,23:09:08.58,36.8975,27.5877,1.8,0.0,2017-07-20 23:09:08.580,8.4
2017.07.20,23:00:44.58,36.9942,27.4098,9.8,4.0,2017-07-20 23:00:44.580,6.150666666666667
2017.07.20,22:54:35.54,36.9325,27.5875,8.5,0.0,2017-07-20 22:54:35.540,1.6156666666666666
2017.07.20,22:52:58.60,36.9503,27.372,9.6,0.0,2017-07-20 22:52:58.600,2.2396666666666665
2017.07.20,22:50:44.22,36.9088,27.5463,10.3,0.0,2017-07-20 22:50:44.220,2.265333333333333
2017.07.20,22:48:28.30,36.9293,27.3467,9.2,0.0,2017-07-20 22:48:28.300,4.14
2017.07.20,22:44:19.90,36.9315,27.3987,8.0,0.0,2017-07-20 22:44:19.900,3.5516666666666667
2017.07.20,22:40:46.80,36.9243,27.5655,7.2,0.0,2017-07-20 22:40:46.800,0.7133333333333333
2017.07.20,22:40:04.00,36.9253,27.5825,9.0,0.0,2017-07-20 22:40:04.000,0.9643333333333334
2017.07.20,22:39:06.14,36.9255,27.3333,7.6,0.0,2017-07-20 22:39:06.140,1.049
2017.07.20,22:38:03.20,36.9532,27.3862,5.3,0.0,2017-07-20 22:38:03.200,0.44433333333333336
2017.07.20,22:37:36.54,36.8885,27.6082,5.0,0.0,2017-07-20 22:37:36.540,2.3953333333333333
2017.07.20,22:35:12.82,36.9237,27.4462,16.2,0.0,2017-07-20 22:35:12.820,0.5441666666666667
2017.07.20,22:34:40.17,36.9663,27.4163,5.4,0.0,2017-07-20 22:34:40.170,0.414
2017.07.20,22:34:15.33,36.9298,27.6018,5.5,0.0,2017-07-20 22:34:15.330,3.0944999999999996
2017.07.20,22:31:09.66,36.9693,27.4057,7.1,6.6,2017-07-20 22:31:09.660,337.40849999999995
2017.07.20,16:53:45.15,39.5623,26.0135,14.5,3.5,2017-07-20 16:53:45.150,2170.9115
2017.07.19,04:42:50.46,38.796,27.8067,10.7,3.9,2017-07-19 04:42:50.460,15210.087166666666
2017.07.08,15:12:45.23,38.4172,26.7085,13.6,3.8,2017-07-08 15:12:45.230,39.28816666666667
2017.07.08,14:33:27.94,38.8827,26.1053,11.6,3.9,2017-07-08 14:33:27.940,665.533
2017.07.08,03:27:55.96,38.9938,27.73,13.8,3.5,2017-07-08 03:27:55.960,2634.5186666666664
2017.07.06,07:33:24.84,38.6163,27.6245,5.2,3.9,2017-07-06 07:33:24.840,1447.327
2017.07.05,07:26:05.22,38.6315,27.5883,11.0,4.2,2017-07-05 07:26:05.220,1669.7975000000001
2017.07.04,03:36:17.37,38.799,26.4288,8.0,3.6,2017-07-04 03:36:17.370,7044.149333333334
2017.06.29,06:12:08.41,38.8237,26.4522,5.9,0.0,2017-06-29 06:12:08.410,672.1963333333333
2017.06.28,18:59:56.63,36.9278,29.6268,5.0,3.8,2017-06-28 18:59:56.630,1030.1398333333334
2017.06.28,01:49:48.24,38.8817,26.338,9.0,3.8,2017-06-28 01:49:48.240,1796.1181666666666
2017.06.26,19:53:41.15,38.0848,25.812,14.8,3.4,2017-06-26 19:53:41.150,838.7998333333333
2017.06.26,05:54:53.16,38.8233,26.46,12.9,3.9,2017-06-26 05:54:53.160,3033.8048333333336
2017.06.24,03:21:04.87,38.9272,26.2847,13.8,3.6,2017-06-24 03:21:04.870,294.79866666666663
2017.06.23,22:26:16.95,38.4655,23.4817,7.1,3.7,2017-06-23 22:26:16.950,1093.3028333333334
2017.06.23,04:12:58.78,38.8285,26.4725,13.5,3.8,2017-06-23 04:12:58.780,1156.4186666666667
2017.06.22,08:56:33.66,38.6553,27.5265,11.3,4.1,2017-06-22 08:56:33.660,129.61833333333334
2017.06.22,06:46:56.56,38.8297,26.4815,10.8,3.4,2017-06-22 06:46:56.560,113.8895
2017.06.22,04:53:03.19,38.8715,26.3687,15.0,3.9,2017-06-22 04:53:03.190,8.688333333333333
2017.06.22,04:44:21.89,38.8283,26.4558,12.3,0.0,2017-06-22 04:44:21.890,115.4915
2017.06.22,02:48:52.40,38.8265,26.4687,15.0,4.8,2017-06-22 02:48:52.400,2855.3256666666666
2017.06.20,03:13:32.86,38.9663,26.262,8.2,3.9,2017-06-20 03:13:32.860,424.34133333333335
2017.06.19,20:09:12.38,39.0382,25.9418,7.9,3.5,2017-06-19 20:09:12.380,1288.1823333333334
2017.06.18,22:41:01.44,39.5627,23.3023,3.8,0.0,2017-06-18 22:41:01.440,294.67199999999997
2017.06.18,17:46:21.12,39.5662,23.3105,5.0,0.0,2017-06-18 17:46:21.120,632.9433333333333
2017.06.18,07:13:24.52,38.8642,26.3613,13.1,3.6,2017-06-18 07:13:24.520,327.04366666666664
2017.06.18,01:46:21.90,38.8347,26.457,12.5,3.7,2017-06-18 01:46:21.900,153.57333333333332
2017.06.17,23:12:47.50,38.8523,26.429,14.4,3.8,2017-06-17 23:12:47.500,176.52916666666667
2017.06.17,20:16:15.75,38.8843,26.4563,11.7,3.9,2017-06-17 20:16:15.750,14.417833333333334
2017.06.17,20:01:50.68,38.7758,26.5043,6.5,0.0,2017-06-17 20:01:50.680,1.7346666666666666
2017.06.17,20:00:06.60,38.8642,26.4972,9.7,0.0,2017-06-17 20:00:06.600,10.0355
2017.06.17,19:50:04.47,38.8508,26.4465,12.7,5.4,2017-06-17 19:50:04.470,12.565666666666667
2017.06.17,19:37:30.53,38.8858,26.0895,13.7,3.6,2017-06-17 19:37:30.530,3.967833333333333
2017.06.17,19:33:32.46,38.837,26.4623,14.0,4.3,2017-06-17 19:33:32.460,952.9268333333333
2017.06.17,03:40:36.85,38.9183,26.2433,12.7,4.6,2017-06-17 03:40:36.850,198.84733333333332
2017.06.17,00:21:46.01,38.8365,26.4422,11.2,3.3,2017-06-17 00:21:46.010,39.032000000000004
2017.06.16,23:42:44.09,37.114,23.3335,5.0,0.0,2017-06-16 23:42:44.090,616.9081666666666
2017.06.16,13:25:49.60,38.7977,26.4152,5.0,4.2,2017-06-16 13:25:49.600,78.27616666666667
2017.06.16,12:07:33.03,38.8345,25.9445,5.5,3.9,2017-06-16 12:07:33.030,141.25266666666667
2017.06.16,09:46:17.87,38.2672,26.4415,7.8,4.1,2017-06-16 09:46:17.870,226.928
2017.06.16,05:59:22.19,38.8803,26.2137,7.5,3.8,2017-06-16 05:59:22.190,80.99583333333334
2017.06.16,04:38:22.44,38.8828,26.4733,2.0,3.5,2017-06-16 04:38:22.440,217.25900000000001
2017.06.16,01:01:06.90,38.8457,26.4715,9.6,3.7,2017-06-16 01:01:06.900,33.66766666666667
2017.06.16,00:27:26.84,38.8375,26.4332,10.7,3.5,2017-06-16 00:27:26.840,830.3889999999999
2017.06.15,10:37:03.50,38.9048,26.2273,13.7,0.0,2017-06-15 10:37:03.500,711.2666666666667
2017.06.14,22:45:47.50,38.8533,26.4287,10.3,3.7,2017-06-14 22:45:47.500,114.38433333333334
2017.06.14,20:51:24.44,38.9265,26.2032,11.6,3.6,2017-06-14 20:51:24.440,16.16283333333333
2017.06.14,20:35:14.67,38.9858,26.2772,9.3,3.7,2017-06-14 20:35:14.670,959.3418333333334
2017.06.14,04:35:54.16,38.8483,26.3423,15.7,4.0,2017-06-14 04:35:54.160,11.662833333333333
2017.06.14,04:24:14.39,38.9255,26.2288,13.2,3.7,2017-06-14 04:24:14.390,554.7666666666667
2017.06.13,19:09:28.39,38.8657,26.2902,8.9,3.7,2017-06-13 19:09:28.390,833.0316666666666
2017.06.13,05:16:26.49,38.7912,26.4653,9.3,3.7,2017-06-13 05:16:26.490,116.47816666666667
2017.06.13,03:19:57.80,38.8388,26.3982,10.2,4.1,2017-06-13 03:19:57.800,14.372833333333334
2017.06.13,03:05:35.43,38.8745,26.3,12.1,3.7,2017-06-13 03:05:35.430,96.23766666666667
2017.06.13,01:29:21.17,38.884,26.3878,15.1,3.5,2017-06-13 01:29:21.170,65.48216666666666
2017.06.13,00:23:52.24,38.8547,26.3052,9.2,3.7,2017-06-13 00:23:52.240,54.511833333333335
2017.06.12,23:29:21.53,38.8873,26.3235,9.7,3.6,2017-06-12 23:29:21.530,54.213499999999996
2017.06.12,22:35:08.72,38.9327,26.4435,15.6,3.4,2017-06-12 22:35:08.720,162.55266666666665
2017.06.12,19:52:35.56,38.936,26.2888,19.4,3.8,2017-06-12 19:52:35.560,3.9175
2017.06.12,19:48:40.51,39.0013,26.2978,13.9,3.7,2017-06-12 19:48:40.510,79.208
2017.06.12,18:29:28.03,38.8237,26.3188,11.2,4.0,2017-06-12 18:29:28.030,3.7751666666666663
2017.06.12,18:25:41.52,38.8965,26.1522,24.1,4.0,2017-06-12 18:25:41.520,51.180166666666665
2017.06.12,17:34:30.71,38.8322,26.3652,9.9,3.8,2017-06-12 17:34:30.710,64.26333333333334
2017.06.12,16:30:14.91,38.8327,26.336,9.6,4.1,2017-06-12 16:30:14.910,13.871
2017.06.12,16:16:22.65,38.7792,26.356,9.7,3.8,2017-06-12 16:16:22.650,51.341166666666666
2017.06.12,15:25:02.18,38.8797,26.2488,16.8,4.0,2017-06-12 15:25:02.180,37.9185
2017.06.12,14:47:07.07,38.8615,26.3617,9.5,3.6,2017-06-12 14:47:07.070,5.896833333333333
2017.06.12,14:41:13.26,38.8815,26.3022,9.6,3.6,2017-06-12 14:41:13.260,21.439666666666668
2017.06.12,14:19:46.88,38.8498,26.3388,15.3,4.2,2017-06-12 14:19:46.880,22.770333333333333
2017.06.12,13:57:00.66,38.909,26.2133,12.5,3.8,2017-06-12 13:57:00.660,3.756666666666667
2017.06.12,13:53:15.26,38.9397,26.2847,9.6,3.5,2017-06-12 13:53:15.260,10.8415
2017.06.12,13:42:24.77,38.8302,26.3123,13.5,0.0,2017-06-12 13:42:24.770,32.18683333333333
2017.06.12,13:10:13.56,38.9117,26.2815,10.8,0.0,2017-06-12 13:10:13.560,3.0933333333333333
2017.06.12,13:07:07.96,38.894,26.1123,10.3,3.5,2017-06-12 13:07:07.960,19.693499999999997
2017.06.12,12:47:26.35,38.8768,26.2742,10.0,3.8,2017-06-12 12:47:26.350,2.1823333333333332
2017.06.12,12:45:15.41,38.8877,26.3575,3.8,3.5,2017-06-12 12:45:15.410,6.3745
2017.06.12,12:38:52.94,38.5847,27.028,16.3,3.5,2017-06-12 12:38:52.940,3.3301666666666665
2017.06.12,12:35:33.13,38.8642,26.3445,7.9,0.0,2017-06-12 12:35:33.130,2.691666666666667
2017.06.12,12:32:51.63,38.7205,26.22,7.8,0.0,2017-06-12 12:32:51.630,1.1941666666666668
2017.06.12,12:31:39.98,38.969,26.1517,13.9,0.0,2017-06-12 12:31:39.980,3.040833333333333
2017.06.12,12:28:37.53,38.8468,26.3252,14.4,6.1,2017-06-12 12:28:37.530,11243.7305
2017.06.04,17:04:53.70,38.3548,26.6102,9.6,3.2,2017-06-04 17:04:53.700,4877.372666666666
2017.06.01,07:47:31.34,38.3692,27.7648,10.4,3.6,2017-06-01 07:47:31.340,677.304
2017.05.31,20:30:13.10,36.6113,25.9462,5.0,3.5,2017-05-31 20:30:13.100,2761.4230000000002
2017.05.29,22:28:47.72,38.7437,27.7825,8.8,3.8,2017-05-29 22:28:47.720,2112.2301666666667
2017.05.28,11:16:33.91,38.7637,27.7952,4.3,3.6,2017-05-28 11:16:33.910,11.589
2017.05.28,11:04:58.57,38.7272,27.7738,8.7,4.9,2017-05-28 11:04:58.570,135.18233333333333
2017.05.28,08:49:47.63,38.7598,27.8038,8.3,4.3,2017-05-28 08:49:47.630,43.394999999999996
2017.05.28,08:06:23.93,38.762,27.8498,8.1,3.8,2017-05-28 08:06:23.930,32.37916666666667
2017.05.28,07:34:01.18,38.7462,27.7828,6.0,4.3,2017-05-28 07:34:01.180,175.69500000000002
2017.05.28,04:38:19.48,38.7375,27.7935,10.6,4.5,2017-05-28 04:38:19.480,95.13666666666667
2017.05.28,03:03:11.28,38.7345,27.837,9.5,3.7,2017-05-28 03:03:11.280,1.182
2017.05.28,03:02:00.36,38.6902,27.7908,7.2,4.1,2017-05-28 03:02:00.360,9.081
2017.05.28,02:52:55.50,38.7425,27.793,10.9,4.9,2017-05-28 02:52:55.500,2.4985
2017.05.28,02:50:25.59,38.72,27.7845,9.4,4.8,2017-05-28 02:50:25.590,8.279166666666667
2017.05.28,02:42:08.84,38.7068,27.7908,6.9,3.5,2017-05-28 02:42:08.840,25.461833333333335
2017.05.28,02:16:41.13,38.7505,27.8447,7.8,0.0,2017-05-28 02:16:41.130,1.7063333333333333
2017.05.28,02:14:58.75,38.733,27.7947,10.1,4.4,2017-05-28 02:14:58.750,621.5928333333334
2017.05.27,15:53:23.18,38.739,27.8297,11.8,5.1,2017-05-27 15:53:23.180,1420.2095000000002
2017.05.26,16:13:10.61,37.1008,28.6565,5.0,3.7,2017-05-26 16:13:10.610,754.2189999999999
2017.05.26,03:38:57.47,36.8982,29.0172,5.0,3.6,2017-05-26 03:38:57.470,11.550833333333333
2017.05.26,03:27:24.42,36.8802,29.0323,1.3,0.0,2017-05-26 03:27:24.420,12476.867666666667
2017.05.17,11:30:32.36,36.0635,27.4542,7.7,4.9,2017-05-17 11:30:32.360,7534.817166666667
2017.05.12,05:55:43.33,37.8718,27.0505,7.0,4.2,2017-05-12 05:55:43.330,5588.424
2017.05.08,08:47:17.89,37.8713,27.131,12.4,4.1,2017-05-08 08:47:17.890,474.252
2017.05.08,00:53:02.77,40.22,25.1893,9.8,3.5,2017-05-08 00:53:02.770,5189.431333333333
2017.05.04,10:23:36.89,39.3445,25.8347,7.8,3.5,2017-05-04 10:23:36.890,366.10016666666667
2017.05.04,04:17:30.88,39.327,25.8957,12.8,3.3,2017-05-04 04:17:30.880,3975.9031666666665
2017.05.01,10:01:36.69,40.0088,26.851,5.3,3.5,2017-05-01 10:01:36.690,3351.7198333333336
2017.04.29,02:09:53.50,37.0133,28.1702,5.0,3.9,2017-04-29 02:09:53.500,3965.9666666666667
2017.04.26,08:03:55.50,38.6675,27.5698,14.0,3.6,2017-04-26 08:03:55.500,4444.742499999999
2017.04.23,05:59:10.95,39.4183,23.7242,13.8,3.9,2017-04-23 05:59:10.950,1377.9493333333335
2017.04.22,07:01:13.99,38.6358,27.6075,10.0,3.9,2017-04-22 07:01:13.990,519.6458333333334
2017.04.21,22:21:35.24,37.7338,29.1808,5.0,3.7,2017-04-21 22:21:35.240,115.65683333333332
2017.04.21,20:25:55.83,38.7765,29.0602,3.4,3.7,2017-04-21 20:25:55.830,158.26083333333332
2017.04.21,17:47:40.18,38.8083,29.0757,5.4,3.8,2017-04-21 17:47:40.180,144.33166666666665
2017.04.21,15:23:20.28,39.2987,23.846,11.3,3.6,2017-04-21 15:23:20.280,43.97416666666666
2017.04.21,14:39:21.83,38.7647,29.0468,3.1,3.7,2017-04-21 14:39:21.830,27.014499999999998
2017.04.21,14:12:20.96,38.6513,27.6008,13.1,4.9,2017-04-21 14:12:20.960,63.006166666666665
2017.04.21,13:09:20.59,38.8003,29.0565,7.2,4.9,2017-04-21 13:09:20.590,1377.9278333333334
2017.04.20,14:11:24.92,39.4107,28.4542,6.4,4.2,2017-04-20 14:11:24.920,1286.7585
2017.04.19,16:44:39.41,38.6267,27.5952,4.9,4.0,2017-04-19 16:44:39.410,319.67900000000003
2017.04.19,11:24:58.67,38.6472,27.5972,5.0,4.0,2017-04-19 11:24:58.670,1.7793333333333334
2017.04.19,11:23:11.91,38.5868,27.6847,2.1,4.2,2017-04-19 11:23:11.910,684.7873333333333
2017.04.18,23:58:24.67,38.9322,27.7317,10.3,3.8,2017-04-18 23:58:24.670,2427.9433333333336
2017.04.17,07:30:28.07,37.143,28.6493,9.9,4.0,2017-04-17 07:30:28.070,124.74
2017.04.17,05:25:43.67,38.6315,27.605,11.8,3.8,2017-04-17 05:25:43.670,1034.6618333333333
2017.04.16,12:11:03.96,36.3002,27.4288,90.7,0.0,2017-04-16 12:11:03.960,3885.7033333333334
2017.04.13,19:25:21.76,40.3982,26.0573,12.5,3.5,2017-04-13 19:25:21.760,183.1225
2017.04.13,16:22:14.41,37.149,28.6542,5.0,0.0,2017-04-13 16:22:14.410,2481.2663333333335
2017.04.11,23:00:58.43,40.401,27.2453,10.4,3.4,2017-04-11 23:00:58.430,3553.9571666666666
2017.04.09,11:47:01.00,36.6458,23.0253,2.5,3.7,2017-04-09 11:47:01.000,1269.386
2017.04.08,14:37:37.84,39.3967,23.8845,4.7,4.1,2017-04-08 14:37:37.840,1367.1251666666665
2017.04.07,15:50:30.33,38.542,23.4042,18.6,4.0,2017-04-07 15:50:30.330,238.55033333333333
2017.04.07,11:51:57.31,37.5645,26.825,6.5,3.8,2017-04-07 11:51:57.310,428.00916666666666
2017.04.07,04:43:56.76,39.9945,23.7162,7.8,4.2,2017-04-07 04:43:56.760,141.60283333333334
2017.04.07,02:22:20.59,39.5468,26.1907,5.2,3.6,2017-04-07 02:22:20.590,1694.1585
2017.04.05,22:08:11.08,38.6252,27.5725,10.6,4.1,2017-04-05 22:08:11.080,693.0336666666666
2017.04.05,10:35:09.06,38.6498,27.5498,8.7,3.8,2017-04-05 10:35:09.060,309.7365
2017.04.05,05:25:24.87,38.6282,27.5763,9.0,3.5,2017-04-05 05:25:24.870,984.779
2017.04.04,13:00:38.13,38.612,27.6017,4.0,4.1,2017-04-04 13:00:38.130,1705.2095000000002
2017.04.03,08:35:25.56,36.948,23.2268,78.9,3.4,2017-04-03 08:35:25.560,1622.7191666666665
2017.04.02,05:32:42.41,38.643,27.569,9.5,4.2,2017-04-02 05:32:42.410,1273.2561666666666
2017.04.01,08:19:27.04,37.627,26.7908,10.4,4.0,2017-04-01 08:19:27.040,3990.735
2017.03.29,13:48:42.94,37.9532,27.8753,5.0,3.5,2017-03-29 13:48:42.940,1281.4081666666668
2017.03.28,16:27:18.45,39.5885,26.0235,14.1,3.3,2017-03-28 16:27:18.450,52.3095
2017.03.28,15:34:59.88,40.185,24.9592,9.5,3.4,2017-03-28 15:34:59.880,5775.902833333333
2017.03.24,15:19:05.71,39.549,26.0973,11.7,4.1,2017-03-24 15:19:05.710,6197.248166666667
2017.03.20,08:01:50.82,39.561,26.1272,3.7,3.7,2017-03-20 08:01:50.820,61.54833333333333
2017.03.20,07:00:17.92,39.5477,26.1113,4.3,4.2,2017-03-20 07:00:17.920,158.73166666666665
2017.03.20,04:21:34.02,39.5357,26.1638,5.3,3.5,2017-03-20 04:21:34.020,173.8655
2017.03.20,01:27:42.09,36.731,22.6108,13.2,0.0,2017-03-20 01:27:42.090,5930.302500000001
2017.03.15,22:37:23.94,36.8212,22.6822,5.0,3.8,2017-03-15 22:37:23.940,2613.8471666666665
2017.03.14,03:03:33.11,36.1215,28.2675,29.8,3.6,2017-03-14 03:03:33.110,211.502
2017.03.13,23:32:02.99,38.5635,24.1113,5.0,3.5,2017-03-13 23:32:02.990,7402.0785000000005
2017.03.08,20:09:58.28,39.9755,27.66,7.5,3.8,2017-03-08 20:09:58.280,2355.3906666666667
2017.03.07,04:54:34.84,37.123,28.6013,6.0,3.7,2017-03-07 04:54:34.840,7055.7515
2017.03.02,07:18:49.75,39.513,26.0667,9.5,3.5,2017-03-02 07:18:49.750,90.1495
2017.03.02,05:48:40.78,39.493,26.041,6.8,3.9,2017-03-02 05:48:40.780,1783.368
2017.03.01,00:05:18.70,39.4772,26.0097,8.6,3.6,2017-03-01 00:05:18.700,37.75483333333333
2017.02.28,23:27:33.41,39.4847,26.0637,11.2,4.5,2017-02-28 23:27:33.410,0.8856666666666667
2017.02.28,23:26:40.27,39.4803,26.0628,12.4,0.0,2017-02-28 23:26:40.270,639.0716666666667
2017.02.28,12:47:35.97,39.6048,23.2912,10.0,4.4,2017-02-28 12:47:35.970,835.2125
2017.02.27,22:52:23.22,39.4985,26.0583,11.9,3.9,2017-02-27 22:52:23.220,1589.3345000000002
2017.02.26,20:23:03.15,39.5855,23.2215,7.9,4.0,2017-02-26 20:23:03.150,540.7379999999999
2017.02.26,11:22:18.87,37.1648,30.2405,6.0,3.5,2017-02-26 11:22:18.870,4887.086833333334
2017.02.23,01:55:13.66,39.561,26.094,7.9,4.3,2017-02-23 01:55:13.660,1470.8735000000001
2017.02.22,01:24:21.25,39.5593,26.0903,10.8,3.5,2017-02-22 01:24:21.250,3025.6915
2017.02.19,22:58:39.76,37.9315,22.6542,10.6,3.5,2017-02-19 22:58:39.760,1065.138
2017.02.19,05:13:31.48,36.8822,23.236,20.6,3.8,2017-02-19 05:13:31.480,354.1091666666667
2017.02.18,23:19:24.93,40.27,27.1772,12.9,3.6,2017-02-18 23:19:24.930,4260.417666666666
2017.02.16,00:18:59.87,39.5205,26.0547,13.7,4.5,2017-02-16 00:18:59.870,4340.381166666667
2017.02.12,23:58:37.00,39.5612,26.1223,7.4,3.6,2017-02-12 23:58:37.000,307.6138333333334
2017.02.12,18:51:00.17,39.539,26.1687,8.2,3.5,2017-02-12 18:51:00.170,302.7493333333333
2017.02.12,13:48:15.21,39.4997,26.1167,13.3,5.2,2017-02-12 13:48:15.210,93.43416666666667
2017.02.12,12:14:49.16,39.5463,26.0593,10.5,4.0,2017-02-12 12:14:49.160,853.5931666666667
2017.02.11,22:01:13.57,39.5555,26.1283,9.2,4.0,2017-02-11 22:01:13.570,1093.2265
2017.02.11,03:47:59.98,39.5277,26.1883,10.3,3.5,2017-02-11 03:47:59.980,1132.5786666666668
2017.02.10,08:55:25.26,39.5182,26.1488,11.3,4.7,2017-02-10 08:55:25.260,1362.251
2017.02.09,10:13:10.20,39.5422,26.0665,11.7,4.1,2017-02-09 10:13:10.200,1916.9431666666667
2017.02.08,02:16:13.61,39.5358,26.1395,10.6,4.1,2017-02-08 02:16:13.610,38.173
2017.02.08,01:38:03.23,39.531,26.1428,10.4,4.5,2017-02-08 01:38:03.230,164.57183333333333
2017.02.07,22:53:28.92,39.5177,26.066,15.6,4.1,2017-02-07 22:53:28.920,78.49683333333334
2017.02.07,21:34:59.11,39.5352,26.1443,8.7,4.1,2017-02-07 21:34:59.110,34.09133333333333
2017.02.07,21:00:53.63,39.5307,26.1503,11.4,4.3,2017-02-07 21:00:53.630,335.47383333333335
2017.02.07,15:25:25.20,39.5332,26.1302,10.0,3.6,2017-02-07 15:25:25.200,608.2838333333333
2017.02.07,05:17:08.17,39.5365,26.1643,5.4,4.5,2017-02-07 05:17:08.170,1.2933333333333332
2017.02.07,05:15:50.57,39.5253,26.147,11.6,4.3,2017-02-07 05:15:50.570,171.7945
2017.02.07,02:24:02.90,39.5235,26.1242,12.7,5.2,2017-02-07 02:24:02.900,349.2176666666667
2017.02.06,20:34:49.84,36.054,27.1262,11.3,3.9,2017-02-06 20:34:49.840,12.749
2017.02.06,20:22:04.90,39.559,26.0822,8.5,3.9,2017-02-06 20:22:04.900,323.36633333333333
2017.02.06,14:58:42.92,39.5307,26.1113,10.7,3.5,2017-02-06 14:58:42.920,116.7235
2017.02.06,13:01:59.51,39.533,26.1283,9.5,3.6,2017-02-06 13:01:59.510,33.187333333333335
2017.02.06,12:28:48.27,39.521,26.1132,10.4,3.8,2017-02-06 12:28:48.270,10.6805
2017.02.06,12:18:07.44,39.548,26.0787,6.7,3.6,2017-02-06 12:18:07.440,33.1095
2017.02.06,11:45:00.87,39.5313,26.0938,12.6,4.3,2017-02-06 11:45:00.870,41.47816666666667
2017.02.06,11:03:32.18,39.5293,26.1207,10.8,0.0,2017-02-06 11:03:32.180,5.515833333333333
2017.02.06,10:58:01.23,39.5248,26.0997,13.9,5.1,2017-02-06 10:58:01.230,400.54150000000004
2017.02.06,04:17:28.74,39.5413,26.1015,11.7,4.1,2017-02-06 04:17:28.740,25.81566666666667
2017.02.06,03:51:39.80,39.5453,26.1087,11.0,5.2,2017-02-06 03:51:39.800,9776.7995
2017.01.30,08:54:51.83,39.538,26.1348,5.8,3.4,2017-01-30 08:54:51.830,118.5855
2017.01.30,06:56:16.70,39.596,26.4243,8.3,4.0,2017-01-30 06:56:16.700,4414.819833333333
2017.01.27,05:21:27.51,39.0238,27.7032,7.7,3.5,2017-01-27 05:21:27.510,886.527
2017.01.26,14:34:55.89,38.618,25.3617,14.1,4.1,2017-01-26 14:34:55.890,2106.4668333333334
2017.01.25,03:28:27.88,39.2113,27.9985,2.5,3.5,2017-01-25 03:28:27.880,128.91233333333332
2017.01.25,01:19:33.14,36.7945,27.6588,8.0,4.2,2017-01-25 01:19:33.140,7084.3635
2017.01.20,03:15:11.33,39.2305,28.0882,8.9,3.9,2017-01-20 03:15:11.330,93.36533333333334
2017.01.20,01:41:49.41,39.9893,26.8862,4.5,3.9,2017-01-20 01:41:49.410,2753.171333333333
2017.01.18,03:48:39.13,39.545,26.122,5.3,3.5,2017-01-18 03:48:39.130,1819.0026666666668
2017.01.16,21:29:38.97,39.2405,28.0812,10.7,3.7,2017-01-16 21:29:38.970,1573.0456666666666
2017.01.15,19:16:36.23,39.5432,26.109,9.9,3.7,2017-01-15 19:16:36.230,757.7881666666667
2017.01.15,06:38:48.94,39.5595,26.0998,3.0,3.9,2017-01-15 06:38:48.940,155.49016666666665
2017.01.15,04:03:19.53,39.5482,26.13,11.6,4.2,2017-01-15 04:03:19.530,205.01033333333334
2017.01.15,00:38:18.91,39.8908,28.7168,5.0,3.8,2017-01-15 00:38:18.910,119.32533333333335
2017.01.14,22:38:59.39,39.5455,26.1235,10.6,4.7,2017-01-14 22:38:59.390,499.69083333333333
2017.01.14,14:19:17.94,39.547,26.0887,5.3,3.5,2017-01-14 14:19:17.940,11981.8335
2017.01.06,06:37:27.93,39.2377,28.0538,5.0,3.5,2017-01-06 06:37:27.930,3182.3468333333335
2017.01.04,01:35:07.12,36.194,29.3128,11.8,3.8,2017-01-04 01:35:07.120,86.47166666666666
2017.01.04,00:08:38.82,36.3573,29.2867,31.0,3.7,2017-01-04 00:08:38.820,2777.7015
2017.01.02,01:50:56.73,39.5415,26.1348,5.6,3.7,2017-01-02 01:50:56.730,1566.5231666666666
2016.12.31,23:44:25.34,40.9195,23.7155,3.2,0.0,2016-12-31 23:44:25.340,1571.734
2016.12.30,21:32:41.30,38.5608,25.2767,17.2,3.5,2016-12-30 21:32:41.300,1176.3063333333334
2016.12.30,01:56:22.92,40.9205,24.678,5.0,4.3,2016-12-30 01:56:22.920,3265.300166666667
2016.12.27,19:31:04.91,36.7012,23.0028,11.2,4.4,2016-12-27 19:31:04.910,2342.6321666666668
2016.12.26,04:28:26.98,39.932,23.585,11.5,3.6,2016-12-26 04:28:26.980,4225.528666666667
2016.12.23,06:02:55.26,40.2542,27.0187,4.8,3.6,2016-12-23 06:02:55.260,3229.5916666666667
2016.12.21,00:13:19.76,39.0942,23.4157,9.3,3.5,2016-12-21 00:13:19.760,5145.390833333334
2016.12.17,10:27:56.31,36.1737,28.021,62.6,4.0,2016-12-17 10:27:56.310,2503.9796666666666
2016.12.15,16:43:57.53,37.0805,28.6493,7.3,4.2,2016-12-15 16:43:57.530,2485.1595
2016.12.13,23:18:47.96,40.6652,23.4152,10.7,4.0,2016-12-13 23:18:47.960,77.09616666666668
2016.12.13,22:01:42.19,39.8293,28.9022,7.7,3.5,2016-12-13 22:01:42.190,1776.1461666666667
2016.12.12,16:25:33.42,36.8623,23.401,68.0,3.5,2016-12-12 16:25:33.420,8590.919833333333
2016.12.06,17:14:38.23,38.4865,23.4975,5.0,3.8,2016-12-06 17:14:38.230,1087.5248333333334
2016.12.05,23:07:06.74,39.3405,24.8608,10.7,3.5,2016-12-05 23:07:06.740,7281.269833333334
2016.11.30,21:45:50.55,36.8927,29.2727,5.0,4.0,2016-11-30 21:45:50.550,22.352833333333333
2016.11.30,21:23:29.38,36.399,30.1732,72.7,4.0,2016-11-30 21:23:29.380,226.82299999999998
2016.11.30,17:36:40.00,40.9728,22.761,21.2,4.4,2016-11-30 17:36:40.000,7129.9185
2016.11.25,18:46:44.89,40.6297,23.4738,9.7,3.7,2016-11-25 18:46:44.890,1041.137
2016.11.25,01:25:36.67,40.9753,22.729,14.3,3.7,2016-11-25 01:25:36.670,8762.824166666665
2016.11.18,23:22:47.22,40.9645,22.7455,7.3,4.9,2016-11-18 23:22:47.220,3727.5605
2016.11.16,09:15:13.59,40.9815,22.7477,5.2,4.1,2016-11-16 09:15:13.590,1418.1373333333333
2016.11.15,09:37:05.35,37.2727,26.8663,4.4,3.5,2016-11-15 09:37:05.350,884.2585
2016.11.14,18:52:49.84,36.6468,26.4315,12.2,3.9,2016-11-14 18:52:49.840,7.89
2016.11.14,18:44:56.44,36.6222,26.4265,10.8,3.8,2016-11-14 18:44:56.440,24.0745
2016.11.14,18:20:51.97,36.6307,26.4305,9.6,3.8,2016-11-14 18:20:51.970,5140.5715
2016.11.11,04:40:17.68,40.973,22.763,8.9,3.8,2016-11-11 04:40:17.680,987.5943333333333
2016.11.10,12:12:42.02,40.9795,22.7527,12.6,4.6,2016-11-10 12:12:42.020,1638.3311666666666
2016.11.09,08:54:22.15,38.738,27.8197,6.2,3.4,2016-11-09 08:54:22.150,3135.397
2016.11.07,04:38:58.33,38.037,30.0897,3.2,3.5,2016-11-07 04:38:58.330,8005.290666666667
2016.11.01,15:13:40.89,39.1595,23.7278,19.6,3.5,2016-11-01 15:13:40.890,4416.341666666666
2016.10.29,13:37:20.39,38.88,23.3592,18.0,3.5,2016-10-29 13:37:20.390,25.090500000000002
2016.10.29,13:12:14.96,38.8143,23.8272,2.6,3.5,2016-10-29 13:12:14.960,5719.430333333334
2016.10.25,13:52:49.14,39.467,28.0105,5.4,3.5,2016-10-25 13:52:49.140,393.88866666666667
2016.10.25,07:18:55.82,39.7925,28.6772,3.8,3.5,2016-10-25 07:18:55.820,614.1463333333334
2016.10.24,21:04:47.04,39.7947,28.6662,8.0,3.9,2016-10-24 21:04:47.040,4711.120166666667
2016.10.21,14:33:39.83,37.5515,26.8118,12.3,3.7,2016-10-21 14:33:39.830,3014.9108333333334
2016.10.19,12:18:45.18,36.06,30.467,23.6,4.5,2016-10-19 12:18:45.180,177.3055
2016.10.19,09:21:26.85,37.8712,29.0437,10.0,3.8,2016-10-19 09:21:26.850,3350.9453333333336
2016.10.17,01:30:30.13,37.9103,26.8778,8.9,4.5,2016-10-17 01:30:30.130,1615.0125
2016.10.15,22:35:29.38,38.9377,27.6933,7.6,3.8,2016-10-15 22:35:29.380,12.091166666666668
2016.10.15,22:23:23.91,38.9373,27.7032,8.4,3.8,2016-10-15 22:23:23.910,1039.9848333333332
2016.10.15,05:03:24.82,38.9368,27.7078,7.0,3.7,2016-10-15 05:03:24.820,11.258166666666666
2016.10.15,04:52:09.33,38.9447,27.7057,6.7,3.7,2016-10-15 04:52:09.330,109.67866666666667
2016.10.15,03:02:28.61,38.9177,27.7052,8.5,3.7,2016-10-15 03:02:28.610,11.419666666666666
2016.10.15,02:51:03.43,38.9393,27.706,8.4,4.4,2016-10-15 02:51:03.430,1.8039999999999998
2016.10.15,02:49:15.19,38.927,27.7177,11.7,4.3,2016-10-15 02:49:15.190,8428.249166666666
2016.10.09,06:21:00.24,39.008,27.7198,12.7,4.0,2016-10-09 06:21:00.240,438.2275
2016.10.08,23:02:46.59,40.614,28.9453,5.5,3.7,2016-10-08 23:02:46.590,100.21333333333334
2016.10.08,21:22:33.79,40.6122,28.9517,5.7,3.7,2016-10-08 21:22:33.790,1249.1808333333333
2016.10.08,00:33:22.94,40.969,22.7497,8.8,3.9,2016-10-08 00:33:22.940,10703.650666666666
2016.09.30,14:09:43.90,40.6667,29.1833,5.3,3.6,2016-09-30 14:09:43.900,2212.162166666667
2016.09.29,01:17:34.17,39.5673,24.1535,2.8,4.3,2016-09-29 01:17:34.170,314.36083333333335
2016.09.28,20:03:12.52,37.9403,29.1367,1.6,3.6,2016-09-28 20:03:12.520,653.0986666666666
2016.09.28,09:10:06.60,37.9205,29.121,8.1,4.2,2016-09-28 09:10:06.600,290.175
2016.09.28,04:19:56.10,37.1763,28.336,11.4,3.5,2016-09-28 04:19:56.100,442.8096666666667
2016.09.27,20:57:07.52,36.3713,27.5942,87.3,0.0,2016-09-27 20:57:07.520,165.90666666666667
2016.09.27,18:11:13.12,37.9098,29.1472,5.0,4.1,2016-09-27 18:11:13.120,2719.878166666667
2016.09.25,20:51:20.43,38.8978,27.7272,12.4,3.9,2016-09-25 20:51:20.430,2244.837
2016.09.24,07:26:30.21,40.2607,25.1807,15.3,3.8,2016-09-24 07:26:30.210,171.86766666666665
2016.09.24,04:34:38.15,38.1818,26.9975,10.5,3.9,2016-09-24 04:34:38.150,1407.645
2016.09.23,05:06:59.45,38.1897,27.015,13.8,3.9,2016-09-23 05:06:59.450,456.8963333333333
2016.09.22,21:30:05.67,39.0112,27.731,11.8,3.8,2016-09-22 21:30:05.670,1122.7731666666666
2016.09.22,02:47:19.28,40.4412,29.177,5.6,3.8,2016-09-22 02:47:19.280,710.4576666666667
2016.09.21,14:56:51.82,38.9088,27.7197,9.1,3.6,2016-09-21 14:56:51.820,3391.0228333333334
2016.09.19,06:25:50.45,38.8967,27.7333,12.2,3.7,2016-09-19 06:25:50.450,457.4375
2016.09.18,22:48:24.20,38.8993,27.6848,8.4,3.7,2016-09-18 22:48:24.200,2034.84
2016.09.17,12:53:33.80,38.903,27.7298,10.8,3.8,2016-09-17 12:53:33.800,1770.1833333333334
2016.09.16,07:23:22.80,38.8897,27.6838,6.4,3.8,2016-09-16 07:23:22.800,28.146333333333335
2016.09.16,06:55:14.02,38.9328,23.4213,14.3,4.1,2016-09-16 06:55:14.020,741.3056666666666
2016.09.15,18:33:55.68,39.2027,29.0187,5.4,3.8,2016-09-15 18:33:55.680,618.2255
2016.09.15,08:15:42.15,38.9087,27.7195,12.4,3.8,2016-09-15 08:15:42.150,338.26
2016.09.15,02:37:26.55,40.0942,24.825,15.8,3.5,2016-09-15 02:37:26.550,3206.811833333333
2016.09.12,21:10:37.84,39.4637,25.881,15.5,3.7,2016-09-12 21:10:37.840,665.037
2016.09.12,10:05:35.62,38.8875,27.7205,10.5,4.0,2016-09-12 10:05:35.620,15.112833333333333
2016.09.12,09:50:28.85,38.9078,27.729,9.6,3.6,2016-09-12 09:50:28.850,20.858999999999998
2016.09.12,09:29:37.31,38.8942,27.7323,13.1,4.6,2016-09-12 09:29:37.310,63.550666666666665
2016.09.12,08:26:04.27,38.8977,27.7433,14.0,5.0,2016-09-12 08:26:04.270,177.21599999999998
2016.09.12,05:28:51.31,38.6275,27.5787,9.3,3.5,2016-09-12 05:28:51.310,6954.5914999999995
2016.09.07,09:34:15.82,38.3373,24.1432,5.0,3.5,2016-09-07 09:34:15.820,1686.8263333333334
2016.09.06,05:27:26.24,36.3125,28.1592,27.9,4.0,2016-09-06 05:27:26.240,4922.4785
2016.09.02,19:24:57.53,40.7097,30.1263,9.0,3.7,2016-09-02 19:24:57.530,2935.561166666667
2016.08.31,18:29:23.86,38.4263,23.8423,2.4,3.6,2016-08-31 18:29:23.860,2784.264
2016.08.29,20:05:08.02,36.5175,27.6308,86.0,3.8,2016-08-29 20:05:08.020,2217.862666666667
2016.08.28,07:07:16.26,36.2568,23.5397,24.9,3.8,2016-08-28 07:07:16.260,362.7443333333333
2016.08.28,01:04:31.60,39.2978,23.0945,15.0,3.9,2016-08-28 01:04:31.600,1817.305
2016.08.26,18:47:13.30,39.324,23.0727,16.8,3.6,2016-08-26 18:47:13.300,83.57633333333334
2016.08.26,17:23:38.72,39.313,23.0963,18.4,4.0,2016-08-26 17:23:38.720,226.114
2016.08.26,13:37:31.88,38.6405,24.5157,10.6,4.2,2016-08-26 13:37:31.880,350.14883333333336
2016.08.26,07:47:22.95,38.6158,24.5593,10.6,3.7,2016-08-26 07:47:22.950,1878.9673333333333
2016.08.25,00:28:24.91,36.3422,28.3907,49.4,3.9,2016-08-25 00:28:24.910,19855.777166666663
2016.08.11,05:32:38.28,40.0458,23.3063,14.9,4.0,2016-08-11 05:32:38.280,7215.615333333333
2016.08.06,05:17:01.36,40.6392,23.351,13.7,4.0,2016-08-06 05:17:01.360,12299.556833333334
2016.07.28,16:17:27.95,38.163,23.0292,17.1,3.8,2016-07-28 16:17:27.950,2837.7145
2016.07.26,16:59:45.08,37.6975,23.5497,4.7,3.8,2016-07-26 16:59:45.080,9226.366833333333
2016.07.20,07:13:23.07,38.6573,23.0632,5.0,4.0,2016-07-20 07:13:23.070,35.109833333333334
2016.07.20,06:38:16.48,37.98,29.3675,6.9,3.8,2016-07-20 06:38:16.480,1234.114
2016.07.19,10:04:09.64,36.0643,29.67,5.0,3.6,2016-07-19 10:04:09.640,262.15866666666665
2016.07.19,05:42:00.12,37.0902,28.8163,5.0,3.6,2016-07-19 05:42:00.120,226.30216666666666
2016.07.19,01:55:41.99,37.192,26.8567,8.7,4.1,2016-07-19 01:55:41.990,429.293
2016.07.18,18:46:24.41,38.5775,27.3595,11.7,3.9,2016-07-18 18:46:24.410,1307.6721666666667
2016.07.17,20:58:44.08,37.9998,29.3878,6.0,4.0,2016-07-17 20:58:44.080,476.936
2016.07.17,13:01:47.92,38.5282,26.4125,16.1,3.8,2016-07-17 13:01:47.920,246.1095
2016.07.17,08:55:41.35,40.7032,29.166,11.4,4.1,2016-07-17 08:55:41.350,2382.300166666667
2016.07.15,17:13:23.34,36.5818,28.792,6.0,3.8,2016-07-15 17:13:23.340,4026.6683333333335
2016.07.12,22:06:43.24,39.3437,25.4962,7.8,3.5,2016-07-12 22:06:43.240,553.7761666666667
2016.07.12,12:52:56.67,36.0397,29.7207,7.6,3.8,2016-07-12 12:52:56.670,771.1413333333334
2016.07.12,00:01:48.19,41.1808,23.7677,9.5,3.6,2016-07-12 00:01:48.190,36.66283333333333
2016.07.11,23:25:08.42,38.3592,27.5003,8.9,3.5,2016-07-11 23:25:08.420,66.2735
2016.07.11,22:18:52.01,41.1757,23.7233,14.6,3.9,2016-07-11 22:18:52.010,3042.9148333333337
2016.07.09,19:35:57.12,36.401,29.1922,12.4,3.7,2016-07-09 19:35:57.120,287.8858333333334
2016.07.09,14:48:03.97,36.068,29.708,5.0,3.6,2016-07-09 14:48:03.970,27.211333333333336
2016.07.09,14:20:51.29,40.707,29.1948,9.5,3.8,2016-07-09 14:20:51.290,7718.118666666666
2016.07.04,05:42:44.17,37.4483,23.611,5.0,3.6,2016-07-04 05:42:44.170,697.027
2016.07.03,18:05:42.55,38.7785,27.7923,12.3,4.1,2016-07-03 18:05:42.550,993.6078333333334
2016.07.03,01:32:06.08,36.0687,29.7183,4.7,4.1,2016-07-03 01:32:06.080,87.05300000000001
2016.07.03,00:05:02.90,40.4622,23.4023,9.7,3.5,2016-07-03 00:05:02.900,50.919999999999995
2016.07.02,23:14:07.70,38.7627,27.8018,11.4,4.0,2016-07-02 23:14:07.700,39.63933333333333
2016.07.02,22:34:29.34,39.4293,25.8685,5.3,3.5,2016-07-02 22:34:29.340,2759.1655
2016.07.01,00:35:19.41,39.42,25.8867,5.9,3.9,2016-07-01 00:35:19.410,3945.8419999999996
2016.06.28,06:49:28.89,39.4547,25.9053,5.0,4.1,2016-06-28 06:49:28.890,185.17483333333334
2016.06.28,03:44:18.40,39.464,25.9408,5.0,3.8,2016-06-28 03:44:18.400,1.4286666666666668
2016.06.28,03:42:52.68,39.4363,25.8905,3.6,3.9,2016-06-28 03:42:52.680,4202.6795
2016.06.25,05:40:11.91,40.7068,29.2122,9.3,4.4,2016-06-25 05:40:11.910,3244.2038333333335
2016.06.22,23:35:59.68,40.7053,29.2232,7.6,3.7,2016-06-22 23:35:59.680,8175.342333333333
2016.06.17,07:20:39.14,39.5742,25.2572,5.0,3.7,2016-06-17 07:20:39.140,3876.6918333333333
2016.06.14,14:43:57.63,37.1837,26.8542,4.1,3.8,2016-06-14 14:43:57.630,3201.116
2016.06.12,09:22:50.67,36.9568,27.955,5.0,3.9,2016-06-12 09:22:50.670,1493.0886666666668
2016.06.11,08:29:45.35,39.2473,23.7447,11.5,4.3,2016-06-11 08:29:45.350,4113.608666666666
2016.06.08,11:56:08.83,39.0747,23.4143,19.7,3.8,2016-06-08 11:56:08.830,1673.8983333333333
2016.06.07,08:02:14.93,40.275,29.1495,13.5,3.6,2016-06-07 08:02:14.930,232.488
2016.06.07,04:09:45.65,40.2652,29.1523,15.8,4.3,2016-06-07 04:09:45.650,1903.4415000000001
2016.06.05,20:26:19.16,38.6103,26.7007,16.4,4.2,2016-06-05 20:26:19.160,11486.150333333333
2016.05.28,21:00:10.14,37.6925,23.5257,4.1,3.8,2016-05-28 21:00:10.140,240.89516666666665
2016.05.28,16:59:16.43,36.0988,29.6803,5.0,4.1,2016-05-28 16:59:16.430,7405.666333333333
2016.05.23,13:33:36.45,36.114,27.8157,17.8,3.7,2016-05-23 13:33:36.450,1868.2116666666666
2016.05.22,06:25:23.75,38.7523,23.0533,4.5,4.2,2016-05-22 06:25:23.750,2065.0873333333334
2016.05.20,20:00:18.51,38.6677,24.491,7.8,4.1,2016-05-20 20:00:18.510,674.775
2016.05.20,08:45:32.01,39.2777,22.995,11.3,4.1,2016-05-20 08:45:32.010,5836.562666666667
2016.05.16,07:28:58.25,38.3028,22.6715,15.0,4.0,2016-05-16 07:28:58.250,596.2669999999999
2016.05.15,21:32:42.23,36.747,22.9055,6.6,4.0,2016-05-15 21:32:42.230,5.205333333333333
2016.05.15,21:27:29.91,36.7493,22.9313,3.0,4.5,2016-05-15 21:27:29.910,1578.9486666666667
2016.05.14,19:08:32.99,36.1062,29.6845,5.0,3.8,2016-05-14 19:08:32.990,4691.9535000000005
2016.05.11,12:56:35.78,37.4747,26.6958,9.7,3.7,2016-05-11 12:56:35.780,2279.5788333333335
2016.05.09,22:57:01.05,39.183,24.2117,15.0,3.9,2016-05-09 22:57:01.050,327.79449999999997
2016.05.09,17:29:13.38,38.8483,23.2568,1.3,3.9,2016-05-09 17:29:13.380,6355.0625
2016.05.05,07:34:09.63,36.8525,26.5292,8.8,4.0,2016-05-05 07:34:09.630,7051.722166666667
2016.04.30,10:02:26.30,37.6297,23.5322,26.3,3.8,2016-04-30 10:02:26.300,314.29983333333337
2016.04.30,04:48:08.31,37.6295,23.591,4.1,4.1,2016-04-30 04:48:08.310,1387.8835
2016.04.29,05:40:15.30,36.7468,22.8147,14.8,3.9,2016-04-29 05:40:15.300,2188.8548333333333
2016.04.27,17:11:24.01,38.9527,26.0237,8.2,4.0,2016-04-27 17:11:24.010,3854.7481666666667
2016.04.25,00:56:39.12,39.6583,27.8607,9.1,3.7,2016-04-25 00:56:39.120,10741.870499999999
2016.04.17,13:54:46.89,37.8207,23.4858,2.9,3.8,2016-04-17 13:54:46.890,1405.1673333333333
2016.04.16,14:29:36.85,36.779,28.021,68.8,3.7,2016-04-16 14:29:36.850,1234.9161666666666
2016.04.15,17:54:41.88,38.933,23.0393,9.8,0.0,2016-04-15 17:54:41.880,9618.509
2016.04.09,01:36:11.34,38.6233,24.529,8.3,4.1,2016-04-09 01:36:11.340,618.6313333333333
2016.04.08,15:17:33.46,38.6677,25.9788,12.6,4.0,2016-04-08 15:17:33.460,2967.208
2016.04.06,13:50:20.98,38.5468,26.7237,18.0,4.0,2016-04-06 13:50:20.980,10474.475333333334
2016.03.30,07:15:52.46,36.0778,29.6997,7.6,4.0,2016-03-30 07:15:52.460,2272.095333333333
2016.03.28,17:23:46.74,40.732,27.5407,15.5,3.7,2016-03-28 17:23:46.740,522.8103333333333
2016.03.28,08:40:58.12,38.692,26.4025,15.8,3.9,2016-03-28 08:40:58.120,1657.0586666666668
2016.03.27,05:03:54.60,40.825,27.9007,14.7,3.7,2016-03-27 05:03:54.600,4541.63
2016.03.24,01:22:16.80,36.0617,29.6653,5.0,4.3,2016-03-24 01:22:16.800,2968.583833333333
2016.03.21,23:53:41.77,36.2418,29.0945,21.7,3.5,2016-03-21 23:53:41.770,3052.425666666667
2016.03.19,21:01:16.23,39.1562,29.1107,5.9,3.6,2016-03-19 21:01:16.230,10.773333333333333
2016.03.19,20:50:29.83,39.1575,29.1133,7.7,3.7,2016-03-19 20:50:29.830,1527.9248333333335
2016.03.18,19:22:34.34,36.7415,26.6977,14.4,3.7,2016-03-18 19:22:34.340,8858.006833333335
2016.03.12,15:44:33.93,36.5458,27.9633,87.8,3.9,2016-03-12 15:44:33.930,1273.6756666666665
2016.03.11,18:30:53.39,36.1242,27.551,80.0,3.7,2016-03-11 18:30:53.390,1935.8584999999998
2016.03.10,10:15:01.88,39.9972,27.6328,5.5,3.7,2016-03-10 10:15:01.880,6192.4738333333335
2016.03.06,03:02:33.45,38.7102,24.7615,13.6,3.9,2016-03-06 03:02:33.450,12030.286
2016.02.26,18:32:16.29,37.0607,27.6152,3.2,3.8,2016-02-26 18:32:16.290,3110.5938333333334
2016.02.24,14:41:40.66,36.1037,23.9367,26.2,4.0,2016-02-24 14:41:40.660,13830.279833333334
2016.02.15,00:11:23.87,36.1268,29.6803,5.0,0.0,2016-02-15 00:11:23.870,5258.165166666667
2016.02.11,08:33:13.96,39.4582,23.1757,20.6,0.0,2016-02-11 08:33:13.960,7087.077166666667
2016.02.06,10:26:09.33,38.7768,27.788,6.2,4.0,2016-02-06 10:26:09.330,1260.7160000000001
2016.02.05,13:25:26.37,36.9618,29.391,5.3,4.0,2016-02-05 13:25:26.370,1990.872
2016.02.04,04:14:34.05,39.3067,28.1177,5.0,3.7,2016-02-04 04:14:34.050,5639.046166666667
2016.01.31,06:15:31.28,38.4348,26.7437,17.6,0.0,2016-01-31 06:15:31.280,324.63199999999995
2016.01.31,00:50:53.36,36.6483,25.6058,7.7,0.0,2016-01-31 00:50:53.360,947.6568333333333
2016.01.30,09:03:13.95,40.7917,28.0575,9.8,0.0,2016-01-30 09:03:13.950,10382.489166666666
2016.01.23,04:00:44.60,36.723,29.5137,8.0,4.0,2016-01-23 04:00:44.600,84.87066666666666
2016.01.23,02:35:52.36,39.5085,25.9825,13.6,0.0,2016-01-23 02:35:52.360,4108.138666666667
2016.01.20,06:07:44.04,39.1005,27.9118,7.7,0.0,2016-01-20 06:07:44.040,1711.2536666666667
2016.01.19,01:36:28.82,39.226,29.3775,9.1,0.0,2016-01-19 01:36:28.820,27518.625833333335
2015.12.30,22:57:51.27,39.8873,23.4678,9.5,0.0,2015-12-30 22:57:51.270,1419.4071666666666
2015.12.29,23:18:26.84,39.1543,29.1347,8.1,0.0,2015-12-29 23:18:26.840,0.5345
2015.12.29,23:17:54.77,39.1435,29.1377,11.1,0.0,2015-12-29 23:17:54.770,9704.965666666665
2015.12.23,05:32:56.83,39.1888,27.818,9.7,0.0,2015-12-23 05:32:56.830,6509.6195
2015.12.18,17:03:19.66,36.0865,29.6932,5.0,0.0,2015-12-18 17:03:19.660,1751.0815
2015.12.17,11:52:14.77,38.8368,27.1605,13.4,0.0,2015-12-17 11:52:14.770,5975.269666666666
2015.12.13,08:16:58.59,39.183,27.8012,9.8,0.0,2015-12-13 08:16:58.590,7879.124333333334
2015.12.07,20:57:51.13,40.7068,27.4312,10.3,0.0,2015-12-07 20:57:51.130,2883.9908333333337
2015.12.05,20:53:51.68,40.4437,29.0663,13.2,0.0,2015-12-05 20:53:51.680,4621.120833333333
2015.12.02,15:52:44.43,39.149,28.1465,15.9,0.0,2015-12-02 15:52:44.430,20217.083833333334
2015.11.18,14:55:39.40,37.8175,29.3127,8.2,4.3,2015-11-18 14:55:39.400,2155.4913333333334
2015.11.17,03:00:09.92,39.5385,24.1335,15.7,4.3,2015-11-17 03:00:09.920,674.4406666666667
2015.11.16,15:45:43.48,40.8315,28.7535,12.6,3.9,2015-11-16 15:45:43.480,41.422000000000004
2015.11.16,15:04:18.16,39.3107,25.4358,7.9,0.0,2015-11-16 15:04:18.160,3.61
2015.11.16,15:00:41.56,39.1977,28.6715,5.5,0.0,2015-11-16 15:00:41.560,9126.9075
2015.11.10,06:53:47.11,39.4135,23.9905,12.2,0.0,2015-11-10 06:53:47.110,989.0221666666667
2015.11.09,14:24:45.78,38.5292,26.3687,14.3,0.0,2015-11-09 14:24:45.780,5875.154500000001
2015.11.05,12:29:36.51,40.3543,27.3995,13.5,3.9,2015-11-05 12:29:36.510,2999.308
2015.11.03,10:30:18.03,37.1823,28.7023,9.0,3.7,2015-11-03 10:30:18.030,8290.266833333333
2015.10.28,16:20:02.02,40.822,27.7642,14.3,4.3,2015-10-28 16:20:02.020,651.309
2015.10.28,05:28:43.48,36.5207,28.9238,48.4,,2015-10-28 05:28:43.480,1656.2793333333332
2015.10.27,01:52:26.72,38.9632,24.3387,5.0,,2015-10-27 01:52:26.720,9.319166666666666
2015.10.27,01:43:07.57,38.9345,24.2732,6.5,,2015-10-27 01:43:07.570,17.28166666666667
2015.10.27,01:25:50.67,38.9305,24.3465,7.9,4.3,2015-10-27 01:25:50.670,317.84866666666665
2015.10.26,20:07:59.75,39.7903,26.2667,6.7,4.6,2015-10-26 20:07:59.750,4418.344166666667
2015.10.23,18:29:39.10,37.9783,26.8037,13.0,3.9,2015-10-23 18:29:39.100,4288.8125
2015.10.20,19:00:50.35,36.9413,28.0417,5.0,,2015-10-20 19:00:50.350,3811.3265
2015.10.18,03:29:30.76,39.1588,29.1355,9.4,,2015-10-18 03:29:30.760,2174.5816666666665
2015.10.16,15:14:55.86,40.1987,25.0815,13.2,,2015-10-16 15:14:55.860,639.8151666666668
2015.10.16,04:35:06.95,40.4463,29.1663,5.4,,2015-10-16 04:35:06.950,3196.9411666666665
2015.10.13,23:18:10.48,39.1407,29.0298,10.4,4.2,2015-10-13 23:18:10.480,2345.1798333333336
2015.10.12,08:12:59.69,39.3682,26.9378,3.0,,2015-10-12 08:12:59.690,118.20066666666666
2015.10.12,06:14:47.65,39.3647,26.9227,7.0,,2015-10-12 06:14:47.650,7727.237166666667
2015.10.06,21:27:33.42,36.1678,29.8858,31.4,5.0,2015-10-06 21:27:33.420,611.2365000000001
2015.10.06,11:16:19.23,39.1428,29.1495,1.0,,2015-10-06 11:16:19.230,2948.6326666666664
2015.10.04,10:07:41.27,36.1227,29.6703,5.0,,2015-10-04 10:07:41.270,747.9335
2015.10.03,21:39:45.26,39.5648,23.7165,20.1,,2015-10-03 21:39:45.260,5889.558666666667
2015.09.29,19:30:11.74,37.0122,28.3688,5.8,,2015-09-29 19:30:11.740,2396.1835
2015.09.28,03:34:00.73,36.1147,29.687,5.0,,2015-09-28 03:34:00.730,3744.9076666666665
2015.09.25,13:09:06.27,37.1502,28.5437,6.3,,2015-09-25 13:09:06.270,2046.679
2015.09.24,03:02:25.53,40.6593,24.1405,10.6,,2015-09-24 03:02:25.530,2631.2434999999996
2015.09.22,07:11:10.92,39.1495,29.1292,11.7,4.1,2015-09-22 07:11:10.920,46.10566666666667
2015.09.22,06:25:04.58,39.1505,29.1297,10.7,3.7,2015-09-22 06:25:04.580,4794.605
2015.09.18,22:30:28.28,39.8122,30.4488,8.7,3.7,2015-09-18 22:30:28.280,8240.146166666667
2015.09.13,05:10:19.51,36.7068,30.0077,5.0,3.5,2015-09-13 05:10:19.510,132.88466666666667
2015.09.13,02:57:26.43,37.1385,28.9018,5.0,4.4,2015-09-13 02:57:26.430,4004.6793333333335
2015.09.10,08:12:45.67,38.8395,26.2778,15.4,4.7,2015-09-10 08:12:45.670,5.047833333333333
2015.09.10,08:07:42.80,39.1425,29.1357,4.6,,2015-09-10 08:07:42.800,10002.8835
2015.09.03,09:24:49.79,39.5223,28.8642,7.4,,2015-09-03 09:24:49.790,61.50233333333333
2015.09.03,08:23:19.65,39.1485,29.131,10.5,4.0,2015-09-03 08:23:19.650,704.0801666666666
2015.09.02,20:39:14.84,39.0987,29.1648,6.4,,2015-09-02 20:39:14.840,5906.440333333333
2015.08.29,18:12:48.42,36.3217,27.6643,86.7,,2015-08-29 18:12:48.420,324.9331666666667
2015.08.29,12:47:52.43,40.8443,27.93,10.1,,2015-08-29 12:47:52.430,22337.284333333333
2015.08.14,00:30:35.37,40.1937,25.1493,8.6,,2015-08-14 00:30:35.370,1409.1126666666667
2015.08.13,01:01:28.61,40.6993,29.2842,9.4,,2015-08-13 01:01:28.610,11017.179833333334
2015.08.05,09:24:17.82,38.1167,26.0167,10.5,,2015-08-05 09:24:17.820,5195.894499999999
2015.08.01,18:48:24.15,36.626,28.2515,74.0,,2015-08-01 18:48:24.150,8647.710166666666
2015.07.26,18:40:41.54,40.4852,23.9743,14.1,4.1,2015-07-26 18:40:41.540,1444.8366666666666
2015.07.25,18:35:51.34,37.154,28.7335,5.0,3.8,2015-07-25 18:35:51.340,1800.404
2015.07.24,12:35:27.10,36.0527,28.351,26.7,,2015-07-24 12:35:27.100,31.754833333333334
2015.07.24,12:03:41.81,36.312,28.8367,24.0,,2015-07-24 12:03:41.810,309.52900000000005
2015.07.24,06:54:10.07,40.2513,26.3053,10.7,4.2,2015-07-24 06:54:10.070,254.46116666666666
2015.07.24,02:39:42.40,40.2435,26.2873,11.9,4.8,2015-07-24 02:39:42.400,73.69533333333334
2015.07.24,01:26:00.68,40.2427,26.3025,11.2,4.1,2015-07-24 01:26:00.680,4819.439166666666
2015.07.20,17:06:34.33,38.864,26.8782,13.9,,2015-07-20 17:06:34.330,1244.4524999999999
2015.07.19,20:22:07.18,37.0608,27.5032,11.5,,2015-07-19 20:22:07.180,10111.963666666667
2015.07.12,19:50:09.36,37.846,27.2098,10.6,,2015-07-12 19:50:09.360,481.7933333333333
2015.07.12,11:48:21.76,37.1435,28.7442,1.4,,2015-07-12 11:48:21.760,195.53166666666667
2015.07.12,08:32:49.86,36.9843,28.3742,7.0,4.1,2015-07-12 08:32:49.860,4191.246
2015.07.09,10:41:35.10,36.8792,26.9508,9.4,3.9,2015-07-09 10:41:35.100,722.8821666666666
2015.07.08,22:38:42.17,37.573,29.5158,5.0,,2015-07-08 22:38:42.170,24.68616666666667
2015.07.08,22:14:01.00,37.6112,29.5205,6.8,3.9,2015-07-08 22:14:01.000,4150.226333333333
2015.07.06,01:03:47.42,38.2527,26.5805,20.3,4.1,2015-07-06 01:03:47.420,3768.9976666666666
2015.07.03,10:14:47.56,36.965,28.3537,5.0,,2015-07-03 10:14:47.560,4.353666666666667
2015.07.03,10:10:26.34,36.9802,28.3388,13.1,,2015-07-03 10:10:26.340,416.306
2015.07.03,03:14:07.98,36.5492,28.3212,55.4,,2015-07-03 03:14:07.980,291.7
2015.07.02,22:22:25.98,39.6805,27.847,5.5,3.8,2015-07-02 22:22:25.980,546.9398333333334
2015.07.02,13:15:29.59,39.5013,24.1238,12.2,,2015-07-02 13:15:29.590,3368.9526666666666
2015.06.30,05:06:32.43,39.671,27.861,7.9,,2015-06-30 05:06:32.430,4278.609
2015.06.27,05:47:55.89,37.0743,28.7652,5.0,,2015-06-27 05:47:55.890,1.7169999999999999
2015.06.27,05:46:12.87,37.1122,28.7788,5.0,,2015-06-27 05:46:12.870,1015.0963333333333
2015.06.26,12:51:07.09,39.302,27.6313,9.3,,2015-06-26 12:51:07.090,8749.033333333333
2015.06.20,11:02:05.09,36.9805,28.354,2.0,,2015-06-20 11:02:05.090,16433.056833333332
2015.06.09,01:09:01.68,38.6578,23.455,8.3,5.2,2015-06-09 01:09:01.680,15426.160833333333
2015.05.29,08:02:52.03,36.9145,27.6083,10.4,4.2,2015-05-29 08:02:52.030,5217.685833333334
2015.05.25,17:05:10.88,36.9213,27.5853,13.3,,2015-05-25 17:05:10.880,7864.875333333333
2015.05.20,06:00:18.36,38.28,29.7068,4.0,,2015-05-20 06:00:18.360,13063.846666666668
2015.05.11,04:16:27.56,40.4153,29.1253,8.1,,2015-05-11 04:16:27.560,4268.0813333333335
2015.05.08,05:08:22.68,39.6628,25.561,8.7,,2015-05-08 05:08:22.680,11210.525666666666
2015.04.30,10:17:51.14,36.1718,29.6483,5.6,,2015-04-30 10:17:51.140,3018.3776666666668
2015.04.28,07:59:28.48,37.0645,28.5478,7.2,4.1,2015-04-28 07:59:28.480,7075.154166666666
2015.04.23,10:04:19.23,39.9948,28.7315,7.2,,2015-04-23 10:04:19.230,6797.5015
2015.04.18,16:46:49.14,36.516,23.2013,13.9,4.6,2015-04-18 16:46:49.140,579.7248333333333
2015.04.18,07:07:05.65,36.5087,25.2803,19.4,,2015-04-18 07:07:05.650,2387.315666666667
2015.04.16,15:19:46.71,39.1615,29.103,8.2,,2015-04-16 15:19:46.710,5010.747333333334
2015.04.13,03:49:01.87,39.0988,24.5038,9.0,4.3,2015-04-13 03:49:01.870,10265.552166666666
2015.04.06,00:43:28.74,36.2792,28.9297,17.9,,2015-04-06 00:43:28.740,11954.429833333334
2015.03.28,17:29:02.95,41.1997,22.6787,7.0,,2015-03-28 17:29:02.950,2386.3656666666666
2015.03.27,01:42:41.01,37.9512,27.2213,7.4,3.9,2015-03-27 01:42:41.010,822.0061666666667
2015.03.26,12:00:40.64,39.3215,24.7525,7.8,4.2,2015-03-26 12:00:40.640,113.30266666666667
2015.03.26,10:07:22.48,39.2675,24.7005,4.9,,2015-03-26 10:07:22.480,1352.2635
2015.03.25,11:35:06.67,39.9943,24.2185,13.7,,2015-03-25 11:35:06.670,808.8733333333333
2015.03.24,22:06:14.27,37.0755,28.633,7.1,,2015-03-24 22:06:14.270,116.3805
2015.03.24,20:09:51.44,39.3288,27.4938,4.5,,2015-03-24 20:09:51.440,8000.898
2015.03.19,06:48:57.56,39.6647,27.8587,9.4,,2015-03-19 06:48:57.560,598.9486666666667
2015.03.18,20:50:00.64,39.6468,27.8552,3.4,,2015-03-18 20:50:00.640,2920.4646666666667
2015.03.16,20:09:32.76,36.5048,27.8917,15.6,,2015-03-16 20:09:32.760,4716.430833333333
2015.03.13,13:33:06.91,36.4857,23.262,7.3,4.5,2015-03-13 13:33:06.910,3390.150166666667
2015.03.11,05:02:57.90,37.8407,29.6627,5.0,,2015-03-11 05:02:57.900,16237.855000000001
2015.02.27,22:25:06.60,38.6907,26.4083,17.4,3.9,2015-02-27 22:25:06.600,7051.931333333333
2015.02.23,00:53:10.72,39.6585,27.8617,8.4,,2015-02-23 00:53:10.720,9420.449666666666
2015.02.16,11:52:43.74,37.1805,30.0155,5.0,4.7,2015-02-16 11:52:43.740,3689.1556666666665
2015.02.13,22:23:34.40,36.9493,23.4017,23.3,,2015-02-13 22:23:34.400,5127.082833333333
2015.02.10,08:56:29.43,37.1802,30.003,5.0,4.5,2015-02-10 08:56:29.430,2840.0815000000002
2015.02.08,09:36:24.54,37.1783,30.036,5.0,,2015-02-08 09:36:24.540,8935.3485
2015.02.02,04:41:03.63,40.3413,26.0612,13.1,4.1,2015-02-02 04:41:03.630,1074.5316666666668
2015.02.01,10:46:31.73,40.6965,27.5052,5.6,3.4,2015-02-01 10:46:31.730,5618.678166666667
2015.01.28,13:07:51.04,39.1682,23.2633,10.8,,2015-01-28 13:07:51.040,7368.148666666666
2015.01.23,10:19:42.12,40.0657,28.5903,5.0,4.2,2015-01-23 10:19:42.120,2304.513833333333
2015.01.21,19:55:11.29,37.6305,30.0648,6.3,,2015-01-21 19:55:11.290,2695.3301666666666
2015.01.19,22:59:51.48,39.3983,26.3338,13.4,4.2,2015-01-19 22:59:51.480,4217.279333333334
2015.01.17,00:42:34.72,39.877,30.3947,7.0,4.2,2015-01-17 00:42:34.720,4436.724333333334
2015.01.13,22:45:51.26,36.953,28.272,7.3,,2015-01-13 22:45:51.260,686.664
2015.01.13,11:19:11.42,36.5488,22.931,30.8,4.6,2015-01-13 11:19:11.420,4727.051333333334
2015.01.10,04:32:08.34,38.2128,27.051,14.4,4.1,2015-01-10 04:32:08.340,5475.867833333334
2015.01.06,09:16:16.27,39.3163,27.868,8.8,,2015-01-06 09:16:16.270,11589.890166666668
2014.12.29,08:06:22.86,38.8912,26.2825,11.6,4.6,2014-12-29 08:06:22.860,2355.7028333333337
2014.12.27,16:50:40.69,39.9848,23.4953,22.2,,2014-12-27 16:50:40.690,8143.246666666667
2014.12.22,01:07:25.89,38.9062,26.2942,5.4,,2014-12-22 01:07:25.890,3026.906
2014.12.19,22:40:31.53,39.3725,22.6725,5.3,,2014-12-19 22:40:31.530,5136.59
2014.12.16,09:03:56.13,40.1568,27.0867,10.7,,2014-12-16 09:03:56.130,1.71
2014.12.16,09:02:13.53,40.1498,27.0835,12.9,4.3,2014-12-16 09:02:13.530,5978.024333333334
2014.12.12,05:24:12.07,37.1457,28.8002,7.6,3.5,2014-12-12 05:24:12.070,4625.443333333333
2014.12.09,00:18:45.47,38.9012,26.2965,7.8,,2014-12-09 00:18:45.470,2118.8333333333335
2014.12.07,12:59:55.47,39.5023,22.9107,13.4,,2014-12-07 12:59:55.470,1431.7508333333333
2014.12.06,13:08:10.42,38.8852,26.2658,14.2,,2014-12-06 13:08:10.420,60.77066666666666
2014.12.06,12:07:24.18,40.492,26.4052,14.9,,2014-12-06 12:07:24.180,210.6205
2014.12.06,08:36:46.95,38.8937,26.2372,13.5,4.0,2014-12-06 08:36:46.950,135.8855
2014.12.06,06:20:53.82,38.8912,26.2602,15.2,4.9,2014-12-06 06:20:53.820,217.31683333333334
2014.12.06,02:43:34.81,38.8947,26.28,12.7,,2014-12-06 02:43:34.810,58.4705
2014.12.06,01:45:06.58,38.8917,26.2603,13.7,5.1,2014-12-06 01:45:06.580,1708.6256666666666
2014.12.04,21:16:29.04,38.5947,26.1067,16.7,4.2,2014-12-04 21:16:29.040,2941.225
2014.12.02,20:15:15.54,40.2617,25.1805,14.6,4.0,2014-12-02 20:15:15.540,3134.2423333333336
2014.11.30,16:01:01.00,37.36,26.7732,6.0,,2014-11-30 16:01:01.000,562.5206666666667
2014.11.30,06:38:29.76,39.348,29.0327,5.0,,2014-11-30 06:38:29.760,303.1091666666667
2014.11.30,01:35:23.21,38.6247,26.12,15.4,,2014-11-30 01:35:23.210,2223.1803333333332
2014.11.28,12:32:12.39,39.3262,29.0363,5.0,,2014-11-28 12:32:12.390,602.0931666666667
2014.11.28,02:30:06.80,39.3465,29.0165,3.9,4.6,2014-11-28 02:30:06.800,353.3881666666667
2014.11.27,20:36:43.51,39.3497,29.0305,5.3,,2014-11-27 20:36:43.510,497.74216666666666
2014.11.27,12:18:58.98,40.2208,25.2282,16.4,3.9,2014-11-27 12:18:58.980,1873.4228333333333
2014.11.26,05:05:33.61,36.9257,27.736,11.2,3.9,2014-11-26 05:05:33.610,294.2855
2014.11.26,00:11:16.48,39.3503,29.009,5.0,,2014-11-26 00:11:16.480,6.4896666666666665
2014.11.26,00:04:47.10,39.3357,29.0425,5.0,4.0,2014-11-26 00:04:47.100,2328.311833333333
2014.11.24,09:16:28.39,38.8215,25.6583,11.5,4.0,2014-11-24 09:16:28.390,531.2948333333333
2014.11.24,00:25:10.70,37.1353,28.4073,8.5,,2014-11-24 00:25:10.700,2367.463666666667
2014.11.22,08:57:42.88,38.0817,26.9938,6.6,,2014-11-22 08:57:42.880,526.4746666666666
2014.11.22,00:11:14.40,39.3183,27.052,7.3,,2014-11-22 00:11:14.400,1408.4973333333332
2014.11.21,00:42:44.56,37.1217,28.759,4.1,,2014-11-21 00:42:44.560,1728.6015
2014.11.19,19:54:08.47,38.6487,23.4163,13.5,,2014-11-19 19:54:08.470,1156.6948333333335
2014.11.19,00:37:26.78,38.6795,23.4422,16.6,,2014-11-19 00:37:26.780,1403.6605000000002
2014.11.18,01:13:47.15,38.6452,23.4293,14.8,,2014-11-18 01:13:47.150,19.795
2014.11.18,00:53:59.45,38.6518,23.4517,14.1,,2014-11-18 00:53:59.450,73.381
2014.11.17,23:40:36.59,38.685,23.3938,15.9,,2014-11-17 23:40:36.590,21.842666666666666
2014.11.17,23:18:46.03,38.6725,23.398,14.0,,2014-11-17 23:18:46.030,5.2715000000000005
2014.11.17,23:13:29.74,38.6858,23.4463,21.4,,2014-11-17 23:13:29.740,4.440166666666667
2014.11.17,23:09:03.33,38.6812,23.4573,12.1,5.1,2014-11-17 23:09:03.330,3.1275
2014.11.17,23:05:55.68,38.6722,23.4262,14.1,5.1,2014-11-17 23:05:55.680,1709.1293333333333
2014.11.16,18:36:47.92,37.165,28.7695,6.9,,2014-11-16 18:36:47.920,118.88683333333333
2014.11.16,16:37:54.71,37.8202,29.351,5.0,,2014-11-16 16:37:54.710,474.55916666666667
2014.11.16,08:43:21.16,39.3555,29.0127,8.9,,2014-11-16 08:43:21.160,739.8506666666667
2014.11.15,20:23:30.12,36.4198,28.8345,4.4,4.0,2014-11-15 20:23:30.120,731.9816666666667
2014.11.15,08:11:31.22,38.9925,23.6485,15.4,,2014-11-15 08:11:31.220,41.26366666666667
2014.11.15,07:30:15.40,39.349,29.0157,7.6,,2014-11-15 07:30:15.400,5190.212333333333
2014.11.11,17:00:02.66,37.139,28.7665,5.0,,2014-11-11 17:00:02.660,64.73433333333334
2014.11.11,15:55:18.60,37.1523,28.7577,9.1,,2014-11-11 15:55:18.600,669.1276666666668
2014.11.11,04:46:10.94,37.1258,28.7488,7.0,,2014-11-11 04:46:10.940,1162.6873333333335
2014.11.10,09:23:29.70,37.105,28.7318,1.4,,2014-11-10 09:23:29.700,1.0515
2014.11.10,09:22:26.61,37.163,28.7292,3.3,,2014-11-10 09:22:26.610,1.7378333333333333
2014.11.10,09:20:42.34,37.1538,28.7477,1.5,4.1,2014-11-10 09:20:42.340,184.0305
2014.11.10,06:16:40.51,37.1278,28.7802,11.8,4.6,2014-11-10 06:16:40.510,2991.6093333333333
2014.11.08,04:25:03.95,38.8358,25.945,4.0,,2014-11-08 04:25:03.950,3333.4131666666667
2014.11.05,20:51:39.16,39.1702,24.2487,14.0,,2014-11-05 20:51:39.160,201.54616666666666
2014.11.05,17:30:06.39,36.0263,27.2923,86.7,,2014-11-05 17:30:06.390,3238.1338333333333
2014.11.03,11:31:58.36,37.1587,28.7137,7.0,,2014-11-03 11:31:58.360,6082.849833333333
2014.10.30,06:09:07.37,38.1898,22.6712,5.0,,2014-10-30 06:09:07.370,8208.2315
2014.10.24,13:20:53.48,36.4563,28.938,21.9,,2014-10-24 13:20:53.480,1251.7191666666665
2014.10.23,16:29:10.33,40.4093,30.1218,7.4,,2014-10-23 16:29:10.330,1398.0788333333333
2014.10.22,17:11:05.60,40.4065,30.1147,7.5,4.5,2014-10-22 17:11:05.600,2287.164333333333
2014.10.21,03:03:55.74,38.1798,27.1098,17.7,3.8,2014-10-21 03:03:55.740,10905.030999999999
2014.10.13,13:18:53.88,38.1008,27.467,9.9,,2014-10-13 13:18:53.880,3276.735333333333
2014.10.11,06:42:09.76,38.2097,27.0618,13.3,3.9,2014-10-11 06:42:09.760,10081.586333333335
2014.10.04,06:40:34.58,36.3392,29.1282,20.4,,2014-10-04 06:40:34.580,2328.619833333333
2014.10.02,15:51:57.39,36.0217,26.9962,10.7,4.0,2014-10-02 15:51:57.390,225.49133333333333
2014.10.02,12:06:27.91,36.0148,26.99,9.2,4.2,2014-10-02 12:06:27.910,1729.9836666666667
2014.10.01,07:16:28.89,36.9553,29.3712,1.3,4.0,2014-10-01 07:16:28.890,2821.3543333333337
2014.09.29,08:15:07.63,39.356,24.0413,17.8,4.1,2014-09-29 08:15:07.630,728.7358333333334
2014.09.28,20:06:23.48,36.8473,28.9932,8.4,3.5,2014-09-28 20:06:23.480,686.6139999999999
2014.09.28,08:39:46.64,39.152,29.051,5.2,,2014-09-28 08:39:46.640,6555.159333333333
2014.09.23,19:24:37.08,38.7487,29.3727,5.5,,2014-09-23 19:24:37.080,1067.3285
2014.09.23,01:37:17.37,40.2715,25.1642,18.3,,2014-09-23 01:37:17.370,6852.8893333333335
2014.09.18,07:24:24.01,37.7967,23.0622,5.3,,2014-09-18 07:24:24.010,1926.2311666666667
2014.09.16,23:18:10.14,39.0107,28.753,5.5,,2014-09-16 23:18:10.140,2916.2331666666664
2014.09.14,22:41:56.15,37.2437,23.0618,10.1,,2014-09-14 22:41:56.150,3179.1468333333332
2014.09.12,17:42:47.34,40.8628,22.7413,10.8,,2014-09-12 17:42:47.340,11519.1395
2014.09.04,17:43:38.97,40.1525,24.8853,15.4,4.9,2014-09-04 17:43:38.970,21.878666666666668
2014.09.04,17:21:46.25,40.1445,24.9113,6.7,,2014-09-04 17:21:46.250,1900.9658333333332
2014.09.03,09:40:48.30,38.6415,24.5155,10.1,,2014-09-03 09:40:48.300,2584.3061666666667
2014.09.01,14:36:29.93,40.016,26.2745,12.0,,2014-09-01 14:36:29.930,4967.8910000000005
2014.08.29,03:48:36.47,36.7162,23.7595,66.6,4.6,2014-08-29 03:48:36.470,3.516833333333333
2014.08.29,03:45:05.46,36.6675,23.5623,96.1,5.2,2014-08-29 03:45:05.460,6755.3516666666665
2014.08.24,11:09:44.36,37.6663,26.5447,14.9,,2014-08-24 11:09:44.360,3110.0931666666665
2014.08.22,07:19:38.77,39.9483,23.411,22.7,,2014-08-22 07:19:38.770,171.73950000000002
2014.08.22,04:27:54.40,39.9638,23.411,39.5,4.8,2014-08-22 04:27:54.400,5.406666666666666
2014.08.22,04:22:30.00,39.9327,23.4437,17.8,4.2,2014-08-22 04:22:30.000,10102.206833333334
2014.08.15,04:00:17.59,37.006,27.4157,9.5,3.9,2014-08-15 04:00:17.590,2537.376166666667
2014.08.13,09:42:55.02,36.9727,27.677,14.3,4.0,2014-08-13 09:42:55.020,2119.391166666667
2014.08.11,22:23:31.55,40.3735,25.8525,7.7,4.1,2014-08-11 22:23:31.550,215.318
2014.08.11,18:48:12.47,36.2738,23.3943,13.1,3.8,2014-08-11 18:48:12.470,11305.468666666666
2014.08.03,22:22:44.35,40.6075,29.1652,11.5,3.8,2014-08-03 22:22:44.350,699.9975
2014.08.03,10:42:44.50,40.6057,29.159,3.4,,2014-08-03 10:42:44.500,6347.663666666666
2014.07.30,00:55:04.68,38.061,24.0573,15.6,,2014-07-30 00:55:04.680,3525.523
2014.07.27,14:09:33.30,40.1787,26.8918,6.6,,2014-07-27 14:09:33.300,10762.760166666667
2014.07.20,02:46:47.69,36.6412,28.1988,51.8,,2014-07-20 02:46:47.690,658.243
2014.07.19,15:48:33.11,38.3792,27.1413,11.4,,2014-07-19 15:48:33.110,2149.5834999999997
2014.07.18,03:58:58.10,38.249,26.6373,16.7,3.7,2014-07-18 03:58:58.100,2399.4903333333336
2014.07.16,11:59:28.68,40.258,26.2477,12.3,3.9,2014-07-16 11:59:28.680,1413.6036666666666
2014.07.15,12:25:52.46,39.1767,29.0877,5.0,4.0,2014-07-15 12:25:52.460,112.35683333333333
2014.07.15,10:33:31.05,40.2183,25.177,14.2,,2014-07-15 10:33:31.050,5746.473333333333
2014.07.11,10:47:02.65,38.4947,23.694,23.8,,2014-07-11 10:47:02.650,60.966499999999996
2014.07.11,09:46:04.66,38.409,23.6877,8.8,4.0,2014-07-11 09:46:04.660,914.5673333333333
2014.07.10,18:31:30.62,36.4608,27.0873,19.8,3.7,2014-07-10 18:31:30.620,331.39116666666666
2014.07.10,13:00:07.15,36.9723,26.5172,12.8,,2014-07-10 13:00:07.150,302.0215
2014.07.10,07:58:05.86,36.0528,30.2058,5.0,3.9,2014-07-10 07:58:05.860,493.0646666666667
2014.07.09,23:45:01.98,40.4298,26.2558,15.0,4.0,2014-07-09 23:45:01.980,2858.4558333333334
2014.07.08,00:06:34.63,36.8983,29.3487,2.2,,2014-07-08 00:06:34.630,5678.544333333333
2014.07.04,01:28:01.97,38.9675,27.6993,16.1,,2014-07-04 01:28:01.970,1223.2645
2014.07.03,05:04:46.10,40.2088,27.9333,11.8,4.3,2014-07-03 05:04:46.100,2502.9603333333334
2014.07.01,11:21:48.48,36.6052,29.9905,83.1,,2014-07-01 11:21:48.480,3486.4851666666664
2014.06.29,01:15:19.37,38.8613,27.1715,16.0,3.8,2014-06-29 01:15:19.370,365.53866666666664
2014.06.28,19:09:47.05,37.4907,22.7858,20.9,3.6,2014-06-28 19:09:47.050,1050.4453333333333
2014.06.28,01:39:20.33,40.0858,30.3853,5.0,3.6,2014-06-28 01:39:20.330,534.7116666666667
2014.06.27,16:44:37.63,38.2298,25.0925,6.2,,2014-06-27 16:44:37.630,30.161333333333335
2014.06.27,16:14:27.95,38.2615,25.0765,18.8,4.4,2014-06-27 16:14:27.950,1432.3611666666666
2014.06.26,16:22:06.28,39.6993,25.5645,7.4,4.1,2014-06-26 16:22:06.280,7308.694166666667
2014.06.21,14:33:24.63,40.303,25.6027,8.4,,2014-06-21 14:33:24.630,1473.7076666666667
2014.06.20,13:59:42.17,36.3738,28.5825,59.0,4.2,2014-06-20 13:59:42.170,6852.804666666667
2014.06.15,19:46:53.89,40.26,25.1697,17.8,3.9,2014-06-15 19:46:53.890,8503.914166666666
2014.06.09,22:02:59.04,39.1953,23.7788,14.6,,2014-06-09 22:02:59.040,419.53366666666665
2014.06.09,15:03:27.02,40.4205,26.123,9.1,,2014-06-09 15:03:27.020,273.8788333333333
2014.06.09,10:29:34.29,40.0585,24.3997,9.7,,2014-06-09 10:29:34.290,802.1425
2014.06.08,21:07:25.74,38.8502,27.163,12.6,,2014-06-08 21:07:25.740,1470.6113333333333
2014.06.07,20:36:49.06,38.9203,26.0862,13.3,,2014-06-07 20:36:49.060,1646.4336666666668
2014.06.06,17:10:23.04,39.769,24.1318,15.9,4.2,2014-06-06 17:10:23.040,289.31166666666667
2014.06.06,12:21:04.34,39.1972,23.7265,14.4,4.0,2014-06-06 12:21:04.340,988.7026666666667
2014.06.05,19:52:22.18,40.2088,25.1768,19.2,,2014-06-05 19:52:22.180,4606.956
2014.06.02,15:05:24.82,38.8497,28.0845,6.7,,2014-06-02 15:05:24.820,338.1181666666667
2014.06.02,09:27:17.73,37.8685,26.9452,2.7,,2014-06-02 09:27:17.730,729.5338333333333
2014.06.01,21:17:45.70,40.561,27.3342,11.0,,2014-06-01 21:17:45.700,79.24916666666667
2014.06.01,19:58:30.75,40.4083,26.1392,10.3,,2014-06-01 19:58:30.750,2137.206833333333
2014.05.31,08:21:18.34,40.0277,24.3915,9.0,,2014-05-31 08:21:18.340,1619.8863333333331
2014.05.30,05:21:25.16,40.1882,25.5545,10.5,,2014-05-30 05:21:25.160,75.074
2014.05.30,04:06:20.72,40.1858,25.5582,13.3,4.0,2014-05-30 04:06:20.720,1060.11
2014.05.29,10:26:14.12,40.0713,24.4183,8.8,,2014-05-29 10:26:14.120,106.8605
2014.05.29,08:39:22.49,40.0477,24.4443,8.8,,2014-05-29 08:39:22.490,26.190166666666666
2014.05.29,08:13:11.08,40.0528,24.4515,9.3,,2014-05-29 08:13:11.080,84.24733333333333
2014.05.29,06:48:56.24,40.0543,24.4208,9.7,,2014-05-29 06:48:56.240,48.015166666666666
2014.05.29,06:00:55.33,40.0505,24.4375,9.4,4.0,2014-05-29 06:00:55.330,1169.1338333333333
2014.05.28,10:31:47.30,40.2962,25.489,11.9,,2014-05-28 10:31:47.300,109.30366666666667
2014.05.28,08:42:29.08,39.832,24.3205,21.9,4.0,2014-05-28 08:42:29.080,282.6313333333334
2014.05.28,03:59:51.20,40.4218,26.1343,13.2,4.3,2014-05-28 03:59:51.200,977.3889999999999
2014.05.27,11:42:27.86,40.3613,25.8833,7.6,,2014-05-27 11:42:27.860,20.952833333333334
2014.05.27,11:21:30.69,37.5643,22.972,20.0,,2014-05-27 11:21:30.690,832.8751666666667
2014.05.26,21:28:38.18,40.2598,25.193,14.9,4.0,2014-05-26 21:28:38.180,22.517
2014.05.26,21:06:07.16,40.2853,25.5433,15.6,,2014-05-26 21:06:07.160,131.84816666666669
2014.05.26,18:54:16.27,40.4003,25.8945,12.8,,2014-05-26 18:54:16.270,285.9361666666666
2014.05.26,14:08:20.10,40.3438,25.8622,10.0,,2014-05-26 14:08:20.100,410.51
2014.05.26,07:17:49.50,40.2813,25.5052,12.6,,2014-05-26 07:17:49.500,982.706
2014.05.25,14:55:07.14,40.2535,25.2487,13.2,,2014-05-25 14:55:07.140,106.74783333333333
2014.05.25,13:08:22.27,39.7272,24.1015,16.9,,2014-05-25 13:08:22.270,80.44666666666667
2014.05.25,11:47:55.47,40.4123,26.0925,6.8,4.5,2014-05-25 11:47:55.470,9.275666666666666
2014.05.25,11:38:38.93,40.4208,26.1515,13.0,4.9,2014-05-25 11:38:38.930,354.2758333333333
2014.05.25,05:44:22.38,40.4162,26.0683,11.8,,2014-05-25 05:44:22.380,168.47683333333333
2014.05.25,02:55:53.77,40.3995,25.8383,4.9,,2014-05-25 02:55:53.770,6.385000000000001
2014.05.25,02:49:30.67,40.2448,25.1143,16.2,,2014-05-25 02:49:30.670,15.239166666666668
2014.05.25,02:34:16.32,40.38,25.9003,7.3,,2014-05-25 02:34:16.320,43.3645
2014.05.25,01:50:54.45,40.4005,25.9248,8.2,,2014-05-25 01:50:54.450,4.587999999999999
2014.05.25,01:46:19.17,39.9987,24.3313,10.2,,2014-05-25 01:46:19.170,98.34716666666667
2014.05.25,00:07:58.34,40.029,24.362,7.6,4.3,2014-05-25 00:07:58.340,43.856833333333334
2014.05.24,23:24:06.93,40.2657,25.165,18.1,,2014-05-24 23:24:06.930,23.518666666666665
2014.05.24,23:00:35.81,40.4067,25.9313,12.0,4.1,2014-05-24 23:00:35.810,51.85966666666666
2014.05.24,22:08:44.23,40.0188,24.3895,15.5,,2014-05-24 22:08:44.230,99.77183333333333
2014.05.24,20:28:57.92,40.2853,25.4923,6.4,,2014-05-24 20:28:57.920,183.425
2014.05.24,17:25:32.42,40.0257,24.3797,9.9,,2014-05-24 17:25:32.420,35.517833333333336
2014.05.24,16:50:01.35,40.0045,24.3128,11.3,4.6,2014-05-24 16:50:01.350,15.172
2014.05.24,16:34:51.03,40.2893,25.632,5.4,3.9,2014-05-24 16:34:51.030,25.038
2014.05.24,16:09:48.75,40.393,26.1072,8.3,,2014-05-24 16:09:48.750,68.26950000000001
2014.05.24,15:01:32.58,40.38,26.1428,9.4,,2014-05-24 15:01:32.580,12.294333333333332
2014.05.24,14:49:14.92,40.3997,25.9523,5.6,4.6,2014-05-24 14:49:14.920,8.872166666666667
2014.05.24,14:40:22.59,40.007,24.3163,14.2,4.0,2014-05-24 14:40:22.590,82.61516666666667
2014.05.24,13:17:45.68,40.3902,25.9003,5.0,,2014-05-24 13:17:45.680,31.770833333333332
2014.05.24,12:45:59.43,40.2448,25.1753,14.5,4.0,2014-05-24 12:45:59.430,15.663833333333335
2014.05.24,12:30:19.60,40.2738,25.6413,2.4,,2014-05-24 12:30:19.600,30.052500000000002
2014.05.24,12:00:16.45,40.287,25.6443,4.4,,2014-05-24 12:00:16.450,27.152333333333335
2014.05.24,11:33:07.31,40.2942,25.615,5.4,4.3,2014-05-24 11:33:07.310,4.427499999999999
2014.05.24,11:28:41.66,40.4322,26.2612,12.3,,2014-05-24 11:28:41.660,9.947666666666667
2014.05.24,11:18:44.80,40.405,26.1872,5.0,,2014-05-24 11:18:44.800,43.72116666666667
2014.05.24,10:35:01.53,40.4278,26.1382,4.9,4.2,2014-05-24 10:35:01.530,23.35033333333333
2014.05.24,10:11:40.51,40.395,26.1485,9.4,4.2,2014-05-24 10:11:40.510,6.376333333333333
2014.05.24,10:05:17.93,40.4305,26.25,7.3,,2014-05-24 10:05:17.930,10.303666666666667
2014.05.24,09:54:59.71,40.3457,25.938,3.6,,2014-05-24 09:54:59.710,6.122
2014.05.24,09:48:52.39,40.2385,25.3433,5.3,,2014-05-24 09:48:52.390,1.3315
2014.05.24,09:47:32.50,40.227,25.4105,7.7,,2014-05-24 09:47:32.500,5.2
2014.05.24,09:42:20.50,40.385,25.9243,5.4,,2014-05-24 09:42:20.500,2.218166666666667
2014.05.24,09:40:07.41,40.1997,25.1838,5.0,4.4,2014-05-24 09:40:07.410,5.845666666666667
2014.05.24,09:34:16.67,40.3377,26.2567,5.4,,2014-05-24 09:34:16.670,0.026333333333333334
2014.05.24,09:34:15.09,39.994,24.1208,3.5,,2014-05-24 09:34:15.090,0.4498333333333333
2014.05.24,09:33:48.10,40.4208,26.1673,7.6,,2014-05-24 09:33:48.100,2.5
2014.05.24,09:31:18.10,40.427,26.2398,7.2,5.1,2014-05-24 09:31:18.100,6.275166666666666
2014.05.24,09:25:01.59,40.3043,25.458,21.2,6.8,2014-05-24 09:25:01.590,3870.5156666666667
2014.05.21,16:54:30.65,37.3748,26.9803,14.7,,2014-05-21 16:54:30.650,1043.7711666666667
2014.05.20,23:30:44.38,39.5982,24.2183,8.3,4.1,2014-05-20 23:30:44.380,3033.8406666666665
2014.05.18,20:56:53.94,36.4538,29.4992,50.4,,2014-05-18 20:56:53.940,2713.2803333333336
2014.05.16,23:43:37.12,36.059,27.8597,89.0,,2014-05-16 23:43:37.120,5659.449333333334
2014.05.13,01:24:10.16,38.254,25.0963,23.2,,2014-05-13 01:24:10.160,2657.161833333333
2014.05.11,05:07:00.45,40.67,27.0418,11.0,,2014-05-11 05:07:00.450,6756.083333333333
2014.05.06,12:30:55.45,36.0482,27.8577,25.7,,2014-05-06 12:30:55.450,192.1315
2014.05.06,09:18:47.56,37.0292,27.4733,6.8,,2014-05-06 09:18:47.560,438.79383333333334
2014.05.06,01:59:59.93,39.338,23.843,11.0,4.2,2014-05-06 01:59:59.930,4153.2885
2014.05.03,04:46:42.62,36.3237,28.8667,25.8,4.1,2014-05-03 04:46:42.620,1724.35
2014.05.02,00:02:21.62,38.0152,27.0292,20.5,,2014-05-02 00:02:21.620,388.68433333333337
2014.05.01,17:33:40.56,37.0317,27.4678,13.4,4.0,2014-05-01 17:33:40.560,197.48283333333333
2014.05.01,14:16:11.59,38.0348,27.0413,19.8,3.8,2014-05-01 14:16:11.590,2052.6715
2014.04.30,04:03:31.30,38.249,25.0748,10.9,4.8,2014-04-30 04:03:31.300,2893.6908333333336
2014.04.28,03:49:49.85,38.738,22.8957,6.2,,2014-04-28 03:49:49.850,7748.130999999999
2014.04.22,18:41:41.99,40.4493,26.4617,9.4,,2014-04-22 18:41:41.990,14.540666666666668
2014.04.22,18:27:09.55,40.4563,26.4577,9.1,,2014-04-22 18:27:09.550,4007.186166666667
2014.04.19,23:39:58.38,37.0693,28.8837,9.0,3.9,2014-04-19 23:39:58.380,3301.851333333333
2014.04.17,16:38:07.30,37.0227,27.4652,9.8,3.4,2014-04-17 16:38:07.300,10273.8825
2014.04.10,13:24:14.35,37.0277,27.476,7.5,,2014-04-10 13:24:14.350,2295.637666666667
2014.04.08,23:08:36.09,39.5948,27.7518,12.2,3.5,2014-04-08 23:08:36.090,1472.3063333333334
2014.04.07,22:36:17.71,39.2053,25.42,6.9,3.7,2014-04-07 22:36:17.710,1939.0246666666667
2014.04.06,14:17:16.23,37.024,27.4335,6.3,,2014-04-06 14:17:16.230,3424.2481666666667
2014.04.04,05:13:01.34,37.7203,26.8345,8.7,,2014-04-04 05:13:01.340,12.987333333333334
2014.04.04,05:00:02.10,39.0445,23.4015,12.3,,2014-04-04 05:00:02.100,1704.3861666666667
2014.04.03,00:35:38.93,36.9103,27.9128,15.6,,2014-04-03 00:35:38.930,12308.846333333333
2014.03.25,11:26:48.15,36.5072,28.0345,62.0,4.0,2014-03-25 11:26:48.150,5330.963000000001
2014.03.21,18:35:50.37,38.4847,22.5023,9.9,,2014-03-21 18:35:50.370,191.04983333333334
2014.03.21,15:24:47.38,36.9855,28.3687,3.6,,2014-03-21 15:24:47.380,8329.0795
2014.03.15,20:35:42.61,37.5977,25.6237,14.4,3.6,2014-03-15 20:35:42.610,906.1375
2014.03.15,05:29:34.36,37.5917,25.6262,66.4,4.1,2014-03-15 05:29:34.360,12092.019666666667
2014.03.06,19:57:33.18,37.0145,28.1933,5.0,,2014-03-06 19:57:33.180,9040.591833333334
2014.02.28,13:16:57.67,39.2742,29.2982,5.0,3.5,2014-02-28 13:16:57.670,565.1495
2014.02.28,03:51:48.70,36.0505,25.0783,8.3,3.9,2014-02-28 03:51:48.700,1182.4311666666665
2014.02.27,08:09:22.83,39.0298,30.0478,5.0,3.7,2014-02-27 08:09:22.830,9.483
2014.02.27,07:59:53.85,39.0208,30.0133,5.0,3.6,2014-02-27 07:59:53.850,1560.7245
2014.02.26,05:59:10.38,40.3333,23.9788,12.1,3.5,2014-02-26 05:59:10.380,23248.035666666667
2014.02.10,02:31:08.24,36.1553,27.0798,12.5,3.4,2014-02-10 02:31:08.240,16828.594166666666
2014.01.29,10:02:32.59,36.026,29.0667,10.6,3.5,2014-01-29 10:02:32.590,730.7576666666666
2014.01.28,21:51:47.13,36.1455,27.1413,1.1,,2014-01-28 21:51:47.130,8948.899166666666
2014.01.22,16:42:53.18,40.0473,25.1157,8.0,,2014-01-22 16:42:53.180,11548.179166666667
2014.01.14,16:14:42.43,38.2778,27.9448,9.8,,2014-01-14 16:14:42.430,1763.2651666666668
2014.01.13,10:51:26.52,39.7833,26.1328,7.8,4.0,2014-01-13 10:51:26.520,2011.838
2014.01.12,01:19:36.24,38.8145,27.8252,11.7,3.3,2014-01-12 01:19:36.240,321.6155
2014.01.11,19:57:59.31,39.7862,26.129,10.3,3.5,2014-01-11 19:57:59.310,1344.7694999999999
2014.01.10,21:33:13.14,38.8082,27.8137,12.4,,2014-01-10 21:33:13.140,852.4416666666667
2014.01.10,07:20:46.64,39.4637,27.9588,12.0,4.1,2014-01-10 07:20:46.640,3579.4183333333335
2014.01.07,19:41:21.54,39.7792,26.1185,7.1,3.8,2014-01-07 19:41:21.540,2117.7155
2014.01.06,08:23:38.61,39.7853,26.1312,7.9,,2014-01-06 08:23:38.610,6919.196166666667
2014.01.01,13:04:26.84,36.724,27.5255,15.4,,2014-01-01 13:04:26.840,12143.548833333334
2013.12.24,02:40:53.91,36.2202,27.0078,93.3,,2013-12-24 02:40:53.910,1190.4433333333334
2013.12.23,06:50:27.31,39.62,25.5192,5.5,,2013-12-23 06:50:27.310,766.4495000000001
2013.12.22,18:04:00.34,37.9008,22.789,5.0,,2013-12-22 18:04:00.340,5563.908333333334
2013.12.18,21:20:05.84,39.8362,25.3847,4.7,4.2,2013-12-18 21:20:05.840,21455.963333333333
2013.12.03,23:44:08.04,39.089,30.2083,1.8,,2013-12-03 23:44:08.040,1342.3306666666665
2013.12.03,01:21:48.20,37.7195,29.2132,2.4,,2013-12-03 01:21:48.200,7860.539833333333
2013.11.27,14:21:15.81,37.3487,22.9425,81.1,4.4,2013-11-27 14:21:15.810,599.6738333333334
2013.11.27,04:21:35.38,40.8283,27.9187,12.5,3.8,2013-11-27 04:21:35.380,7.964333333333333
2013.11.27,04:13:37.52,40.8455,27.9187,10.8,4.6,2013-11-27 04:13:37.520,486.315
2013.11.26,20:07:18.62,37.7033,29.2112,5.0,,2013-11-26 20:07:18.620,4560.254833333333
2013.11.23,16:07:03.33,36.359,29.4498,52.4,,2013-11-23 16:07:03.330,339.34583333333336
2013.11.23,10:27:42.58,40.5765,25.6948,14.8,,2013-11-23 10:27:42.580,1155.6321666666665
2013.11.22,15:12:04.65,39.2437,22.6823,3.7,,2013-11-22 15:12:04.650,396.4388333333334
2013.11.22,08:35:38.32,37.6862,29.2615,5.5,,2013-11-22 08:35:38.320,10585.093499999999
2013.11.15,00:10:32.71,39.6632,25.5673,5.4,3.9,2013-11-15 00:10:32.710,3066.4433333333336
2013.11.12,21:04:06.11,39.0903,28.3455,6.8,,2013-11-12 21:04:06.110,174.65283333333335
2013.11.12,18:09:26.94,38.939,23.1033,11.4,4.6,2013-11-12 18:09:26.940,3840.0583333333334
2013.11.10,02:09:23.44,40.7615,30.2658,13.8,,2013-11-10 02:09:23.440,3625.292
2013.11.07,13:44:05.92,38.6957,24.6015,18.5,,2013-11-07 13:44:05.920,248.06766666666667
2013.11.07,09:36:01.86,39.674,28.9708,5.0,,2013-11-07 09:36:01.860,3566.7405
2013.11.04,22:09:17.43,38.9592,23.105,9.6,,2013-11-04 22:09:17.430,8327.245166666668
2013.10.30,03:22:02.72,36.9095,27.5645,12.7,,2013-10-30 03:22:02.720,4.837666666666666
2013.10.30,03:17:12.46,36.9015,27.5683,11.2,,2013-10-30 03:17:12.460,4929.985833333334
2013.10.26,17:07:13.31,40.228,23.0733,15.4,,2013-10-26 17:07:13.310,1745.6973333333333
2013.10.25,12:01:31.47,40.4148,26.0648,9.0,,2013-10-25 12:01:31.470,12588.101666666666
2013.10.16,18:13:25.37,39.1335,25.8238,9.6,,2013-10-16 18:13:25.370,5817.130999999999
2013.10.12,17:16:17.51,36.263,28.2985,48.9,,2013-10-12 17:16:17.510,2160.5201666666667
2013.10.11,05:15:46.30,40.6942,23.4012,10.5,4.2,2013-10-11 05:15:46.300,11209.653
2013.10.03,10:26:07.12,40.0892,28.6952,13.8,,2013-10-03 10:26:07.120,2962.1580000000004
2013.10.01,09:03:57.64,37.8577,27.3808,8.3,,2013-10-01 09:03:57.640,3350.8558333333335
2013.09.29,01:13:06.29,39.1105,27.3238,9.7,,2013-09-29 01:13:06.290,4953.606833333333
2013.09.25,14:39:29.88,38.7793,26.0087,17.9,,2013-09-25 14:39:29.880,43.18983333333333
2013.09.25,13:56:18.49,36.5202,25.2602,13.2,,2013-09-25 13:56:18.490,16.5625
2013.09.25,13:39:44.74,40.768,27.4242,7.5,,2013-09-25 13:39:44.740,7894.414333333333
2013.09.20,02:05:19.88,38.253,23.0163,13.9,4.1,2013-09-20 02:05:19.880,3912.536
2013.09.17,08:52:47.72,38.7727,22.8248,5.9,,2013-09-17 08:52:47.720,73.056
2013.09.17,07:39:44.36,38.772,22.8188,5.5,3.9,2013-09-17 07:39:44.360,112.87516666666667
2013.09.17,05:46:51.85,38.7708,22.815,1.6,,2013-09-17 05:46:51.850,871.0941666666666
2013.09.16,15:15:46.20,38.7857,22.7287,22.0,,2013-09-16 15:15:46.200,14.538833333333335
2013.09.16,15:01:13.87,38.7735,22.773,8.3,5.0,2013-09-16 15:01:13.870,10158.464833333333
2013.09.09,13:42:45.98,37.4218,26.9238,5.0,,2013-09-09 13:42:45.980,1629.7671666666668
2013.09.08,10:32:59.95,40.7998,22.6903,5.4,,2013-09-08 10:32:59.950,361.6396666666667
2013.09.08,04:31:21.57,37.4112,26.8597,11.7,,2013-09-08 04:31:21.570,7917.365666666667
2013.09.02,16:33:59.63,36.7548,30.3443,54.8,,2013-09-02 16:33:59.630,2102.9898333333335
2013.09.01,05:31:00.24,38.8185,26.7912,16.4,,2013-09-01 05:31:00.240,919.7951666666667
2013.08.31,14:11:12.53,39.4147,28.2203,5.0,,2013-08-31 14:11:12.530,21.493
2013.08.31,13:49:42.95,39.4003,28.2295,1.7,,2013-08-31 13:49:42.950,3329.1346666666664
2013.08.29,06:20:34.87,40.3478,27.4458,14.8,4.1,2013-08-29 06:20:34.870,773.2055
2013.08.28,17:27:22.54,40.2145,25.1058,16.0,3.4,2013-08-28 17:27:22.540,1788.1251666666665
2013.08.27,11:39:15.03,38.7777,25.9842,14.9,,2013-08-27 11:39:15.030,8444.951333333334
2013.08.21,14:54:17.95,38.7137,27.9325,9.4,3.6,2013-08-21 14:54:17.950,3520.458833333333
2013.08.19,04:13:50.42,38.8883,27.7242,11.4,3.5,2013-08-19 04:13:50.420,357.53516666666667
2013.08.18,22:16:18.31,38.751,22.7697,8.4,,2013-08-18 22:16:18.310,127.5835
2013.08.18,20:08:43.30,38.7358,22.8182,7.1,3.4,2013-08-18 20:08:43.300,209.37166666666664
2013.08.18,16:39:21.00,38.7418,22.8227,5.3,3.3,2013-08-18 16:39:21.000,356.46299999999997
2013.08.18,10:42:53.22,38.7915,22.8785,5.0,,2013-08-18 10:42:53.220,986.3698333333334
2013.08.17,18:16:31.03,40.4103,29.1193,5.5,4.3,2013-08-17 18:16:31.030,2676.9433333333336
2013.08.15,21:39:34.43,37.3793,26.9533,5.7,,2013-08-15 21:39:34.430,6435.797666666666
2013.08.11,10:23:46.57,40.2625,23.4838,7.3,,2013-08-11 10:23:46.570,2713.6330000000003
2013.08.09,13:10:08.59,38.8285,22.625,4.4,4.6,2013-08-09 13:10:08.590,80.76833333333335
2013.08.09,11:49:22.49,38.803,22.742,3.8,4.6,2013-08-09 11:49:22.490,2671.1021666666666
2013.08.07,15:18:16.36,38.737,22.6498,18.0,,2013-08-07 15:18:16.360,93.73583333333333
2013.08.07,13:44:32.21,38.7303,22.6912,8.9,4.2,2013-08-07 13:44:32.210,227.9215
2013.08.07,09:56:36.92,38.7827,22.7405,10.5,3.9,2013-08-07 09:56:36.920,49.790499999999994
2013.08.07,09:06:49.49,38.7952,22.5712,5.0,5.0,2013-08-07 09:06:49.490,4.069999999999999
2013.08.07,09:02:45.29,38.8303,22.7157,15.7,4.0,2013-08-07 09:02:45.290,222.22466666666665
2013.08.07,05:20:31.81,39.2002,29.4538,9.5,4.2,2013-08-07 05:20:31.810,602.3303333333333
2013.08.06,19:18:11.99,39.836,29.7542,7.5,3.9,2013-08-06 19:18:11.990,9711.299833333333
2013.07.31,01:26:54.00,40.3063,25.8047,8.9,,2013-07-31 01:26:54.000,1138.7886666666668
2013.07.30,06:28:06.68,40.3027,25.7747,10.5,4.0,2013-07-30 06:28:06.680,45.945166666666665
2013.07.30,05:42:09.97,40.2968,25.759,7.3,,2013-07-30 05:42:09.970,9.031
2013.07.30,05:33:08.11,40.3102,25.8067,13.2,4.9,2013-07-30 05:33:08.110,2359.139333333333
2013.07.28,14:13:59.75,39.341,29.0202,5.0,,2013-07-28 14:13:59.750,3788.1763333333333
2013.07.25,23:05:49.17,37.404,26.8747,14.6,4.0,2013-07-25 23:05:49.170,1574.4168333333332
2013.07.24,20:51:24.16,38.984,26.1063,14.3,4.0,2013-07-24 20:51:24.160,542.3666666666667
2013.07.24,11:49:02.16,39.335,29.0283,2.9,,2013-07-24 11:49:02.160,1135.4526666666668
2013.07.23,16:53:35.00,37.8703,26.35,11.5,,2013-07-23 16:53:35.000,7217.073
2013.07.18,16:36:30.62,38.7717,25.9865,9.0,,2013-07-18 16:36:30.620,1116.4209999999998
2013.07.17,22:00:05.36,37.0647,27.9705,10.0,,2013-07-17 22:00:05.360,4371.63
2013.07.14,21:08:27.56,38.9883,26.0705,8.1,,2013-07-14 21:08:27.560,4111.5015
2013.07.12,00:36:57.47,40.386,25.9683,16.5,4.2,2013-07-12 00:36:57.470,4629.693
2013.07.08,19:27:15.89,36.875,23.2045,10.2,,2013-07-08 19:27:15.890,833.6133333333333
2013.07.08,05:33:39.09,39.0578,29.7625,7.5,3.4,2013-07-08 05:33:39.090,18812.977666666666
2013.06.25,04:00:40.43,39.3288,27.8883,12.7,3.6,2013-06-25 04:00:40.430,2096.063
2013.06.23,17:04:36.65,36.926,27.9687,1.7,,2013-06-23 17:04:36.650,2797.945
2013.06.21,18:26:39.95,36.5628,27.8715,86.0,,2013-06-21 18:26:39.950,319.27433333333335
2013.06.21,13:07:23.49,37.5377,26.8042,11.4,,2013-06-21 13:07:23.490,467.14616666666666
2013.06.21,05:20:14.72,39.6355,27.873,5.4,,2013-06-21 05:20:14.720,15164.181833333334
2013.06.10,16:36:03.81,39.0127,27.8633,6.8,,2013-06-10 16:36:03.810,1520.912
2013.06.09,15:15:09.09,38.7838,26.759,16.6,3.9,2013-06-09 15:15:09.090,56.2055
2013.06.09,14:18:56.76,39.1715,29.0295,8.6,3.4,2013-06-09 14:18:56.760,587.1571666666666
2013.06.09,04:31:47.33,38.7533,27.266,11.8,3.5,2013-06-09 04:31:47.330,2871.5308333333332
2013.06.07,04:40:15.48,39.676,25.5393,12.0,3.5,2013-06-07 04:40:15.480,4483.3745
2013.06.04,01:56:53.01,38.0388,23.9487,6.3,3.9,2013-06-04 01:56:53.010,275.8676666666667
2013.06.03,21:21:00.95,38.9902,27.5887,8.0,3.5,2013-06-03 21:21:00.950,4623.025333333334
2013.05.31,16:17:59.43,37.4255,23.268,8.2,,2013-05-31 16:17:59.430,1313.6576666666667
2013.05.30,18:24:19.97,38.9385,26.2008,11.6,,2013-05-30 18:24:19.970,1660.8055
2013.05.29,14:43:31.64,39.1433,29.1003,4.0,4.4,2013-05-29 14:43:31.640,5044.177500000001
2013.05.26,02:39:20.99,38.3137,27.1658,8.8,,2013-05-26 02:39:20.990,2720.3903333333337
2013.05.24,05:18:57.57,38.8933,27.6813,14.0,3.8,2013-05-24 05:18:57.570,1704.1858333333332
2013.05.23,00:54:46.42,37.3838,26.9523,7.1,,2013-05-23 00:54:46.420,625.612
2013.05.22,14:29:09.70,36.2403,23.4622,5.0,,2013-05-22 14:29:09.700,116.13866666666667
2013.05.22,12:33:01.38,37.3673,26.926,7.4,,2013-05-22 12:33:01.380,8106.375
2013.05.16,21:26:38.88,37.0148,28.4123,4.0,4.1,2013-05-16 21:26:38.880,5.3595
2013.05.16,21:21:17.31,37.007,28.3827,4.0,4.3,2013-05-16 21:21:17.310,503.1191666666667
2013.05.16,12:58:10.16,38.9592,26.0472,9.8,,2013-05-16 12:58:10.160,591.0501666666667
2013.05.16,03:07:07.15,37.013,28.4242,5.0,,2013-05-16 03:07:07.150,5.089666666666667
2013.05.16,03:02:01.77,37.038,28.4308,4.0,4.8,2013-05-16 03:02:01.770,609.5915
2013.05.15,16:52:26.28,36.9707,30.4898,92.2,,2013-05-15 16:52:26.280,721.5476666666667
2013.05.15,04:50:53.42,39.6948,25.5957,8.8,,2013-05-15 04:50:53.420,6419.9715
2013.05.10,17:50:55.13,36.0092,27.2922,18.0,3.4,2013-05-10 17:50:55.130,6127.7716666666665
2013.05.06,11:43:08.83,39.0587,25.8527,10.8,,2013-05-06 11:43:08.830,4041.1211666666663
2013.05.03,16:22:01.56,40.4175,22.6538,16.9,,2013-05-03 16:22:01.560,2370.2735000000002
2013.05.02,00:51:45.15,39.0845,25.8323,3.9,,2013-05-02 00:51:45.150,4820.690166666666
2013.04.28,16:31:03.74,37.6263,22.7073,5.0,,2013-04-28 16:31:03.740,0.175
2013.04.28,16:30:53.24,36.9737,27.7812,8.0,4.3,2013-04-28 16:30:53.240,40.76616666666666
2013.04.28,15:50:07.27,37.4395,26.7187,9.6,,2013-04-28 15:50:07.270,1545.8045
2013.04.27,14:04:19.00,40.039,26.0505,8.9,,2013-04-27 14:04:19.000,3951.7301666666667
2013.04.24,20:12:35.19,36.8515,23.0303,6.0,3.8,2013-04-24 20:12:35.190,3885.2276666666667
2013.04.22,03:27:21.53,40.3307,25.6862,4.0,3.2,2013-04-22 03:27:21.530,1541.7441666666666
2013.04.21,01:45:36.88,36.1242,28.1513,88.0,4.4,2013-04-21 01:45:36.880,11727.5325
2013.04.12,22:18:04.93,39.154,26.3582,2.7,,2013-04-12 22:18:04.930,555.8048333333334
2013.04.12,13:02:16.64,39.1405,26.3747,6.2,,2013-04-12 13:02:16.640,1702.6158333333333
2013.04.11,08:39:39.69,39.1507,26.377,5.7,,2013-04-11 08:39:39.690,453.81233333333336
2013.04.11,01:05:50.95,36.5802,28.4015,61.2,,2013-04-11 01:05:50.950,2207.7176666666664
2013.04.09,12:18:07.89,37.0867,28.4673,5.0,,2013-04-09 12:18:07.890,521.7065
2013.04.09,03:36:25.50,36.6553,23.1125,6.0,4.1,2013-04-09 03:36:25.500,10721.494
2013.04.01,16:54:55.86,38.8458,25.9818,12.0,4.0,2013-04-01 16:54:55.860,8.507833333333334
2013.04.01,16:46:25.39,38.8345,25.9812,10.0,3.5,2013-04-01 16:46:25.390,8857.681166666667
2013.03.26,13:08:44.52,40.3873,26.0152,18.0,3.9,2013-03-26 13:08:44.520,12905.6605
2013.03.17,14:03:04.89,39.28,27.8448,8.0,3.5,2013-03-17 14:03:04.890,4747.8144999999995
2013.03.14,06:55:16.02,38.8097,25.9142,6.0,,2013-03-14 06:55:16.020,466.25933333333336
2013.03.13,23:09:00.46,39.2037,23.4598,10.0,3.4,2013-03-13 23:09:00.460,1581.9855
2013.03.12,20:47:01.33,39.1235,29.0545,6.9,,2013-03-12 20:47:01.330,10742.478333333333
2013.03.05,09:44:32.63,39.6903,25.5395,6.9,,2013-03-05 09:44:32.630,2189.6385
2013.03.03,21:14:54.32,38.607,25.589,15.7,,2013-03-03 21:14:54.320,5708.9295
2013.02.27,22:05:58.55,36.6262,26.4362,98.0,4.2,2013-02-27 22:05:58.550,4479.7626666666665
2013.02.24,19:26:12.79,37.6017,26.519,10.0,3.4,2013-02-24 19:26:12.790,2984.904666666667
2013.02.22,17:41:18.51,37.3717,26.8873,7.1,,2013-02-22 17:41:18.510,680.6021666666667
2013.02.22,06:20:42.38,37.3952,26.8952,5.6,,2013-02-22 06:20:42.380,1201.8733333333332
2013.02.21,10:18:49.98,37.3992,26.8895,4.0,4.4,2013-02-21 10:18:49.980,374.6838333333333
2013.02.21,04:04:08.95,37.3923,26.8927,12.7,,2013-02-21 04:04:08.950,1265.133
2013.02.20,06:59:00.97,37.8745,29.3762,9.8,,2013-02-20 06:59:00.970,3358.5833333333335
2013.02.17,23:00:25.97,39.711,25.7108,4.0,3.6,2013-02-17 23:00:25.970,3037.8866666666668
2013.02.15,20:22:32.77,38.7148,25.4708,18.0,4.0,2013-02-15 20:22:32.770,88.13816666666666
2013.02.15,18:54:24.48,40.3412,23.9643,12.9,,2013-02-15 18:54:24.480,238.92749999999998
2013.02.15,14:55:28.83,40.3018,23.8962,10.1,,2013-02-15 14:55:28.830,12.595833333333333
2013.02.15,14:42:53.08,40.3163,23.9572,10.0,4.6,2013-02-15 14:42:53.080,5742.404666666667
2013.02.11,15:00:28.80,39.7362,25.5953,6.3,,2013-02-11 15:00:28.800,1249.7910000000002
2013.02.10,18:10:41.34,39.7308,25.5873,6.0,3.8,2013-02-10 18:10:41.340,6630.933666666667
2013.02.06,03:39:45.32,37.8528,29.3158,5.0,,2013-02-06 03:39:45.320,2803.2
2013.02.04,04:56:33.32,39.429,23.3028,5.6,,2013-02-04 04:56:33.320,1471.2863333333332
2013.02.03,04:25:16.14,39.7515,25.5197,7.1,,2013-02-03 04:25:16.140,4675.2525000000005
2013.01.30,22:30:00.99,39.6878,25.6322,5.2,,2013-01-30 22:30:00.990,1082.6025
2013.01.30,04:27:24.84,38.7798,23.392,17.0,,2013-01-30 04:27:24.840,26.368
2013.01.30,04:01:02.76,39.7047,25.5938,5.1,,2013-01-30 04:01:02.760,4202.785
2013.01.27,05:58:15.66,39.0917,30.167,1.5,,2013-01-27 05:58:15.660,5512.9355000000005
2013.01.23,10:05:19.53,39.6847,25.6138,4.8,,2013-01-23 10:05:19.530,3569.4911666666667
2013.01.20,22:35:50.06,39.7445,25.5333,4.1,,2013-01-20 22:35:50.060,637.2368333333333
2013.01.20,11:58:35.85,36.5825,26.828,96.0,,2013-01-20 11:58:35.850,645.1
2013.01.20,01:13:29.85,39.6677,25.5633,5.0,,2013-01-20 01:13:29.850,346.829
2013.01.19,19:26:40.11,39.6508,25.5618,5.0,,2013-01-19 19:26:40.110,247.602
2013.01.19,15:19:03.99,39.7207,25.3835,5.3,,2013-01-19 15:19:03.990,5041.767333333333
2013.01.16,03:17:17.95,39.7007,25.5238,9.1,,2013-01-16 03:17:17.950,3442.764166666667
2013.01.13,17:54:32.10,39.6442,25.6232,5.4,,2013-01-13 17:54:32.100,539.308
2013.01.13,08:55:13.62,39.6697,25.479,6.0,4.6,2013-01-13 08:55:13.620,537.8296666666666
2013.01.12,23:57:23.84,39.6703,25.5467,7.4,,2013-01-12 23:57:23.840,7.9135
2013.01.12,23:49:29.03,39.6478,25.4432,7.5,,2013-01-12 23:49:29.030,179.30066666666667
2013.01.12,20:50:10.99,38.8563,26.0025,11.1,3.9,2013-01-12 20:50:10.990,350.1785
2013.01.12,15:00:00.28,39.686,25.6293,4.5,,2013-01-12 15:00:00.280,72.38833333333334
2013.01.12,13:47:36.98,39.6483,25.5197,5.0,,2013-01-12 13:47:36.980,951.3503333333333
2013.01.11,21:56:15.96,40.4243,25.9005,13.0,3.8,2013-01-11 21:56:15.960,408.7506666666667
2013.01.11,15:07:30.92,39.6883,25.6038,9.8,3.8,2013-01-11 15:07:30.920,91.21216666666666
2013.01.11,13:36:18.19,39.6783,25.3918,5.0,,2013-01-11 13:36:18.190,187.9415
2013.01.11,10:28:21.70,36.6082,27.9272,5.0,,2013-01-11 10:28:21.700,598.0318333333333
2013.01.11,00:30:19.79,39.686,25.4987,7.6,4.5,2013-01-11 00:30:19.790,827.8430000000001
2013.01.10,10:42:29.21,39.6585,25.4867,5.0,,2013-01-10 10:42:29.210,1.9205
2013.01.10,10:40:33.98,39.672,25.4618,5.4,,2013-01-10 10:40:33.980,55.61266666666667
2013.01.10,09:44:57.22,39.642,25.419,4.5,,2013-01-10 09:44:57.220,234.98983333333334
2013.01.10,05:49:57.83,39.6613,25.5233,8.1,3.7,2013-01-10 05:49:57.830,345.1911666666667
2013.01.10,00:04:46.36,39.6737,25.5297,5.0,,2013-01-10 00:04:46.360,329.50699999999995
2013.01.09,18:35:15.94,39.649,25.549,6.7,,2013-01-09 18:35:15.940,67.0785
2013.01.09,17:28:11.23,39.7002,25.609,8.0,,2013-01-09 17:28:11.230,57.02333333333333
2013.01.09,16:31:09.83,39.663,25.4515,5.4,,2013-01-09 16:31:09.830,35.15333333333333
2013.01.09,15:56:00.63,39.6838,25.5133,5.2,,2013-01-09 15:56:00.630,14.4675
2013.01.09,15:41:32.58,39.6728,25.6705,4.0,4.6,2013-01-09 15:41:32.580,1.0306666666666666
2013.01.09,15:40:30.74,39.709,25.6532,10.4,,2013-01-09 15:40:30.740,4.1113333333333335
2013.01.09,15:36:24.06,39.6517,25.5092,5.0,,2013-01-09 15:36:24.060,71.45100000000001
2013.01.09,14:24:57.00,39.6903,25.5272,4.1,,2013-01-09 14:24:57.000,355.44966666666664
2013.01.09,08:29:30.02,39.6635,25.5292,5.0,,2013-01-09 08:29:30.020,112.36
2013.01.09,06:37:08.42,39.6627,25.5252,5.0,,2013-01-09 06:37:08.420,199.5165
2013.01.09,03:17:37.43,39.6343,25.5998,4.0,,2013-01-09 03:17:37.430,365.1175
2013.01.08,21:12:30.38,39.6703,25.5678,5.3,,2013-01-08 21:12:30.380,26.146
2013.01.08,20:46:21.62,39.6597,25.6093,7.7,,2013-01-08 20:46:21.620,276.11733333333336
2013.01.08,16:10:14.58,39.6523,25.58,5.4,,2013-01-08 16:10:14.580,31.618333333333332
2013.01.08,15:38:37.48,39.7043,25.6275,5.4,,2013-01-08 15:38:37.480,37.964333333333336
2013.01.08,15:00:39.62,39.7017,25.6038,6.5,,2013-01-08 15:00:39.620,2.3438333333333334
2013.01.08,14:58:18.99,39.7028,25.6288,4.8,,2013-01-08 14:58:18.990,1.6155000000000002
2013.01.08,14:56:42.06,39.6985,25.6528,5.3,,2013-01-08 14:56:42.060,4.855666666666666
2013.01.08,14:51:50.72,39.6957,25.6353,9.7,,2013-01-08 14:51:50.720,6.523833333333333
2013.01.08,14:45:19.29,39.6177,25.3917,6.7,,2013-01-08 14:45:19.290,12.237
2013.01.08,14:33:05.07,39.689,25.6597,5.0,,2013-01-08 14:33:05.070,16.964666666666666
2013.01.08,14:16:07.19,39.6482,25.4957,8.0,5.7,2013-01-08 14:16:07.190,1595.3763333333334
2013.01.07,11:40:44.61,38.7342,27.5192,11.0,,2013-01-07 11:40:44.610,2174.3861666666667
2013.01.05,23:26:21.44,40.4138,25.92,15.7,,2013-01-05 23:26:21.440,873.607
2013.01.05,08:52:45.02,37.0308,29.0457,5.0,,2013-01-05 08:52:45.020,1122.8693333333333
2013.01.04,14:09:52.86,37.1168,29.6818,5.0,,2013-01-04 14:09:52.860,11400.72
2012.12.27,16:09:09.66,36.1948,28.8563,16.9,,2012-12-27 16:09:09.660,489.5213333333333
2012.12.27,07:59:38.38,38.9045,27.029,5.0,,2012-12-27 07:59:38.380,3438.4223333333334
2012.12.24,22:41:13.04,36.726,26.4847,6.2,,2012-12-24 22:41:13.040,2649.3903333333337
2012.12.23,02:31:49.62,39.4282,28.2447,14.3,,2012-12-23 02:31:49.620,407.92266666666666
2012.12.22,19:43:54.26,39.4313,28.2462,13.8,,2012-12-22 19:43:54.260,1255.2771666666667
2012.12.21,22:48:37.63,36.8338,27.4638,2.6,,2012-12-21 22:48:37.630,11296.7665
2012.12.14,02:31:51.64,38.8338,26.7082,10.1,,2012-12-14 02:31:51.640,849.6541666666667
2012.12.13,12:22:12.39,36.0448,27.4953,5.0,,2012-12-13 12:22:12.390,864.9478333333334
2012.12.12,21:57:15.52,40.1002,24.9312,8.6,,2012-12-12 21:57:15.520,184.97150000000002
2012.12.12,18:52:17.23,36.056,27.469,5.0,,2012-12-12 18:52:17.230,3423.7960000000003
2012.12.10,09:48:29.47,37.8427,27.3385,3.0,,2012-12-10 09:48:29.470,3125.364666666667
2012.12.08,05:43:07.59,36.6925,30.0245,3.2,,2012-12-08 05:43:07.590,2154.891833333333
2012.12.06,17:48:14.08,36.9972,23.0592,12.3,,2012-12-06 17:48:14.080,2808.550166666667
2012.12.04,18:59:41.07,36.9702,23.057,15.4,,2012-12-04 18:59:41.070,1366.99
2012.12.03,20:12:41.67,36.546,27.0935,5.0,,2012-12-03 20:12:41.670,1509.7493333333334
2012.12.02,19:02:56.71,36.627,27.9492,5.0,,2012-12-02 19:02:56.710,3870.3455000000004
2012.11.30,02:32:35.98,37.2203,28.6343,5.0,,2012-11-30 02:32:35.980,871.825
2012.11.29,12:00:46.48,37.205,26.7973,7.3,,2012-11-29 12:00:46.480,32.1235
2012.11.29,11:28:39.07,37.1508,26.7605,8.2,,2012-11-29 11:28:39.070,639.164
2012.11.29,00:49:29.23,39.5997,25.9997,11.4,,2012-11-29 00:49:29.230,633.296
2012.11.28,14:16:11.47,36.5173,28.2535,5.0,,2012-11-28 14:16:11.470,424.28583333333336
2012.11.28,07:11:54.32,37.7247,29.2427,2.2,,2012-11-28 07:11:54.320,2256.2191666666668
2012.11.26,17:35:41.17,36.6047,27.957,11.3,,2012-11-26 17:35:41.170,798.1423333333333
2012.11.26,04:17:32.63,36.6082,27.9433,7.7,,2012-11-26 04:17:32.630,1159.4661666666666
2012.11.25,08:58:04.66,36.5915,27.9202,7.1,,2012-11-25 08:58:04.660,6.313666666666666
2012.11.25,08:51:45.84,36.623,27.9102,6.2,,2012-11-25 08:51:45.840,676.408
2012.11.24,21:35:21.36,36.5857,27.9415,9.7,,2012-11-24 21:35:21.360,4.104833333333334
2012.11.24,21:31:15.07,36.6095,27.926,8.0,,2012-11-24 21:31:15.070,26.967499999999998
2012.11.24,21:04:17.02,36.6273,27.927,8.1,,2012-11-24 21:04:17.020,3568.6568333333335
2012.11.22,09:35:37.61,36.525,25.3792,9.0,,2012-11-22 09:35:37.610,4158.9075
2012.11.19,12:16:43.16,36.0225,28.982,11.6,,2012-11-19 12:16:43.160,307.07483333333334
2012.11.19,07:09:38.67,40.1067,24.0858,7.4,,2012-11-19 07:09:38.670,7555.845166666667
2012.11.14,01:13:47.96,36.0163,27.4683,8.3,,2012-11-14 01:13:47.960,184.94116666666665
2012.11.13,22:08:51.49,36.623,27.9108,5.7,,2012-11-13 22:08:51.490,223.03466666666665
2012.11.13,18:25:49.41,36.5287,28.2418,8.4,,2012-11-13 18:25:49.410,231.346
2012.11.13,14:34:28.65,38.4952,26.3617,12.8,,2012-11-13 14:34:28.650,2120.295666666667
2012.11.12,03:14:10.91,36.0047,27.4475,9.0,,2012-11-12 03:14:10.910,341.4808333333333
2012.11.11,21:32:42.06,36.0033,27.4968,8.9,,2012-11-11 21:32:42.060,3886.4590000000003
2012.11.09,04:46:14.52,36.5942,27.9128,5.6,,2012-11-09 04:46:14.520,2863.6538333333333
2012.11.07,05:02:35.29,36.6707,25.8443,11.5,,2012-11-07 05:02:35.290,1541.2233333333331
2012.11.06,03:21:21.89,39.1202,29.081,8.3,,2012-11-06 03:21:21.890,8245.519666666667
2012.10.31,09:55:50.71,40.436,28.7187,7.1,,2012-10-31 09:55:50.710,947.974
2012.10.30,18:07:52.27,38.1097,27.2065,14.1,,2012-10-30 18:07:52.270,1075.2833333333333
2012.10.30,00:12:35.27,39.124,29.1338,13.0,,2012-10-30 00:12:35.270,4174.592166666666
2012.10.27,02:37:59.74,40.4353,28.7277,6.3,,2012-10-27 02:37:59.740,201.265
2012.10.26,23:16:43.84,39.0467,22.996,5.3,,2012-10-26 23:16:43.840,1179.1278333333332
2012.10.26,03:37:36.17,40.4258,28.7203,8.3,,2012-10-26 03:37:36.170,6274.229
2012.10.21,19:03:22.43,38.6932,28.0363,6.7,,2012-10-21 19:03:22.430,1174.5516666666667
2012.10.20,23:28:49.33,38.8638,24.9292,22.1,,2012-10-20 23:28:49.330,1339.16
2012.10.20,01:09:39.73,36.55,28.2425,2.9,,2012-10-20 01:09:39.730,1012.2473333333332
2012.10.19,08:17:24.89,41.037,28.6335,14.2,,2012-10-19 08:17:24.890,17980.260499999997
2012.10.06,20:37:09.26,40.2838,25.2853,19.8,,2012-10-06 20:37:09.260,1898.9901666666667
2012.10.05,12:58:09.85,39.12,29.1495,2.7,,2012-10-05 12:58:09.850,13540.74
2012.09.26,03:17:25.45,38.6687,26.6548,7.5,,2012-09-26 03:17:25.450,1149.3296666666668
2012.09.25,08:08:05.67,39.6372,25.84,10.6,,2012-09-25 08:08:05.670,769.4958333333333
2012.09.24,19:18:35.92,39.0688,23.21,2.9,,2012-09-24 19:18:35.920,12043.215999999999
2012.09.16,10:35:22.96,39.1318,29.1337,6.8,,2012-09-16 10:35:22.960,2495.2348333333334
2012.09.14,17:00:08.87,38.6918,25.8718,14.2,,2012-09-14 17:00:08.870,1944.6798333333331
2012.09.13,08:35:28.08,38.6855,27.7673,4.6,,2012-09-13 08:35:28.080,1655.0765
2012.09.12,05:00:23.49,36.9545,24.2745,11.9,,2012-09-12 05:00:23.490,1464.4316666666666
2012.09.11,04:35:57.59,36.3535,29.4815,10.2,,2012-09-11 04:35:57.590,1968.1850000000002
2012.09.09,19:47:46.49,40.0128,24.7325,10.4,,2012-09-09 19:47:46.490,2715.5038333333337
2012.09.07,22:32:16.26,38.2598,26.6488,5.0,,2012-09-07 22:32:16.260,3283.2298333333333
2012.09.05,15:49:02.47,38.9662,27.607,12.0,,2012-09-05 15:49:02.470,4050.4591666666665
2012.09.02,20:18:34.92,38.172,26.8412,13.5,,2012-09-02 20:18:34.920,7510.303833333333
2012.08.28,15:08:16.69,37.8995,26.701,5.0,,2012-08-28 15:08:16.690,2313.1338333333333
2012.08.27,00:35:08.66,38.7527,26.0598,11.2,,2012-08-27 00:35:08.660,2470.374666666667
2012.08.25,07:24:46.18,38.6593,27.968,4.5,,2012-08-25 07:24:46.180,13330.152666666667
2012.08.16,01:14:37.02,37.8638,26.7007,6.8,,2012-08-16 01:14:37.020,176.0985
2012.08.15,22:18:31.11,37.8273,26.6305,5.0,,2012-08-15 22:18:31.110,8.342
2012.08.15,22:10:10.59,37.85,26.683,5.0,,2012-08-15 22:10:10.590,10627.691666666668
2012.08.08,13:02:29.09,40.4428,28.6293,5.9,,2012-08-08 13:02:29.090,784.8610000000001
2012.08.07,23:57:37.43,38.6867,28.0647,10.6,,2012-08-07 23:57:37.430,39.994
2012.08.07,23:17:37.79,38.6957,28.0553,9.7,,2012-08-07 23:17:37.790,732.6245
2012.08.07,11:05:00.32,36.402,28.7105,24.1,,2012-08-07 11:05:00.320,1182.8221666666666
2012.08.06,15:22:10.99,38.7677,24.8412,16.5,,2012-08-06 15:22:10.990,1530.8648333333333
2012.08.05,13:51:19.10,39.1303,29.1272,9.9,,2012-08-05 13:51:19.100,2120.8316666666665
2012.08.04,02:30:29.20,38.6903,28.0613,6.2,,2012-08-04 02:30:29.200,6.6415
2012.08.04,02:23:50.71,38.6822,28.0547,8.9,,2012-08-04 02:23:50.710,965.5093333333333
2012.08.03,10:18:20.15,38.6977,28.026,7.4,,2012-08-03 10:18:20.150,362.5878333333333
2012.08.03,04:15:44.88,39.5343,25.9455,5.0,,2012-08-03 04:15:44.880,1065.1013333333333
2012.08.02,10:30:38.80,39.2558,23.7815,2.3,,2012-08-02 10:30:38.800,2075.4956666666667
2012.07.31,23:55:09.06,39.0237,25.685,15.6,,2012-07-31 23:55:09.060,928.9146666666667
2012.07.31,08:26:14.18,36.2693,28.9263,11.1,,2012-07-31 08:26:14.180,7857.755166666667
2012.07.25,21:28:28.87,40.4325,26.1952,17.3,,2012-07-25 21:28:28.870,10301.74
2012.07.18,17:46:44.47,37.1507,28.3825,4.7,,2012-07-18 17:46:44.470,16478.993
2012.07.07,07:07:44.89,40.8193,30.4133,6.6,,2012-07-07 07:07:44.890,4222.27
2012.07.04,08:45:28.69,39.9417,27.8422,12.8,,2012-07-04 08:45:28.690,483.125
2012.07.04,00:42:21.19,37.064,28.5052,6.1,,2012-07-04 00:42:21.190,5610.4068333333325
2012.06.30,03:11:56.78,39.1273,29.1452,9.6,,2012-06-30 03:11:56.780,2017.5269999999998
2012.06.28,17:34:25.16,36.1502,23.7523,27.6,,2012-06-28 17:34:25.160,1028.0376666666666
2012.06.28,00:26:22.90,38.8482,27.2375,12.4,,2012-06-28 00:26:22.900,1243.2623333333333
2012.06.27,03:43:07.16,39.083,28.0985,5.4,,2012-06-27 03:43:07.160,2229.6231666666667
2012.06.25,14:33:29.77,36.4467,28.935,23.7,,2012-06-25 14:33:29.770,88.01916666666666
2012.06.25,13:05:28.62,36.4422,28.9422,27.0,,2012-06-25 13:05:28.620,2306.1169999999997
2012.06.23,22:39:21.60,36.8262,27.3773,12.1,,2012-06-23 22:39:21.600,1093.266
2012.06.23,04:26:05.64,36.4468,28.9178,21.3,,2012-06-23 04:26:05.640,1501.0908333333332
2012.06.22,03:25:00.19,40.28,25.5912,3.6,,2012-06-22 03:25:00.190,1922.3905
2012.06.20,19:22:36.76,36.1835,30.4905,24.1,,2012-06-20 19:22:36.760,2496.3901666666666
2012.06.19,01:46:13.35,39.1432,29.152,10.5,,2012-06-19 01:46:13.350,3705.2686666666664
2012.06.16,12:00:57.23,36.9877,27.5803,3.7,,2012-06-16 12:00:57.230,143.17849999999999
2012.06.16,09:37:46.52,36.9733,27.5772,5.0,,2012-06-16 09:37:46.520,1482.5171666666668
2012.06.15,08:55:15.49,36.9427,28.2257,6.5,,2012-06-15 08:55:15.490,733.8006666666666
2012.06.14,20:41:27.45,36.4432,28.915,19.0,,2012-06-14 20:41:27.450,235.345
2012.06.14,16:46:06.75,36.3907,29.0555,19.7,,2012-06-14 16:46:06.750,982.2985000000001
2012.06.14,00:23:48.84,36.9848,27.974,9.8,,2012-06-14 00:23:48.840,924.6978333333334
2012.06.13,08:59:06.97,36.4488,28.9263,23.8,,2012-06-13 08:59:06.970,138.5875
2012.06.13,06:40:31.72,39.11,29.1543,9.2,,2012-06-13 06:40:31.720,522.3251666666666
2012.06.12,21:58:12.21,36.4585,28.9157,20.6,,2012-06-12 21:58:12.210,1567.1041666666667
2012.06.11,19:51:05.96,36.4315,28.9633,20.2,,2012-06-11 19:51:05.960,135.468
2012.06.11,17:35:37.88,36.4022,28.9815,19.3,,2012-06-11 17:35:37.880,215.335
2012.06.11,14:00:17.78,36.4045,28.9762,17.6,,2012-06-11 14:00:17.780,421.4625
2012.06.11,06:58:50.03,36.4368,28.9328,23.0,,2012-06-11 06:58:50.030,186.89166666666668
2012.06.11,03:51:56.53,39.1125,29.1483,6.2,,2012-06-11 03:51:56.530,2.8861666666666665
2012.06.11,03:49:03.36,39.1037,29.1445,4.9,,2012-06-11 03:49:03.360,102.47816666666667
2012.06.11,02:06:34.67,36.3858,28.9552,16.5,,2012-06-11 02:06:34.670,214.82933333333332
2012.06.10,22:31:44.91,36.4343,28.9337,21.7,,2012-06-10 22:31:44.910,229.26733333333334
2012.06.10,18:42:28.87,36.4385,28.9398,21.2,,2012-06-10 18:42:28.870,13.931666666666667
2012.06.10,18:28:32.97,36.4622,28.9398,21.7,,2012-06-10 18:28:32.970,197.55183333333335
2012.06.10,15:10:59.86,36.462,28.9197,20.6,,2012-06-10 15:10:59.860,8.329333333333333
2012.06.10,15:02:40.10,36.469,28.9027,21.3,,2012-06-10 15:02:40.100,120.97250000000001
2012.06.10,13:01:41.75,36.3887,29.1732,12.2,,2012-06-10 13:01:41.750,10.7865
2012.06.10,12:50:54.56,36.4317,29.0263,18.4,,2012-06-10 12:50:54.560,1.2956666666666665
2012.06.10,12:49:36.82,36.4707,28.9145,21.6,,2012-06-10 12:49:36.820,0.7451666666666666
2012.06.10,12:48:52.11,36.4158,28.9682,19.3,,2012-06-10 12:48:52.110,4.5969999999999995
2012.06.10,12:44:16.29,36.4528,28.916,21.3,,2012-06-10 12:44:16.290,1331.0755
2012.06.09,14:33:11.76,37.055,28.5438,5.0,,2012-06-09 14:33:11.760,1595.9208333333333
2012.06.08,11:57:16.51,38.8315,26.486,14.6,,2012-06-08 11:57:16.510,11.195833333333333
2012.06.08,11:46:04.76,39.5458,23.4813,16.8,,2012-06-08 11:46:04.760,891.6488333333333
2012.06.07,20:54:25.83,40.854,27.9235,14.9,,2012-06-07 20:54:25.830,2711.483
2012.06.05,23:42:56.85,37.7688,26.7307,6.3,,2012-06-05 23:42:56.850,2003.0613333333333
2012.06.04,14:19:53.17,36.924,28.1915,7.0,,2012-06-04 14:19:53.170,4792.496833333334
2012.06.01,06:27:23.36,36.1653,28.469,8.0,,2012-06-01 06:27:23.360,8698.1745
2012.05.26,05:29:12.89,39.0148,25.956,13.0,,2012-05-26 05:29:12.890,2477.7155
2012.05.24,12:11:29.96,36.479,27.884,75.5,,2012-05-24 12:11:29.960,1428.9828333333332
2012.05.23,12:22:30.99,37.0615,29.0633,6.6,,2012-05-23 12:22:30.990,5761.432833333333
2012.05.19,12:21:05.02,36.9753,27.5977,7.7,,2012-05-19 12:21:05.020,2073.2008333333333
2012.05.18,01:47:52.97,39.4453,27.8912,3.7,,2012-05-18 01:47:52.970,2283.512666666667
2012.05.16,11:44:22.21,36.8605,27.5635,5.0,,2012-05-16 11:44:22.210,5096.1675
2012.05.12,22:48:12.16,40.5767,22.813,17.5,,2012-05-12 22:48:12.160,122.03
2012.05.12,20:46:10.36,40.1293,24.0367,9.3,,2012-05-12 20:46:10.360,3991.7490000000003
2012.05.10,02:14:25.42,39.1297,29.0915,7.7,,2012-05-10 02:14:25.420,504.89616666666666
2012.05.09,17:49:31.65,39.1563,29.1435,5.9,,2012-05-09 17:49:31.650,615.1851666666666
2012.05.09,07:34:20.54,39.0965,29.7578,5.0,,2012-05-09 07:34:20.540,1443.0021666666667
2012.05.08,07:31:20.41,37.0365,28.5,9.3,,2012-05-08 07:31:20.410,300.11350000000004
2012.05.08,02:31:13.60,39.119,29.0928,3.6,,2012-05-08 02:31:13.600,3362.4373333333333
2012.05.05,18:28:47.36,36.3218,28.7723,5.0,,2012-05-05 18:28:47.360,132.58383333333333
2012.05.05,16:16:12.33,36.1982,28.3752,25.5,,2012-05-05 16:16:12.330,799.2099999999999
2012.05.05,02:56:59.73,39.1387,29.0837,5.0,,2012-05-05 02:56:59.730,1278.7653333333333
2012.05.04,05:38:13.81,40.3147,27.0005,12.0,,2012-05-04 05:38:13.810,217.63500000000002
2012.05.04,02:00:35.71,39.108,29.1292,8.7,,2012-05-04 02:00:35.710,118.3185
2012.05.04,00:02:16.60,39.1337,29.1143,5.3,,2012-05-04 00:02:16.600,136.9875
2012.05.03,21:45:17.35,39.1472,29.084,11.6,,2012-05-03 21:45:17.350,61.258833333333335
2012.05.03,20:44:01.82,39.1192,29.0845,4.4,,2012-05-03 20:44:01.820,15.524333333333335
2012.05.03,20:28:30.36,39.099,29.0948,6.2,,2012-05-03 20:28:30.360,115.8665
2012.05.03,18:32:38.37,39.1457,29.108,5.8,,2012-05-03 18:32:38.370,22.043499999999998
2012.05.03,18:10:35.76,39.1138,29.0883,5.2,,2012-05-03 18:10:35.760,60.42916666666667
2012.05.03,17:10:10.01,39.1653,29.0925,6.8,,2012-05-03 17:10:10.010,54.0955
2012.05.03,16:16:04.28,39.1237,29.0737,2.6,,2012-05-03 16:16:04.280,8.6865
2012.05.03,16:07:23.09,39.1472,29.0607,4.4,,2012-05-03 16:07:23.090,26.429
2012.05.03,15:40:57.35,39.1077,29.0693,5.4,,2012-05-03 15:40:57.350,0.8588333333333333
2012.05.03,15:40:05.82,39.0995,29.0783,5.1,,2012-05-03 15:40:05.820,11.584
2012.05.03,15:28:30.78,39.0487,29.0828,5.2,,2012-05-03 15:28:30.780,3.0566666666666666
2012.05.03,15:25:27.38,39.0903,29.0798,4.4,,2012-05-03 15:25:27.380,1.214
2012.05.03,15:24:14.54,39.126,29.1718,5.0,,2012-05-03 15:24:14.540,3.8078333333333334
2012.05.03,15:20:26.07,39.1758,29.0927,5.6,,2012-05-03 15:20:26.070,802.63
2012.05.03,01:57:48.27,38.6565,26.6765,8.0,4.3,2012-05-03 01:57:48.270,860.6795
2012.05.02,11:37:07.50,38.6668,26.6605,6.1,,2012-05-02 11:37:07.500,288.731
2012.05.02,06:48:23.64,38.667,26.6525,11.4,,2012-05-02 06:48:23.640,8.369833333333334
2012.05.02,06:40:01.45,38.6592,26.673,11.7,,2012-05-02 06:40:01.450,26.763666666666666
2012.05.02,06:13:15.63,40.4868,23.8528,21.5,,2012-05-02 06:13:15.630,370.56666666666666
2012.05.02,00:02:41.63,38.6465,26.6377,12.5,,2012-05-02 00:02:41.630,554.2178333333334
2012.05.01,14:48:28.56,38.6603,26.6788,11.8,,2012-05-01 14:48:28.560,735.1688333333333
2012.05.01,02:33:18.43,37.2312,30.2608,5.0,,2012-05-01 02:33:18.430,669.9476666666667
2012.04.30,15:23:21.57,36.092,24.9253,16.0,3.6,2012-04-30 15:23:21.570,4564.343
2012.04.27,11:19:00.99,38.6662,26.6418,10.3,,2012-04-27 11:19:00.990,29.92366666666667
2012.04.27,10:49:05.57,38.6518,26.6685,7.0,,2012-04-27 10:49:05.570,763.52
2012.04.26,22:05:34.37,39.135,29.0698,8.4,,2012-04-26 22:05:34.370,2158.5681666666665
2012.04.25,10:07:00.28,40.1725,25.0058,11.1,,2012-04-25 10:07:00.280,2059.383
2012.04.23,23:47:37.30,39.1373,29.13,6.9,,2012-04-23 23:47:37.300,295.02983333333333
2012.04.23,18:52:35.51,39.126,29.1535,6.5,,2012-04-23 18:52:35.510,64.90083333333334
2012.04.23,17:47:41.46,39.1302,29.1463,5.3,,2012-04-23 17:47:41.460,93.07166666666667
2012.04.23,16:14:37.16,39.1092,29.1397,5.4,,2012-04-23 16:14:37.160,585.7246666666667
2012.04.23,06:28:53.68,36.115,25.0455,16.3,,2012-04-23 06:28:53.680,3709.6265
2012.04.20,16:39:16.09,39.1668,29.0878,6.6,,2012-04-20 16:39:16.090,825.1963333333333
2012.04.20,02:54:04.31,39.1117,29.1177,5.2,,2012-04-20 02:54:04.310,5.9355
2012.04.20,02:48:08.18,39.1243,29.125,5.8,,2012-04-20 02:48:08.180,4.8275
2012.04.20,02:43:18.53,39.1092,29.1217,2.3,,2012-04-20 02:43:18.530,410.61633333333333
2012.04.19,19:52:41.55,39.1293,29.1467,2.9,,2012-04-19 19:52:41.550,1866.111
2012.04.18,12:46:34.89,39.1015,29.1468,5.0,,2012-04-18 12:46:34.890,920.2995
2012.04.17,21:26:16.92,39.1437,29.1055,5.7,,2012-04-17 21:26:16.920,23.89783333333333
2012.04.17,21:02:23.05,39.0758,29.1612,5.0,,2012-04-17 21:02:23.050,17.094
2012.04.17,20:45:17.41,39.135,29.0965,6.4,,2012-04-17 20:45:17.410,1859.6145
2012.04.16,13:45:40.54,39.0943,29.1553,5.5,,2012-04-16 13:45:40.540,86.62666666666668
2012.04.16,12:19:02.94,39.1485,29.137,5.3,,2012-04-16 12:19:02.940,99.95066666666666
2012.04.16,10:39:05.90,39.128,29.1765,5.0,,2012-04-16 10:39:05.900,27.934833333333334
2012.04.16,10:11:09.81,39.1375,29.1507,6.1,,2012-04-16 10:11:09.810,0.38683333333333336
2012.04.16,10:10:46.60,39.1375,29.1312,5.3,,2012-04-16 10:10:46.600,1925.3875
2012.04.15,02:05:23.35,40.1555,24.0803,5.8,,2012-04-15 02:05:23.350,5775.864666666666
2012.04.11,01:49:31.47,39.4877,27.9827,7.2,,2012-04-11 01:49:31.470,1187.7704999999999
2012.04.10,06:01:45.24,36.7742,28.166,53.5,,2012-04-10 06:01:45.240,8968.743333333334
2012.04.04,00:33:00.64,37.9025,29.4183,8.8,,2012-04-04 00:33:00.640,8059.470166666667
2012.03.29,10:13:32.43,38.5842,30.0045,5.6,,2012-03-29 10:13:32.430,8495.661166666667
2012.03.23,12:37:52.76,39.5992,26.0453,7.3,,2012-03-23 12:37:52.760,3646.688166666667
2012.03.20,23:51:11.47,36.1663,24.5713,39.8,,2012-03-20 23:51:11.470,1391.7773333333332
2012.03.20,00:39:24.83,37.8275,29.1233,5.9,,2012-03-20 00:39:24.830,1561.1851666666666
2012.03.18,22:38:13.72,37.814,29.1498,12.5,,2012-03-18 22:38:13.720,3439.6596666666665
2012.03.16,13:18:34.14,40.8387,27.9462,8.7,,2012-03-16 13:18:34.140,3113.663666666667
2012.03.14,09:24:54.32,40.8115,28.793,9.8,,2012-03-14 09:24:54.320,312.1091666666667
2012.03.14,04:12:47.77,39.1368,29.0308,5.2,,2012-03-14 04:12:47.770,1460.6271666666667
2012.03.13,03:52:10.14,36.0527,27.2167,12.0,,2012-03-13 03:52:10.140,7994.6686666666665
2012.03.07,14:37:30.02,40.1787,29.9413,5.4,,2012-03-07 14:37:30.020,4123.1665
2012.03.04,17:54:20.03,36.623,28.0618,90.2,,2012-03-04 17:54:20.030,609.0651666666668
2012.03.04,07:45:16.12,40.1067,24.0065,5.7,,2012-03-04 07:45:16.120,3.3383333333333334
2012.03.04,07:41:55.82,40.0763,24.0582,8.4,,2012-03-04 07:41:55.820,250.8085
2012.03.04,03:31:07.31,40.1542,24.078,10.4,,2012-03-04 03:31:07.310,5881.928666666666
2012.02.29,01:29:11.59,39.15,29.0328,5.4,,2012-02-29 01:29:11.590,7229.117166666667
2012.02.24,01:00:04.56,39.6038,26.0218,7.4,,2012-02-24 01:00:04.560,84.6695
2012.02.23,23:35:24.39,38.014,30.0707,6.9,,2012-02-23 23:35:24.390,2498.4035
2012.02.22,05:57:00.18,37.7988,29.1405,4.4,,2012-02-22 05:57:00.180,2331.697
2012.02.20,15:05:18.36,38.1353,27.4833,2.3,,2012-02-20 15:05:18.360,166.83516666666668
2012.02.20,12:18:28.25,36.6852,25.6345,28.6,,2012-02-20 12:18:28.250,344.0196666666667
2012.02.20,06:34:27.07,38.1355,27.485,9.1,,2012-02-20 06:34:27.070,6233.534333333333
2012.02.15,22:40:55.01,36.0792,24.9577,9.7,,2012-02-15 22:40:55.010,612.5106666666667
2012.02.15,12:28:24.37,36.0192,24.6947,6.3,,2012-02-15 12:28:24.370,594.2716666666668
2012.02.15,02:34:08.07,36.2198,28.7157,63.6,,2012-02-15 02:34:08.070,865.9604999999999
2012.02.14,12:08:10.44,40.0472,24.0713,5.0,,2012-02-14 12:08:10.440,633.5343333333333
2012.02.14,01:34:38.38,40.1982,24.1277,9.8,,2012-02-14 01:34:38.380,953.9013333333334
2012.02.13,09:40:44.30,38.8112,24.1065,18.0,,2012-02-13 09:40:44.300,863.1919999999999
2012.02.12,19:17:32.78,36.8745,27.353,18.9,,2012-02-12 19:17:32.780,5720.110833333334
2012.02.08,19:57:26.13,39.2327,27.8447,8.9,,2012-02-08 19:57:26.130,1176.6675
2012.02.08,00:20:46.08,36.113,28.4993,9.1,,2012-02-08 00:20:46.080,1122.3958333333333
2012.02.07,05:38:22.33,36.073,28.885,16.6,,2012-02-07 05:38:22.330,3448.183
2012.02.04,20:10:11.35,38.07,26.8232,13.1,,2012-02-04 20:10:11.350,8386.975166666667
2012.01.30,00:23:12.84,36.564,25.4295,30.0,,2012-01-30 00:23:12.840,96.67283333333333
2012.01.29,22:46:32.47,36.1088,25.059,14.0,3.7,2012-01-29 22:46:32.470,103.52683333333333
2012.01.29,21:03:00.86,38.7327,25.9708,9.9,,2012-01-29 21:03:00.860,566.2081666666667
2012.01.29,11:36:48.37,36.035,24.7083,30.0,3.5,2012-01-29 11:36:48.370,101.73150000000001
2012.01.29,09:55:04.48,36.0912,24.8232,11.8,,2012-01-29 09:55:04.480,202.13466666666667
2012.01.29,06:32:56.40,36.0683,24.9002,29.4,,2012-01-29 06:32:56.400,86.85366666666667
2012.01.29,05:06:05.18,36.0802,25.0968,16.3,,2012-01-29 05:06:05.180,466.5315
2012.01.28,21:19:33.29,36.0112,24.9597,9.2,,2012-01-28 21:19:33.290,628.6691666666667
2012.01.28,10:50:53.14,36.071,24.956,10.6,,2012-01-28 10:50:53.140,595.5928333333334
2012.01.28,00:55:17.57,36.074,24.9067,7.6,,2012-01-28 00:55:17.570,169.0305
2012.01.27,22:06:15.74,36.102,24.7833,6.9,,2012-01-27 22:06:15.740,86.25183333333332
2012.01.27,20:40:00.63,36.0473,25.0537,12.5,,2012-01-27 20:40:00.630,93.17016666666667
2012.01.27,19:06:50.42,37.4828,27.1233,4.4,,2012-01-27 19:06:50.420,78.63516666666666
2012.01.27,17:48:12.31,37.4753,27.1325,5.9,,2012-01-27 17:48:12.310,4.887333333333333
2012.01.27,17:43:19.07,37.4757,27.1003,4.0,,2012-01-27 17:43:19.070,428.58250000000004
2012.01.27,10:34:44.12,36.3878,25.2642,28.3,,2012-01-27 10:34:44.120,488.6683333333333
2012.01.27,02:26:04.02,36.0405,25.047,10.2,,2012-01-27 02:26:04.020,26.909
2012.01.27,01:59:09.48,36.0733,24.8995,5.0,,2012-01-27 01:59:09.480,25.706666666666667
2012.01.27,01:33:27.08,36.3177,25.1792,22.9,,2012-01-27 01:33:27.080,1060.7169999999999
2012.01.26,07:52:44.06,36.0672,24.6518,19.3,,2012-01-26 07:52:44.060,93.751
2012.01.26,06:18:59.00,36.079,25.0542,16.4,,2012-01-26 06:18:59.000,76.9645
2012.01.26,05:02:01.13,36.171,25.06,16.4,,2012-01-26 05:02:01.130,2.2633333333333336
2012.01.26,04:59:45.33,36.0487,24.9908,13.5,,2012-01-26 04:59:45.330,21.723666666666666
2012.01.26,04:38:01.91,36.1083,25.012,15.7,,2012-01-26 04:38:01.910,8.207
2012.01.26,04:29:49.49,36.2265,24.5772,22.3,,2012-01-26 04:29:49.490,4.837999999999999
2012.01.26,04:24:59.21,36.1575,25.0753,18.0,,2012-01-26 04:24:59.210,3481.1785
2012.01.23,18:23:48.50,36.1432,28.4798,19.6,,2012-01-23 18:23:48.500,5229.159333333333
2012.01.20,03:14:38.94,36.152,28.4512,8.4,,2012-01-20 03:14:38.940,98.29983333333332
2012.01.20,01:36:20.95,36.1603,28.44,8.1,,2012-01-20 01:36:20.950,10483.824666666666
2012.01.12,18:52:31.47,40.2423,27.0355,7.1,,2012-01-12 18:52:31.470,2348.389
2012.01.11,03:44:08.13,39.1052,29.1245,0.2,,2012-01-11 03:44:08.130,288.753
2012.01.10,22:55:22.95,36.0718,27.2007,8.5,,2012-01-10 22:55:22.950,5900.173666666667
2012.01.06,20:35:12.53,36.1787,29.0177,53.7,,2012-01-06 20:35:12.530,12933.592999999999
2011.12.28,21:01:36.95,36.5153,28.7533,5.0,,2011-12-28 21:01:36.950,2229.824833333333
2011.12.27,07:51:47.46,37.91,27.0975,5.0,,2011-12-27 07:51:47.460,112.4835
2011.12.27,05:59:18.45,37.8313,27.036,5.0,,2011-12-27 05:59:18.450,6504.012833333333
2011.12.22,17:35:17.68,39.9942,27.7632,5.3,,2011-12-22 17:35:17.680,10737.303833333333
2011.12.15,06:37:59.45,36.9805,30.3208,79.8,,2011-12-15 06:37:59.450,7235.318666666667
2011.12.10,06:02:40.33,38.8297,30.1885,4.2,,2011-12-10 06:02:40.330,47.642
2011.12.10,05:15:01.81,38.8377,30.2133,5.0,,2011-12-10 05:15:01.810,6239.935166666666
2011.12.05,21:15:05.70,39.0805,29.1293,5.0,,2011-12-05 21:15:05.700,752.1663333333333
2011.12.05,08:42:55.72,38.8428,26.3172,10.6,,2011-12-05 08:42:55.720,12.511500000000002
2011.12.05,08:30:25.03,38.8675,26.353,8.5,,2011-12-05 08:30:25.030,12.962666666666667
2011.12.05,08:17:27.27,38.8522,26.344,10.3,,2011-12-05 08:17:27.270,4934.922333333334
2011.12.01,22:02:31.93,37.5283,26.6995,8.4,,2011-12-01 22:02:31.930,21536.370666666666
2011.11.16,23:06:09.69,40.1568,25.375,5.0,,2011-11-16 23:06:09.690,181.19466666666668
2011.11.16,20:04:58.01,40.1952,25.3405,5.4,,2011-11-16 20:04:58.010,3498.1971666666664
2011.11.14,09:46:46.18,36.0892,28.9995,22.6,,2011-11-14 09:46:46.180,1961.7656666666667
2011.11.13,01:05:00.24,38.4702,25.498,10.0,,2011-11-13 01:05:00.240,352.93916666666667
2011.11.12,19:12:03.89,38.4432,25.4992,4.0,,2011-11-12 19:12:03.890,1745.9416666666666
2011.11.11,14:06:07.39,39.106,29.1513,4.0,,2011-11-11 14:06:07.390,1494.279
2011.11.10,13:11:50.65,39.1308,29.1738,6.0,,2011-11-10 13:11:50.650,12601.645333333332
2011.11.01,19:10:11.93,36.3978,27.0735,12.1,,2011-11-01 19:10:11.930,6570.846166666667
2011.10.28,05:39:21.16,36.9932,29.1468,9.3,,2011-10-28 05:39:21.160,863.7078333333334
2011.10.27,15:15:38.69,39.9488,24.5577,7.8,,2011-10-27 15:15:38.690,4620.955
2011.10.24,10:14:41.39,36.5117,28.7085,12.7,,2011-10-24 10:14:41.390,7.703166666666666
2011.10.24,10:06:59.20,36.5387,28.7073,13.2,,2011-10-24 10:06:59.200,3742.2149999999997
2011.10.21,19:44:46.30,37.76,25.7,5.0,,2011-10-21 19:44:46.300,4260.95
2011.10.18,20:43:49.30,38.65,25.25,19.0,,2011-10-18 20:43:49.300,3901.3938333333335
2011.10.16,03:42:25.67,40.7293,28.1145,7.0,,2011-10-16 03:42:25.670,3657.7411666666667
2011.10.13,14:44:41.20,40.21,25.25,5.0,,2011-10-13 14:44:41.200,9326.795
2011.10.07,03:17:53.50,36.45,28.68,3.0,,2011-10-07 03:17:53.500,1623.335
2011.10.06,00:14:33.40,40.14,24.97,8.0,,2011-10-06 00:14:33.400,170.20283333333333
2011.10.05,21:24:21.23,38.6583,25.2817,8.9,,2011-10-05 21:24:21.230,36.6055
2011.10.05,20:47:44.90,38.58,25.16,5.0,,2011-10-05 20:47:44.900,366.22999999999996
2011.10.05,14:41:31.10,36.06,23.35,81.0,,2011-10-05 14:41:31.100,10654.073
2011.09.28,05:07:26.72,39.1177,29.0412,5.6,,2011-09-28 05:07:26.720,7092.349499999999
2011.09.23,06:55:05.75,38.7367,25.3962,5.0,,2011-09-23 06:55:05.750,18768.897500000003
2011.09.10,06:06:11.90,36.9088,26.4973,9.0,,2011-09-10 06:06:11.900,223.94166666666666
2011.09.10,02:22:15.40,36.8382,26.5313,9.6,,2011-09-10 02:22:15.400,4847.062
2011.09.06,17:35:11.68,38.0352,30.1175,5.0,,2011-09-06 17:35:11.680,747.7551666666666
2011.09.06,05:07:26.37,39.1055,29.106,3.6,,2011-09-06 05:07:26.370,53.216166666666666
2011.09.06,04:14:13.40,37.88,23.1,104.0,,2011-09-06 04:14:13.400,991.628
2011.09.05,11:42:35.72,36.1615,28.8238,56.7,,2011-09-05 11:42:35.720,15897.1425
2011.08.25,10:45:27.17,38.9647,27.6032,8.6,,2011-08-25 10:45:27.170,386.0611666666666
2011.08.25,04:19:23.50,39.1672,29.1152,7.1,,2011-08-25 04:19:23.500,543.632
2011.08.24,19:15:45.58,36.3813,25.271,5.0,,2011-08-24 19:15:45.580,822.1918333333334
2011.08.24,05:33:34.07,37.5718,29.778,6.9,,2011-08-24 05:33:34.070,1992.3311666666666
2011.08.22,20:21:14.20,39.1308,29.0028,5.2,,2011-08-22 20:21:14.200,2286.913333333333
2011.08.21,06:14:19.40,37.65,23.25,122.0,,2011-08-21 06:14:19.400,4418.784
2011.08.18,04:35:32.36,39.0792,29.0695,5.2,,2011-08-18 04:35:32.360,2105.428
2011.08.16,17:30:06.68,40.4348,28.8943,5.4,,2011-08-16 17:30:06.680,7432.926833333333
2011.08.11,13:37:11.07,40.4352,28.9083,4.8,,2011-08-11 13:37:11.070,6021.422333333334
2011.08.07,09:15:45.73,39.9092,23.3027,11.1,,2011-08-07 09:15:45.730,4319.919
2011.08.04,09:15:50.59,38.895,27.7507,5.1,,2011-08-04 09:15:50.590,40.52183333333333
2011.08.04,08:35:19.28,40.8342,27.725,2.0,,2011-08-04 08:35:19.280,13671.449499999999
2011.07.25,20:43:52.31,40.8165,27.7335,7.2,,2011-07-25 20:43:52.310,166.525
2011.07.25,17:57:20.81,40.8112,27.7382,17.0,,2011-07-25 17:57:20.810,7206.1385
2011.07.20,17:51:12.50,39.1208,29.0083,5.0,,2011-07-20 17:51:12.500,1234.3300000000002
2011.07.19,21:16:52.70,39.119,29.0617,2.7,,2011-07-19 21:16:52.700,2059.2321666666667
2011.07.18,10:57:38.77,39.122,29.0772,4.9,,2011-07-18 10:57:38.770,277.7393333333333
2011.07.18,06:19:54.41,39.1697,29.035,5.0,,2011-07-18 06:19:54.410,628.0713333333333
2011.07.17,19:51:50.13,39.1197,29.0955,9.5,,2011-07-17 19:51:50.130,912.2721666666667
2011.07.17,04:39:33.80,37.6502,26.9162,6.6,,2011-07-17 04:39:33.800,278.8555
2011.07.17,00:00:42.47,39.9235,24.0532,5.6,,2011-07-17 00:00:42.470,3798.7658333333334
2011.07.14,08:41:56.52,37.984,22.8815,11.6,,2011-07-14 08:41:56.520,1870.125
2011.07.13,01:31:49.02,39.122,29.0335,5.0,,2011-07-13 01:31:49.020,1051.5721666666666
2011.07.12,08:00:14.69,39.381,23.9185,12.4,,2011-07-12 08:00:14.690,951.0346666666667
2011.07.11,16:09:12.61,40.173,29.96,6.5,,2011-07-11 16:09:12.610,4948.726166666666
2011.07.08,05:40:29.04,38.7375,26.5902,9.8,,2011-07-08 05:40:29.040,2020.1738333333333
2011.07.06,20:00:18.61,39.1302,29.013,5.5,,2011-07-06 20:00:18.610,63.468333333333334
2011.07.06,18:56:50.51,39.116,29.0962,5.0,,2011-07-06 18:56:50.510,4600.361333333333
2011.07.03,14:16:28.83,39.1167,29.0215,5.4,,2011-07-03 14:16:28.830,327.22766666666666
2011.07.03,08:49:15.17,36.7997,23.1568,3.3,,2011-07-03 08:49:15.170,5588.453333333334
2011.06.29,11:40:47.97,39.1247,29.0197,4.5,,2011-06-29 11:40:47.970,306.7176666666667
2011.06.29,06:34:04.91,38.808,26.2002,13.4,,2011-06-29 06:34:04.910,1332.6863333333333
2011.06.28,08:21:23.73,39.1355,29.0043,5.2,,2011-06-28 08:21:23.730,519.7176666666667
2011.06.27,23:41:40.67,39.0743,28.9955,8.3,,2011-06-27 23:41:40.670,75.74483333333333
2011.06.27,22:25:55.98,39.0915,28.9905,3.0,,2011-06-27 22:25:55.980,1.0848333333333333
2011.06.27,22:24:50.89,39.1043,28.9888,4.9,,2011-06-27 22:24:50.890,55.99816666666666
2011.06.27,21:28:51.00,39.1012,29.0342,5.4,,2011-06-27 21:28:51.000,14.873166666666666
2011.06.27,21:13:58.61,39.116,29.0152,8.8,4.7,2011-06-27 21:13:58.610,3715.3931666666667
2011.06.25,07:18:35.02,36.9748,27.3962,7.6,,2011-06-25 07:18:35.020,13735.410833333333
2011.06.15,18:23:10.37,36.6065,28.8223,8.3,,2011-06-15 18:23:10.370,6936.0914999999995
2011.06.10,22:47:04.88,39.087,28.3598,13.9,,2011-06-10 22:47:04.880,2000.3566666666666
2011.06.09,13:26:43.48,39.1148,29.0657,5.0,,2011-06-09 13:26:43.480,2314.1475
2011.06.07,22:52:34.63,39.0848,29.0583,5.0,,2011-06-07 22:52:34.630,196.397
2011.06.07,19:36:10.81,39.0517,29.0723,3.0,,2011-06-07 19:36:10.810,2766.9706666666666
2011.06.05,21:29:12.57,39.1593,29.0988,8.1,,2011-06-05 21:29:12.570,1898.1078333333332
2011.06.04,13:51:06.10,39.123,29.0958,5.4,,2011-06-04 13:51:06.100,1272.8431666666665
2011.06.03,16:38:15.51,39.1382,29.1338,5.0,,2011-06-03 16:38:15.510,3042.697833333333
2011.06.01,13:55:33.64,39.1227,28.9952,5.0,,2011-06-01 13:55:33.640,2007.984
2011.05.31,04:27:34.60,39.1278,28.9963,7.3,,2011-05-31 04:27:34.600,383.9886666666667
2011.05.30,22:03:35.28,39.1262,29.0537,5.2,,2011-05-30 22:03:35.280,790.9231666666667
2011.05.30,08:52:39.89,39.0868,29.0348,5.0,,2011-05-30 08:52:39.890,10.156666666666666
2011.05.30,08:42:30.49,40.3462,27.509,13.1,,2011-05-30 08:42:30.490,776.3188333333333
2011.05.29,19:46:11.36,39.1187,29.0227,6.8,,2011-05-29 19:46:11.360,1094.5316666666665
2011.05.29,01:31:39.46,39.1243,29.081,9.9,,2011-05-29 01:31:39.460,444.8763333333334
2011.05.28,18:06:46.88,39.1058,29.0378,5.0,,2011-05-28 18:06:46.880,405.5561666666666
2011.05.28,11:21:13.51,39.1172,29.0642,7.0,,2011-05-28 11:21:13.510,58.018
2011.05.28,10:23:12.43,39.1035,29.0197,5.0,,2011-05-28 10:23:12.430,54.920833333333334
2011.05.28,09:28:17.18,39.111,29.026,5.4,,2011-05-28 09:28:17.180,112.76533333333333
2011.05.28,07:35:31.26,39.1062,29.124,7.6,,2011-05-28 07:35:31.260,108.23966666666666
2011.05.28,05:47:16.88,39.1162,29.0213,7.5,4.8,2011-05-28 05:47:16.880,1323.6536666666666
2011.05.27,07:43:37.66,39.1187,29.041,8.6,,2011-05-27 07:43:37.660,365.411
2011.05.27,01:38:13.00,36.5262,25.691,8.0,,2011-05-27 01:38:13.000,927.5663333333334
2011.05.26,10:10:39.02,39.1807,29.0888,5.0,,2011-05-26 10:10:39.020,1314.9815
2011.05.25,12:15:40.13,39.1437,29.0873,4.3,,2011-05-25 12:15:40.130,87.14899999999999
2011.05.25,10:48:31.19,39.135,28.9982,5.3,,2011-05-25 10:48:31.190,1088.2638333333334
2011.05.24,16:40:15.36,39.1027,29.1467,5.0,,2011-05-24 16:40:15.360,824.7669999999999
2011.05.24,02:55:29.34,39.0962,29.0195,8.3,,2011-05-24 02:55:29.340,1008.8546666666666
2011.05.23,10:06:38.06,39.073,27.1663,9.8,,2011-05-23 10:06:38.060,1036.8223333333333
2011.05.22,16:49:48.72,39.1328,29.0393,7.2,,2011-05-22 16:49:48.720,1062.2335
2011.05.21,23:07:34.71,39.105,29.0215,10.7,,2011-05-21 23:07:34.710,84.44250000000001
2011.05.21,21:43:08.16,39.1015,29.033,4.8,,2011-05-21 21:43:08.160,626.3526666666668
2011.05.21,11:16:47.00,39.1327,29.0685,5.0,,2011-05-21 11:16:47.000,762.0798333333333
2011.05.20,22:34:42.21,40.8813,26.0038,6.2,,2011-05-20 22:34:42.210,418.93933333333337
2011.05.20,15:35:45.85,39.1148,28.9835,9.3,,2011-05-20 15:35:45.850,224.94316666666666
2011.05.20,11:50:49.26,39.1275,29.031,5.0,,2011-05-20 11:50:49.260,20.733333333333334
2011.05.20,11:30:05.26,39.0552,28.9803,5.0,,2011-05-20 11:30:05.260,206.363
2011.05.20,08:03:43.48,39.102,29.0168,8.0,,2011-05-20 08:03:43.480,145.86866666666668
2011.05.20,05:37:51.36,39.092,28.9723,5.0,,2011-05-20 05:37:51.360,17.245
2011.05.20,05:20:36.66,39.0998,28.9545,5.0,,2011-05-20 05:20:36.660,20.015
2011.05.20,05:00:35.76,39.1107,29.0857,5.0,,2011-05-20 05:00:35.760,21.552
2011.05.20,04:39:02.64,39.1122,29.0982,5.0,,2011-05-20 04:39:02.640,11.225
2011.05.20,04:27:49.14,39.094,29.0238,5.0,,2011-05-20 04:27:49.140,27.239166666666666
2011.05.20,04:00:34.79,39.1328,29.0097,5.0,,2011-05-20 04:00:34.790,158.52716666666666
2011.05.20,01:22:03.16,39.1055,29.0147,5.0,,2011-05-20 01:22:03.160,23.510833333333334
2011.05.20,00:58:32.51,39.1038,29.0903,5.0,,2011-05-20 00:58:32.510,29.46966666666667
2011.05.20,00:29:04.33,39.0732,29.044,5.0,,2011-05-20 00:29:04.330,1.7431666666666668
2011.05.20,00:27:19.74,39.1725,28.9823,10.2,,2011-05-20 00:27:19.740,1.9676666666666667
2011.05.20,00:25:21.68,39.212,29.1312,5.0,,2011-05-20 00:25:21.680,1.8491666666666666
2011.05.20,00:23:30.73,39.1292,29.0687,5.0,,2011-05-20 00:23:30.730,10.389666666666667
2011.05.20,00:13:07.35,39.1165,29.1387,5.0,,2011-05-20 00:13:07.350,9.254999999999999
2011.05.20,00:03:52.05,39.1793,29.0255,5.3,,2011-05-20 00:03:52.050,104.79733333333334
2011.05.19,22:19:04.21,39.108,28.9402,5.0,,2011-05-19 22:19:04.210,13.219833333333334
2011.05.19,22:05:51.02,39.1258,29.1023,5.0,,2011-05-19 22:05:51.020,32.6685
2011.05.19,21:33:10.91,39.1457,29.1062,4.5,,2011-05-19 21:33:10.910,11.697000000000001
2011.05.19,21:21:29.09,39.1127,29.018,5.0,,2011-05-19 21:21:29.090,8.637333333333334
2011.05.19,21:12:50.85,39.1117,29.038,5.6,,2011-05-19 21:12:50.850,7.6375
2011.05.19,21:05:12.60,39.092,29.0008,8.1,,2011-05-19 21:05:12.600,21.697333333333333
2011.05.19,20:43:30.76,39.1238,29.0902,5.0,,2011-05-19 20:43:30.760,1.77
2011.05.19,20:41:44.56,39.1038,29.1273,5.0,,2011-05-19 20:41:44.560,3.8288333333333333
2011.05.19,20:37:54.83,39.1172,28.961,4.4,,2011-05-19 20:37:54.830,1.475
2011.05.19,20:36:26.33,39.0957,29.1873,5.0,,2011-05-19 20:36:26.330,1.4631666666666667
2011.05.19,20:34:58.54,39.0413,29.0798,5.0,,2011-05-19 20:34:58.540,9.442499999999999
2011.05.19,20:25:31.99,39.1253,29.0883,5.0,,2011-05-19 20:25:31.990,2.4865
2011.05.19,20:23:02.80,39.1312,29.0182,5.0,,2011-05-19 20:23:02.800,7.664333333333333
2011.05.19,20:15:22.94,39.1553,29.0893,6.9,5.8,2011-05-19 20:15:22.940,9083.172666666667
2011.05.13,12:52:12.58,39.1402,29.0638,5.6,,2011-05-13 12:52:12.580,7545.988833333334
2011.05.08,07:06:13.25,36.7377,27.1285,5.7,,2011-05-08 07:06:13.250,15.848666666666666
2011.05.08,06:50:22.33,36.696,27.1145,6.2,5.1,2011-05-08 06:50:22.330,769.5536666666667
2011.05.07,18:00:49.11,37.0193,28.1693,6.3,,2011-05-07 18:00:49.110,5264.180833333333
2011.05.04,02:16:38.26,36.9592,29.3183,3.1,,2011-05-04 02:16:38.260,4561.929
2011.04.30,22:14:42.52,36.525,28.765,7.6,,2011-04-30 22:14:42.520,5529.8915
2011.04.27,02:04:49.03,36.3382,28.6892,2.5,,2011-04-27 02:04:49.030,4542.592166666667
2011.04.23,22:22:13.50,38.0985,26.7595,5.3,,2011-04-23 22:22:13.500,1157.9776666666667
2011.04.23,03:04:14.84,36.6978,28.4397,49.2,,2011-04-23 03:04:14.840,1153.5655
2011.04.22,07:50:40.91,40.0817,24.9418,7.3,,2011-04-22 07:50:40.910,127.176
2011.04.22,05:43:30.35,38.9595,29.8817,5.0,,2011-04-22 05:43:30.350,108.30300000000001
2011.04.22,03:55:12.17,36.9332,29.2825,5.0,,2011-04-22 03:55:12.170,154.78533333333334
2011.04.22,01:20:25.05,38.5188,23.7557,4.7,,2011-04-22 01:20:25.050,16688.589333333333
2011.04.10,11:11:49.69,36.45,28.816,6.1,,2011-04-10 11:11:49.690,6678.0109999999995
2011.04.05,19:53:49.03,39.1305,29.1213,5.0,,2011-04-05 19:53:49.030,2409.3845
2011.04.04,03:44:25.96,39.1342,29.095,4.2,,2011-04-04 03:44:25.960,242.12683333333334
2011.04.03,23:42:18.35,36.4938,28.7715,5.0,,2011-04-03 23:42:18.350,6154.970333333333
2011.03.30,17:07:20.13,40.0483,27.831,7.9,,2011-03-30 17:07:20.130,2414.2433333333333
2011.03.29,00:53:05.53,39.1555,29.0887,25.1,,2011-03-29 00:53:05.530,476.017
2011.03.28,16:57:04.51,38.9793,25.997,5.3,,2011-03-28 16:57:04.510,14040.706166666667
2011.03.18,22:56:22.14,38.6665,26.4068,5.4,,2011-03-18 22:56:22.140,3578.3431666666665
2011.03.16,11:18:01.55,37.3058,30.4837,7.7,,2011-03-16 11:18:01.550,1227.6660000000002
2011.03.15,14:50:21.59,37.178,28.3828,14.6,,2011-03-15 14:50:21.590,333.7715
2011.03.15,09:16:35.30,37.2845,30.486,13.1,,2011-03-15 09:16:35.300,8770.3735
2011.03.09,07:06:12.89,40.4493,28.055,3.0,,2011-03-09 07:06:12.890,2.1501666666666663
2011.03.09,07:04:03.88,40.4318,28.0598,9.4,,2011-03-09 07:04:03.880,4050.5665
2011.03.06,11:33:29.89,39.5498,23.3318,5.0,,2011-03-06 11:33:29.890,13093.339833333333
2011.02.25,09:20:09.50,40.3622,27.102,6.9,,2011-02-25 09:20:09.500,837.9563333333333
2011.02.24,19:22:12.12,40.4088,27.3915,11.4,,2011-02-24 19:22:12.120,2805.1818333333335
2011.02.22,20:37:01.21,38.9333,24.9277,9.6,,2011-02-22 20:37:01.210,313.3548333333334
2011.02.22,15:23:39.92,37.8738,27.3365,5.0,,2011-02-22 15:23:39.920,15249.206833333334
2011.02.12,01:14:27.51,37.867,27.1488,3.6,,2011-02-12 01:14:27.510,8585.448666666667
2011.02.06,02:09:00.59,37.7982,27.2052,7.7,,2011-02-06 02:09:00.590,1131.9796666666666
2011.02.05,07:17:01.81,37.7975,29.0157,5.0,,2011-02-05 07:17:01.810,279.1323333333333
2011.02.05,02:37:53.87,37.8277,27.3445,5.0,,2011-02-05 02:37:53.870,205.70416666666668
2011.02.04,23:12:11.62,37.8413,27.3682,5.0,,2011-02-04 23:12:11.620,104.662
2011.02.04,21:27:31.90,36.0272,30.4133,20.8,,2011-02-04 21:27:31.900,3635.4355
2011.02.02,08:52:05.77,39.3515,25.4987,8.9,,2011-02-02 08:52:05.770,18552.472833333337
2011.01.20,11:39:37.40,39.55,23.49,13.0,,2011-01-20 11:39:37.400,570.006
2011.01.20,02:09:37.04,40.7042,29.7628,11.7,,2011-01-20 02:09:37.040,11465.5645
2011.01.12,03:04:03.17,36.8787,28.0757,9.9,,2011-01-12 03:04:03.170,13414.823166666667
2011.01.02,19:29:13.78,36.8143,28.108,77.8,,2011-01-02 19:29:13.780,2791.613
2010.12.31,20:57:37.00,40.58,27.34,16.0,,2010-12-31 20:57:37.000,3957.4263333333333
2010.12.29,03:00:11.42,38.8777,27.225,12.9,,2010-12-29 03:00:11.420,4191.8695
2010.12.26,05:08:19.25,40.3313,25.8513,8.7,,2010-12-26 05:08:19.250,3446.900666666667
2010.12.23,19:41:25.21,38.2767,26.43,8.1,,2010-12-23 19:41:25.210,1081.1666666666667
2010.12.23,01:40:15.21,40.1075,24.8515,8.4,,2010-12-23 01:40:15.210,4.442833333333334
2010.12.23,01:35:48.64,40.146,24.8112,10.7,,2010-12-23 01:35:48.640,2757.730666666667
2010.12.21,03:38:04.80,37.651,29.1455,7.5,,2010-12-21 03:38:04.800,1578.971
2010.12.20,01:19:06.54,38.842,26.0062,9.8,,2010-12-20 01:19:06.540,3657.7476666666666
2010.12.17,12:21:21.68,40.8858,26.156,7.7,,2010-12-17 12:21:21.680,1119.592
2010.12.16,17:41:46.16,37.8588,27.3268,6.5,,2010-12-16 17:41:46.160,2559.777
2010.12.14,23:01:59.54,36.6798,27.9548,69.6,,2010-12-14 23:01:59.540,4319.689
2010.12.11,23:02:18.20,38.48,25.53,19.0,,2010-12-11 23:02:18.200,4391.428666666666
2010.12.08,21:50:52.48,37.8768,27.3368,6.8,,2010-12-08 21:50:52.480,1076.242
2010.12.08,03:54:37.96,38.5882,25.4088,9.8,,2010-12-08 03:54:37.960,6948.455333333333
2010.12.03,08:06:10.64,37.6187,26.9285,3.1,,2010-12-03 08:06:10.640,3753.454166666667
2010.11.30,17:32:43.39,37.627,26.9007,5.0,,2010-11-30 17:32:43.390,23770.973166666667
2010.11.14,05:21:45.00,37.92,27.39,5.0,,2010-11-14 05:21:45.000,3433.7345
2010.11.11,20:08:00.93,37.9308,27.3488,11.5,4.6,2010-11-11 20:08:00.930,52.1155
2010.11.11,19:15:54.00,37.9,27.37,5.0,,2010-11-11 19:15:54.000,4933.517666666667
2010.11.08,09:02:22.94,39.9382,24.6318,2.1,,2010-11-08 09:02:22.940,5510.712666666667
2010.11.04,13:11:40.18,36.206,28.1462,27.4,,2010-11-04 13:11:40.180,2060.2213333333334
2010.11.03,02:51:26.90,40.42,26.34,14.0,,2010-11-03 02:51:26.900,547.6971666666667
2010.11.02,17:43:45.07,37.1173,28.8503,6.7,,2010-11-02 17:43:45.070,1559.7648333333334
2010.11.01,15:43:59.18,36.9813,28.282,7.6,,2010-11-01 15:43:59.180,93.67466666666665
2010.11.01,14:10:18.70,38.8078,25.6583,8.9,,2010-11-01 14:10:18.700,2225.993
2010.10.31,01:04:19.12,39.5667,25.327,8.7,,2010-10-31 01:04:19.120,381.3353333333333
2010.10.30,18:42:59.00,38.8027,27.7508,3.0,,2010-10-30 18:42:59.000,953.0536666666667
2010.10.30,02:49:55.78,37.041,28.4447,6.2,,2010-10-30 02:49:55.780,61.17666666666666
2010.10.30,01:48:45.18,37.0172,28.4888,8.7,,2010-10-30 01:48:45.180,1156.0658333333333
2010.10.29,06:32:41.23,40.3212,25.865,13.1,,2010-10-29 06:32:41.230,534.0011666666667
2010.10.28,21:38:41.16,39.8715,25.4725,5.0,,2010-10-28 21:38:41.160,2849.0101666666665
2010.10.26,22:09:40.55,40.8023,27.6808,10.2,,2010-10-26 22:09:40.550,331.3978333333333
2010.10.26,16:38:16.68,38.8885,26.0397,9.6,,2010-10-26 16:38:16.680,6045.294666666667
2010.10.22,11:52:59.00,38.949,26.0757,9.9,,2010-10-22 11:52:59.000,1564.2468333333334
2010.10.21,09:48:44.19,38.8748,26.1015,10.3,,2010-10-21 09:48:44.190,10120.361833333332
2010.10.14,09:08:22.48,36.1035,29.5358,31.4,,2010-10-14 09:08:22.480,12085.151333333333
2010.10.05,23:43:13.40,38.0433,27.9362,5.7,,2010-10-05 23:43:13.400,3234.1725
2010.10.03,17:49:03.05,40.8402,28.1248,11.8,,2010-10-03 17:49:03.050,1698.8158333333333
2010.10.02,13:30:14.10,39.23,25.36,14.0,,2010-10-02 13:30:14.100,3998.0783333333334
2010.09.29,18:52:09.40,36.29,23.22,27.0,,2010-09-29 18:52:09.400,4016.8779999999997
2010.09.26,23:55:16.72,38.532,24.3113,19.8,,2010-09-26 23:55:16.720,16998.9925
2010.09.15,04:36:17.17,36.563,27.8968,7.1,,2010-09-15 04:36:17.170,870.8251666666667
2010.09.14,14:05:27.66,39.135,29.078,2.5,,2010-09-14 14:05:27.660,6552.154666666667
2010.09.10,00:53:18.38,38.9512,25.9497,13.7,,2010-09-10 00:53:18.380,3515.3190000000004
2010.09.07,14:17:59.24,37.0807,27.6297,7.2,,2010-09-07 14:17:59.240,1611.9466666666667
2010.09.06,11:26:02.44,37.0872,27.6378,9.5,,2010-09-06 11:26:02.440,6212.965666666667
2010.09.02,03:53:04.50,38.23,23.17,8.0,,2010-09-02 03:53:04.500,5654.482
2010.08.29,05:38:35.58,39.693,24.1723,14.0,,2010-08-29 05:38:35.580,286.633
2010.08.29,00:51:57.60,38.66,23.38,22.0,,2010-08-29 00:51:57.600,8429.338333333333
2010.08.23,04:22:37.30,40.37,25.91,13.0,,2010-08-23 04:22:37.300,6616.629
2010.08.18,14:05:59.56,38.7315,27.9197,4.9,,2010-08-18 14:05:59.560,854.0681666666666
2010.08.17,23:51:55.47,37.1525,28.4613,6.4,,2010-08-17 23:51:55.470,8488.854
2010.08.12,02:23:04.23,39.6943,27.5447,12.5,,2010-08-12 02:23:04.230,1446.7601666666667
2010.08.11,02:16:18.62,37.8832,26.7997,5.5,,2010-08-11 02:16:18.620,3807.3035
2010.08.08,10:49:00.41,39.8477,24.545,5.0,,2010-08-08 10:49:00.410,93.9835
2010.08.08,09:15:01.40,40.3397,23.434,10.9,,2010-08-08 09:15:01.400,14.493666666666666
2010.08.08,09:00:31.78,40.324,23.9168,9.2,4.4,2010-08-08 09:00:31.780,216.35
2010.08.08,05:24:10.78,36.466,28.9037,4.4,,2010-08-08 05:24:10.780,299.9723333333333
2010.08.08,00:24:12.44,36.7163,27.9117,15.1,,2010-08-08 00:24:12.440,4545.499333333334
2010.08.04,20:38:42.48,37.528,26.9803,5.0,,2010-08-04 20:38:42.480,9591.009166666667
2010.07.29,04:47:41.93,37.0738,28.5205,2.4,,2010-07-29 04:47:41.930,5021.367499999999
2010.07.25,17:06:19.88,36.9698,30.3523,7.3,,2010-07-25 17:06:19.880,6935.9305
2010.07.20,21:30:24.05,37.0722,27.6258,11.4,,2010-07-20 21:30:24.050,3229.697
2010.07.18,15:40:42.23,40.4113,25.679,5.1,,2010-07-18 15:40:42.230,2230.1188333333334
2010.07.17,02:30:35.10,39.31,24.01,16.0,,2010-07-17 02:30:35.100,457.3761666666667
2010.07.16,18:53:12.53,39.3827,24.0743,32.7,,2010-07-16 18:53:12.530,2237.6639999999998
2010.07.15,05:35:32.69,36.8275,27.4017,18.1,,2010-07-15 05:35:32.690,2487.6794999999997
2010.07.13,12:07:51.92,36.9803,27.7807,15.2,,2010-07-13 12:07:51.920,5467.159833333334
2010.07.09,17:00:42.33,38.0308,28.4433,5.0,,2010-07-09 17:00:42.330,13117.763833333333
2010.06.30,14:22:56.50,36.8383,29.3243,6.6,,2010-06-30 14:22:56.500,7135.291833333334
2010.06.25,15:27:38.99,36.4397,26.27,21.6,,2010-06-25 15:27:38.990,569.2046666666666
2010.06.25,05:58:26.71,36.147,30.4178,25.6,,2010-06-25 05:58:26.710,13256.450333333334
2010.06.16,01:01:59.69,38.8048,26.8107,16.4,,2010-06-16 01:01:59.690,6605.254833333333
2010.06.11,10:56:44.40,40.43,28.94,14.0,,2010-06-11 10:56:44.400,3793.4804999999997
2010.06.08,19:43:15.57,36.5648,27.8762,14.2,,2010-06-08 19:43:15.570,3641.059
2010.06.06,07:02:12.03,38.9493,25.9435,14.4,,2010-06-06 07:02:12.030,14742.3555
2010.05.27,01:19:50.70,36.8715,27.531,10.6,,2010-05-27 01:19:50.700,657.5251666666667
2010.05.26,14:22:19.19,36.7033,29.78,5.6,,2010-05-26 14:22:19.190,15853.950333333334
2010.05.15,14:08:22.17,41.1985,30.1332,5.0,,2010-05-15 14:08:22.170,4566.6105
2010.05.12,10:01:45.54,38.7803,26.001,13.8,,2010-05-12 10:01:45.540,20.384999999999998
2010.05.12,09:41:22.44,38.7862,25.9805,8.8,,2010-05-12 09:41:22.440,1597.7723333333333
2010.05.11,07:03:36.10,38.62,23.77,24.0,,2010-05-11 07:03:36.100,100.386
2010.05.11,05:23:12.94,39.4747,25.9428,7.6,,2010-05-11 05:23:12.940,18048.042333333335
2010.04.28,16:35:10.40,36.32,27.66,42.0,,2010-04-28 16:35:10.400,1593.9791666666667
2010.04.27,14:01:11.65,36.084,26.3415,6.7,,2010-04-27 14:01:11.650,20082.870833333334
2010.04.13,15:18:19.40,36.2,27.48,10.0,,2010-04-13 15:18:19.400,817.9533333333333
2010.04.13,01:40:22.20,37.6697,26.5632,8.9,,2010-04-13 01:40:22.200,13300.875166666667
2010.04.03,19:59:29.69,39.2857,24.7017,6.8,,2010-04-03 19:59:29.690,11484.894166666667
2010.03.26,20:34:36.04,38.1212,26.0568,2.1,,2010-03-26 20:34:36.040,68.99916666666667
2010.03.26,19:25:36.09,38.1148,26.2047,5.2,,2010-03-26 19:25:36.090,10.152999999999999
2010.03.26,19:15:26.91,38.1612,26.2102,5.0,,2010-03-26 19:15:26.910,39.5655
2010.03.26,18:35:52.98,38.1535,26.2207,11.2,,2010-03-26 18:35:52.980,1284.1546666666666
2010.03.25,21:11:43.70,38.5792,30.3472,5.0,,2010-03-25 21:11:43.700,6341.565666666666
2010.03.21,11:30:09.76,36.8545,30.3455,6.1,,2010-03-21 11:30:09.760,905.346
2010.03.20,20:24:49.00,39.54,23.44,12.0,,2010-03-20 20:24:49.000,2452.5190000000002
2010.03.19,03:32:17.86,39.131,26.1153,13.3,,2010-03-19 03:32:17.860,8772.940166666667
2010.03.13,01:19:21.45,40.3723,27.1803,16.0,,2010-03-13 01:19:21.450,1405.3708333333334
2010.03.12,01:53:59.20,36.43,23.49,68.0,,2010-03-12 01:53:59.200,4259.001666666667
2010.03.09,02:54:59.10,38.8025,23.499,16.0,,2010-03-09 02:54:59.100,53.9745
2010.03.09,02:01:00.63,38.8552,23.6763,19.0,,2010-03-09 02:01:00.630,593.814
2010.03.08,16:07:11.79,40.4482,29.1312,2.8,,2010-03-08 16:07:11.790,8235.624
2010.03.02,22:51:34.35,40.7912,25.3383,4.4,,2010-03-02 22:51:34.350,1030.9533333333334
2010.03.02,05:40:37.15,40.2988,24.0557,5.1,,2010-03-02 05:40:37.150,280.90116666666665
2010.03.02,00:59:43.08,39.1347,29.094,6.4,,2010-03-02 00:59:43.080,16.488
2010.03.02,00:43:13.80,39.16,29.02,8.0,,2010-03-02 00:43:13.800,6352.715
2010.02.25,14:50:30.90,37.0767,28.571,8.9,,2010-02-25 14:50:30.900,3613.6183333333333
2010.02.23,02:36:53.80,36.44,28.51,66.0,,2010-02-23 02:36:53.800,1370.325
2010.02.22,03:46:34.30,37.64,26.88,5.0,,2010-02-22 03:46:34.300,20952.705
2010.02.07,14:33:52.00,38.18,26.62,10.0,,2010-02-07 14:33:52.000,5315.95
2010.02.03,21:57:55.00,40.4,28.85,9.0,,2010-02-03 21:57:55.000,4568.129333333333
2010.01.31,17:49:47.24,39.701,27.5652,8.1,,2010-01-31 17:49:47.240,650.0148333333333
2010.01.31,06:59:46.35,38.3538,24.9292,5.0,,2010-01-31 06:59:46.350,161.579
2010.01.31,04:18:11.61,36.9625,29.3363,6.6,,2010-01-31 04:18:11.610,8827.896833333334
2010.01.25,01:10:17.80,38.85,26.92,13.0,,2010-01-25 01:10:17.800,15894.981833333333
2010.01.14,00:15:18.89,38.6335,26.4707,5.5,,2010-01-14 00:15:18.890,18.288166666666665
2010.01.13,23:57:01.60,39.99,24.08,9.0,,2010-01-13 23:57:01.600,11.497166666666667
2010.01.13,23:45:31.77,38.4345,25.4353,5.0,,2010-01-13 23:45:31.770,8746.793333333333
2010.01.07,21:58:44.17,36.1103,28.2328,5.0,,2010-01-07 21:58:44.170,443.15049999999997
2010.01.07,14:35:35.14,36.684,29.9573,5.9,,2010-01-07 14:35:35.140,2709.968
2010.01.05,17:25:37.06,37.4368,26.984,15.4,,2010-01-05 17:25:37.060,7463.982666666667
2009.12.31,13:01:38.10,36.3165,27.5353,84.5,,2009-12-31 13:01:38.100,1560.7910000000002
2009.12.30,11:00:50.64,36.7078,27.9523,6.2,,2009-12-30 11:00:50.640,7236.067
2009.12.25,10:24:46.62,36.8718,27.486,17.1,,2009-12-25 10:24:46.620,489.8725
2009.12.25,02:14:54.27,38.4047,25.2297,5.4,,2009-12-25 02:14:54.270,1501.4625
2009.12.24,01:13:26.52,36.0432,28.3163,22.8,,2009-12-24 01:13:26.520,1228.7578333333333
2009.12.23,04:44:41.05,37.6793,26.3835,30.0,,2009-12-23 04:44:41.050,7165.512333333333
2009.12.18,05:19:10.31,37.0508,29.152,6.8,,2009-12-18 05:19:10.310,5503.431666666667
2009.12.14,09:35:44.41,40.3373,25.732,5.3,,2009-12-14 09:35:44.410,2532.4776666666667
2009.12.12,15:23:15.75,36.5272,28.5958,83.4,,2009-12-12 15:23:15.750,6316.976
2009.12.08,06:06:17.19,38.618,26.6843,13.3,,2009-12-08 06:06:17.190,543.3098333333334
2009.12.07,21:02:58.60,36.9707,29.3262,5.4,,2009-12-07 21:02:58.600,4543.2018333333335
2009.12.04,17:19:46.49,37.4025,29.5383,9.5,,2009-12-04 17:19:46.490,677.4576666666667
2009.12.04,06:02:19.03,37.9152,28.7873,4.1,,2009-12-04 06:02:19.030,5595.692166666667
2009.11.30,08:46:37.50,38.86,25.67,11.0,,2009-11-30 08:46:37.500,2004.5843333333332
2009.11.28,23:22:02.44,38.3533,25.0668,25.3,,2009-11-28 23:22:02.440,1795.7920000000001
2009.11.27,17:26:14.92,38.4475,25.1017,6.8,,2009-11-27 17:26:14.920,1055.2285
2009.11.26,23:51:01.21,39.9583,23.8607,34.6,,2009-11-26 23:51:01.210,1086.645
2009.11.26,05:44:22.51,38.265,26.4803,8.4,,2009-11-26 05:44:22.510,643.5323333333333
2009.11.25,19:00:50.57,37.9287,28.7953,5.4,,2009-11-25 19:00:50.570,487.1161666666667
2009.11.25,10:53:43.60,37.87,28.95,10.0,,2009-11-25 10:53:43.600,10416.433333333332
2009.11.18,05:17:17.60,36.192,26.3233,17.2,,2009-11-18 05:17:17.600,2069.926
2009.11.16,18:47:22.04,40.5997,29.0057,13.7,,2009-11-16 18:47:22.040,6440.577333333334
2009.11.12,07:26:47.40,38.61,25.53,22.0,,2009-11-12 07:26:47.400,1481.5343333333333
2009.11.11,06:45:15.34,37.9215,28.8648,2.0,,2009-11-11 06:45:15.340,4180.107333333333
2009.11.08,09:05:08.90,39.1113,29.0713,5.0,,2009-11-08 09:05:08.900,6290.6655
2009.11.04,00:14:28.97,38.916,25.917,5.5,,2009-11-04 00:14:28.970,1344.7343333333333
2009.11.03,01:49:44.91,38.9305,25.9025,3.2,,2009-11-03 01:49:44.910,701.9300000000001
2009.11.02,14:07:49.11,36.2318,28.9027,11.0,,2009-11-02 14:07:49.110,67.077
2009.11.02,13:00:44.49,38.9365,25.913,5.5,,2009-11-02 13:00:44.490,14079.390166666668
2009.10.23,18:21:21.08,37.1112,29.0343,11.7,,2009-10-23 18:21:21.080,1033.9371666666668
2009.10.23,01:07:24.85,39.0977,29.0267,4.2,,2009-10-23 01:07:24.850,2021.3981666666666
2009.10.21,15:26:00.96,38.9182,25.919,9.8,,2009-10-21 15:26:00.960,12913.982166666667
2009.10.12,16:12:02.03,38.7202,25.6173,20.5,,2009-10-12 16:12:02.030,6747.381333333334
2009.10.07,23:44:39.15,39.8577,24.4775,2.4,,2009-10-07 23:44:39.150,6835.416666666667
2009.10.03,05:49:14.15,39.6168,27.8723,10.6,,2009-10-03 05:49:14.150,7082.3275
2009.09.28,07:46:54.50,39.92,23.75,7.0,,2009-09-28 07:46:54.500,18623.1175
2009.09.15,09:23:47.45,39.0945,29.0447,10.2,,2009-09-15 09:23:47.450,1470.948
2009.09.14,08:52:50.57,38.8178,26.0043,14.8,,2009-09-14 08:52:50.570,3362.1945
2009.09.12,00:50:38.90,37.47,26.99,12.0,,2009-09-12 00:50:38.900,7574.3561666666665
2009.09.06,18:36:17.53,37.6098,26.8642,13.9,,2009-09-06 18:36:17.530,2237.2681666666667
2009.09.05,05:19:01.44,38.8288,27.849,10.5,,2009-09-05 05:19:01.440,4141.409000000001
2009.09.02,08:17:36.90,38.12,23.29,4.0,,2009-09-02 08:17:36.900,2062.1046666666666
2009.08.31,21:55:30.62,38.7487,26.4207,10.1,,2009-08-31 21:55:30.620,5.609
2009.08.31,21:49:54.08,38.6743,26.3498,17.5,,2009-08-31 21:49:54.080,2707.489666666667
2009.08.30,00:42:24.70,38.48,26.29,14.0,,2009-08-30 00:42:24.700,2530.7918333333337
2009.08.28,06:31:37.19,38.6163,26.8337,22.7,,2009-08-28 06:31:37.190,1490.3636666666669
2009.08.27,05:41:15.37,40.2555,27.1075,15.2,,2009-08-27 05:41:15.370,3612.951333333333
2009.08.24,17:28:18.29,38.877,26.041,16.0,,2009-08-24 17:28:18.290,9316.617
2009.08.18,06:11:41.27,39.5057,28.0807,9.8,,2009-08-18 06:11:41.270,3318.9438333333333
2009.08.15,22:52:44.64,38.9205,25.8407,5.4,,2009-08-15 22:52:44.640,5477.262833333333
2009.08.12,03:35:28.87,39.1068,29.0585,5.0,,2009-08-12 03:35:28.870,5142.837833333334
2009.08.08,13:52:38.60,40.33,27.41,17.0,,2009-08-08 13:52:38.600,3984.1816666666664
2009.08.05,19:28:27.70,39.2263,27.87,5.0,,2009-08-05 19:28:27.700,11.929333333333334
2009.08.05,19:16:31.94,40.399,25.8413,7.7,,2009-08-05 19:16:31.940,5217.7880000000005
2009.08.02,04:18:44.66,38.2723,26.5615,7.8,,2009-08-02 04:18:44.660,696.0935000000001
2009.08.01,16:42:39.05,40.3678,28.2772,10.0,,2009-08-01 16:42:39.050,5703.8475
2009.07.28,17:38:48.20,36.08,29.67,12.0,,2009-07-28 17:38:48.200,2566.6251666666667
2009.07.26,22:52:10.69,38.7027,24.7347,27.2,,2009-07-26 22:52:10.690,987.4588333333334
2009.07.26,06:24:43.16,39.217,24.7222,26.4,,2009-07-26 06:24:43.160,4150.139166666667
2009.07.23,09:14:34.81,36.238,28.2348,25.8,,2009-07-23 09:14:34.810,7154.7058333333325
2009.07.18,09:59:52.46,40.7272,29.843,6.7,,2009-07-18 09:59:52.460,7196.1165
2009.07.13,10:03:45.47,39.111,29.037,5.7,,2009-07-13 10:03:45.470,630.825
2009.07.12,23:32:55.97,37.9505,29.3857,5.0,,2009-07-12 23:32:55.970,3984.522
2009.07.10,05:08:24.65,37.9367,29.1803,6.8,,2009-07-10 05:08:24.650,6002.111999999999
2009.07.06,01:06:17.93,36.1138,28.0325,21.0,,2009-07-06 01:06:17.930,1797.6041666666667
2009.07.04,19:08:41.68,37.822,29.1653,5.0,,2009-07-04 19:08:41.680,2550.2568333333334
2009.07.03,00:38:26.27,36.1682,28.8708,30.5,,2009-07-03 00:38:26.270,1820.12
2009.07.01,18:18:19.07,38.922,26.9102,5.0,,2009-07-01 18:18:19.070,6.0600000000000005
2009.07.01,18:12:15.47,38.8662,26.9553,13.7,,2009-07-01 18:12:15.470,6378.533333333334
2009.06.27,07:53:43.47,36.5783,25.1352,31.9,,2009-06-27 07:53:43.470,578.8616666666666
2009.06.26,22:14:51.77,36.51,25.2068,33.8,,2009-06-26 22:14:51.770,73.34733333333334
2009.06.26,21:01:30.93,36.605,25.0547,32.0,,2009-06-26 21:01:30.930,10.443166666666666
2009.06.26,20:51:04.34,36.6718,25.2398,47.7,,2009-06-26 20:51:04.340,13.463833333333334
2009.06.26,20:37:36.51,36.5773,25.2478,27.5,,2009-06-26 20:37:36.510,27.192999999999998
2009.06.26,20:10:24.93,36.4105,25.2753,13.8,,2009-06-26 20:10:24.930,66.07783333333333
2009.06.26,19:04:20.26,36.3918,25.338,14.5,,2009-06-26 19:04:20.260,3452.634833333333
2009.06.24,09:31:42.17,38.8538,26.8417,6.6,,2009-06-24 09:31:42.170,1486.1078333333332
2009.06.23,08:45:35.70,39.8918,25.7953,5.5,,2009-06-23 08:45:35.700,986.777
2009.06.22,16:18:49.08,37.4817,26.8077,4.2,,2009-06-22 16:18:49.080,409.63033333333334
2009.06.22,09:29:11.26,40.4928,29.1378,5.8,,2009-06-22 09:29:11.260,1168.6826666666668
2009.06.21,14:00:30.30,39.89,25.6,3.0,,2009-06-21 14:00:30.300,1772.195
2009.06.20,08:28:18.60,37.65,26.75,11.0,,2009-06-20 08:28:18.600,480.78566666666666
2009.06.20,00:27:31.46,36.112,27.6513,7.5,,2009-06-20 00:27:31.460,164.6618333333333
2009.06.19,21:42:51.75,37.5663,26.7095,13.4,,2009-06-19 21:42:51.750,210.02349999999998
2009.06.19,18:12:50.34,38.9612,24.6333,11.3,,2009-06-19 18:12:50.340,5401.0306666666675
2009.06.16,00:11:48.50,39.3038,27.9092,6.0,,2009-06-16 00:11:48.500,216.88783333333333
2009.06.15,20:34:55.23,39.2765,27.9028,7.8,,2009-06-15 20:34:55.230,1590.6656666666668
2009.06.14,18:04:15.29,36.1147,27.1918,7.3,,2009-06-14 18:04:15.290,208.35283333333334
2009.06.14,14:35:54.12,39.1053,29.031,5.0,,2009-06-14 14:35:54.120,3558.6933333333336
2009.06.12,03:17:12.52,37.7228,26.8468,5.7,,2009-06-12 03:17:12.520,4190.2570000000005
2009.06.09,05:26:57.10,36.01,29.11,20.0,,2009-06-09 05:26:57.100,106.76816666666667
2009.06.09,03:40:11.01,38.8017,26.0222,6.1,,2009-06-09 03:40:11.010,1838.9781666666668
2009.06.07,21:01:12.32,40.3895,25.8138,9.3,,2009-06-07 21:01:12.320,10416.148500000001
2009.05.31,15:25:03.41,40.4857,29.1387,5.4,,2009-05-31 15:25:03.410,516.4146666666667
2009.05.31,06:48:38.53,40.8217,25.5128,3.5,,2009-05-31 06:48:38.530,1787.4666666666667
2009.05.30,01:01:10.53,38.4583,27.4787,16.6,,2009-05-30 01:01:10.530,7888.944
2009.05.24,13:32:13.89,36.593,28.687,21.7,,2009-05-24 13:32:13.890,934.5854999999999
2009.05.23,21:57:38.76,40.476,29.1427,10.8,,2009-05-23 21:57:38.760,274.15866666666665
2009.05.23,17:23:29.24,39.2248,26.104,6.3,,2009-05-23 17:23:29.240,2583.344
2009.05.21,22:20:08.60,36.4147,28.4563,67.5,,2009-05-21 22:20:08.600,15782.680666666665
2009.05.10,23:17:27.76,36.5077,27.9552,76.9,,2009-05-10 23:17:27.760,2240.8396666666667
2009.05.09,09:56:37.38,39.203,29.4692,8.1,,2009-05-09 09:56:37.380,1923.2451666666668
2009.05.08,01:53:22.67,39.31,27.9113,5.0,,2009-05-08 01:53:22.670,126.66350000000001
2009.05.07,23:46:42.86,39.2955,27.9332,6.0,,2009-05-07 23:46:42.860,5399.069666666666
2009.05.04,05:47:38.68,36.9623,26.564,12.2,,2009-05-04 05:47:38.680,1633.5014999999999
2009.05.03,02:34:08.59,37.8192,27.5643,5.0,,2009-05-03 02:34:08.590,2183.7678333333333
2009.05.01,14:10:22.52,38.8295,26.1652,15.7,,2009-05-01 14:10:22.520,1397.165
2009.04.30,14:53:12.62,38.9723,27.5927,5.0,,2009-04-30 14:53:12.620,2564.199
2009.04.28,20:09:00.68,38.7373,27.266,9.3,,2009-04-28 20:09:00.680,1055.1251666666667
2009.04.28,02:33:53.17,36.255,27.4242,20.5,,2009-04-28 02:33:53.170,450.7695
2009.04.27,19:03:07.00,40.7285,27.5308,18.3,,2009-04-27 19:03:07.000,1033.5711666666666
2009.04.27,01:49:32.73,38.321,25.0548,5.5,,2009-04-27 01:49:32.730,9446.747333333333
2009.04.20,12:22:47.89,39.1133,29.0165,8.8,,2009-04-20 12:22:47.890,110.20683333333334
2009.04.20,10:32:35.48,40.3645,25.9242,13.2,,2009-04-20 10:32:35.480,824.2131666666667
2009.04.19,20:48:22.69,39.126,29.0297,5.4,,2009-04-19 20:48:22.690,1219.4
2009.04.19,00:28:58.69,37.4932,30.4235,8.0,,2009-04-19 00:28:58.690,1247.0933333333335
2009.04.18,03:41:53.09,40.24,25.301,10.0,,2009-04-18 03:41:53.090,7806.944666666666
2009.04.12,17:34:56.41,37.6407,27.9777,23.9,,2009-04-12 17:34:56.410,3285.9305
2009.04.10,10:49:00.58,36.0152,27.8123,53.3,,2009-04-10 10:49:00.580,3862.4456666666665
2009.04.07,18:26:33.84,36.8545,26.5417,60.8,,2009-04-07 18:26:33.840,1502.4156666666668
2009.04.06,17:24:08.90,40.141,28.9515,4.9,,2009-04-06 17:24:08.900,9781.523
2009.03.30,22:22:37.52,38.8402,26.0893,13.1,,2009-03-30 22:22:37.520,1756.9133333333334
2009.03.29,17:05:42.72,39.9428,27.1825,12.2,,2009-03-29 17:05:42.720,12905.957333333332
2009.03.20,17:59:45.28,40.3782,25.7503,5.4,,2009-03-20 17:59:45.280,954.6741666666666
2009.03.20,02:05:04.83,39.419,26.3263,9.6,,2009-03-20 02:05:04.830,2011.4551666666666
2009.03.18,16:33:37.52,40.7987,27.7552,10.9,,2009-03-18 16:33:37.520,5037.687166666667
2009.03.15,04:35:56.29,39.2192,25.128,5.0,,2009-03-15 04:35:56.290,582.2925
2009.03.14,18:53:38.74,38.8205,26.8193,16.7,,2009-03-14 18:53:38.740,6280.295
2009.03.10,10:13:21.04,38.9442,27.7627,13.4,,2009-03-10 10:13:21.040,2193.0313333333334
2009.03.08,21:40:19.16,39.4215,26.148,16.5,,2009-03-08 21:40:19.160,7852.357
2009.03.03,10:47:57.74,39.7183,27.7393,13.3,,2009-03-03 10:47:57.740,765.849
2009.03.02,22:02:06.80,36.68,26.66,8.0,4.1,2009-03-02 22:02:06.800,1064.148
2009.03.02,04:17:57.92,37.163,28.5888,7.6,,2009-03-02 04:17:57.920,199.72916666666666
2009.03.02,00:58:14.17,39.9992,25.1605,5.0,,2009-03-02 00:58:14.170,1452.2045
2009.03.01,00:46:01.90,38.8482,25.9093,5.0,,2009-03-01 00:46:01.900,81.24333333333334
2009.02.28,23:24:47.30,37.8842,27.3293,5.0,,2009-02-28 23:24:47.300,414.30016666666666
2009.02.28,16:30:29.29,39.3323,29.1723,5.0,,2009-02-28 16:30:29.290,1539.0629999999999
2009.02.27,14:51:25.51,38.311,26.8773,5.3,,2009-02-27 14:51:25.510,119.84633333333333
2009.02.27,12:51:34.73,36.0885,26.9857,7.6,,2009-02-27 12:51:34.730,2210.9648333333334
2009.02.26,00:00:36.84,36.667,27.1923,9.5,,2009-02-26 00:00:36.840,8734.910666666667
2009.02.19,22:25:42.20,39.088,29.103,4.8,,2009-02-19 22:25:42.200,1824.8323333333333
2009.02.18,16:00:52.26,37.8583,29.1293,5.0,,2009-02-18 16:00:52.260,1212.1925
2009.02.17,19:48:40.71,39.1523,29.0732,6.6,,2009-02-17 19:48:40.710,836.5421666666666
2009.02.17,05:52:08.18,39.1425,29.0508,4.9,,2009-02-17 05:52:08.180,17.397499999999997
2009.02.17,05:34:44.33,39.1187,29.1013,10.3,,2009-02-17 05:34:44.330,6.416333333333333
2009.02.17,05:28:19.35,39.1093,29.0405,7.6,5.0,2009-02-17 05:28:19.350,1645.9286666666667
2009.02.16,02:02:23.63,39.4202,26.1642,8.1,,2009-02-16 02:02:23.630,14.795833333333333
2009.02.16,01:47:35.88,38.8875,26.948,12.5,,2009-02-16 01:47:35.880,6864.069833333333
2009.02.11,07:23:31.69,40.3342,25.806,5.0,,2009-02-11 07:23:31.690,635.0958333333333
2009.02.10,20:48:25.94,38.7432,25.5235,9.9,,2009-02-10 20:48:25.940,5387.6016666666665
2009.02.07,03:00:49.84,40.4275,25.7708,8.6,,2009-02-07 03:00:49.840,1851.9146666666668
2009.02.05,20:08:54.96,37.8795,26.9848,6.4,,2009-02-05 20:08:54.960,11837.8695
2009.01.28,14:51:02.79,38.715,25.4645,19.1,,2009-01-28 14:51:02.790,305.92983333333336
2009.01.28,09:45:07.00,37.8,27.43,5.0,,2009-01-28 09:45:07.000,27.233333333333334
2009.01.28,09:17:53.00,37.83,27.47,5.0,,2009-01-28 09:17:53.000,4670.9991666666665
2009.01.25,03:26:53.05,40.7865,27.7648,14.5,,2009-01-25 03:26:53.050,573.3965000000001
2009.01.24,17:53:29.26,38.6462,26.9833,7.5,,2009-01-24 17:53:29.260,114.83833333333334
2009.01.24,15:58:38.96,40.7853,27.7643,16.5,4.3,2009-01-24 15:58:38.960,1403.7915
2009.01.23,16:34:51.47,40.7942,27.771,14.9,,2009-01-23 16:34:51.470,1885.2813333333334
2009.01.22,09:09:34.59,36.7848,27.4083,13.0,,2009-01-22 09:09:34.590,472.74816666666663
2009.01.22,01:16:49.70,40.0063,24.713,10.5,,2009-01-22 01:16:49.700,2641.1046666666666
2009.01.20,05:15:43.42,39.191,29.464,5.5,,2009-01-20 05:15:43.420,598.438
2009.01.19,19:17:17.14,38.6037,26.9965,17.3,,2009-01-19 19:17:17.140,9079.691833333334
2009.01.13,11:57:35.63,39.7968,24.0177,6.4,,2009-01-13 11:57:35.630,2689.123666666667
2009.01.11,15:08:28.21,40.4882,25.303,2.9,,2009-01-11 15:08:28.210,518.5253333333334
2009.01.11,06:29:56.69,37.8325,27.583,5.0,,2009-01-11 06:29:56.690,3765.976
2009.01.08,15:43:58.13,37.8492,27.6075,7.9,,2009-01-08 15:43:58.130,6758.024
2009.01.03,23:05:56.69,39.5985,27.3953,10.7,,2009-01-03 23:05:56.690,2839.0691666666667
2009.01.01,23:46:52.54,39.251,26.0868,13.5,,2009-01-01 23:46:52.540,181.30316666666667
2009.01.01,20:45:34.35,39.2355,26.0528,14.0,,2009-01-01 20:45:34.350,103.63850000000001
2009.01.01,19:01:56.04,37.061,29.1195,13.7,,2009-01-01 19:01:56.040,3744.3776666666668
2008.12.30,04:37:33.38,40.3403,25.8082,4.1,,2008-12-30 04:37:33.380,1778.5853333333332
2008.12.28,22:58:58.26,40.411,25.8053,8.8,5.2,2008-12-28 22:58:58.260,846.5758333333334
2008.12.28,08:52:23.71,37.7928,29.2012,5.0,,2008-12-28 08:52:23.710,599.9860000000001
2008.12.27,22:52:24.55,37.8012,29.2005,6.1,,2008-12-27 22:52:24.550,163.05916666666664
2008.12.27,20:09:21.00,40.11,24.03,3.0,4.3,2008-12-27 20:09:21.000,702.3116666666666
2008.12.27,08:27:02.30,40.13,23.87,34.0,,2008-12-27 08:27:02.300,3710.2549999999997
2008.12.24,18:36:47.00,37.86,29.13,5.0,,2008-12-24 18:36:47.000,485.99733333333336
2008.12.24,10:30:47.16,37.842,29.1733,8.5,,2008-12-24 10:30:47.160,26.205
2008.12.24,10:04:34.86,37.8398,29.2,3.7,,2008-12-24 10:04:34.860,180.49133333333333
2008.12.24,07:04:05.38,37.8622,29.1642,5.0,,2008-12-24 07:04:05.380,48.723
2008.12.24,06:15:22.00,37.82,29.21,3.0,,2008-12-24 06:15:22.000,20.370333333333335
2008.12.24,05:54:59.78,37.8092,29.1963,7.2,,2008-12-24 05:54:59.780,8.421666666666667
2008.12.24,05:46:34.48,36.7953,28.5675,4.7,,2008-12-24 05:46:34.480,1013.3896666666666
2008.12.23,12:53:11.10,36.13,27.16,26.0,,2008-12-23 12:53:11.100,15539.156666666668
2008.12.12,17:54:01.70,39.4,23.52,11.0,,2008-12-12 17:54:01.700,6108.33
2008.12.08,12:05:41.90,36.39,23.99,5.0,,2008-12-08 12:05:41.900,4531.562666666667
2008.12.05,08:34:08.14,37.3898,27.036,9.6,,2008-12-05 08:34:08.140,4756.6555
2008.12.02,01:17:28.81,36.3697,27.627,67.1,,2008-12-02 01:17:28.810,1458.3505
2008.12.01,00:59:07.78,36.086,27.1525,5.0,,2008-12-01 00:59:07.780,1396.3338333333334
2008.11.30,01:42:47.75,38.8713,25.9123,5.0,,2008-11-30 01:42:47.750,452.7873333333334
2008.11.29,18:10:00.51,39.5753,28.837,6.2,,2008-11-29 18:10:00.510,6917.896833333333
2008.11.24,22:52:06.70,38.99,23.37,23.0,,2008-11-24 22:52:06.700,185.74233333333333
2008.11.24,19:46:22.16,39.98,28.176,12.7,,2008-11-24 19:46:22.160,492.2701666666666
2008.11.24,11:34:05.95,36.7167,28.1352,73.4,,2008-11-24 11:34:05.950,2049.0288333333333
2008.11.23,01:25:04.22,39.6928,24.8823,7.8,,2008-11-23 01:25:04.220,5509.913666666666
2008.11.19,05:35:09.40,37.2315,26.8282,5.0,,2008-11-19 05:35:09.400,3811.786666666667
2008.11.16,14:03:22.20,36.57,26.85,139.0,,2008-11-16 14:03:22.200,5095.5914999999995
2008.11.13,01:07:46.71,38.8807,27.1348,2.5,,2008-11-13 01:07:46.710,5027.3425
2008.11.09,13:20:26.16,36.9352,28.1062,67.3,,2008-11-09 13:20:26.160,331.526
2008.11.09,07:48:54.60,36.32,27.86,72.0,,2008-11-09 07:48:54.600,3536.5205
2008.11.06,20:52:23.37,39.3852,25.809,3.5,,2008-11-06 20:52:23.370,8.991833333333334
2008.11.06,20:43:23.86,39.4047,25.7677,5.0,,2008-11-06 20:43:23.860,3397.6726666666664
2008.11.04,12:05:43.50,36.19,23.35,68.0,,2008-11-04 12:05:43.500,6636.138833333333
2008.10.30,21:29:35.17,36.955,29.1022,11.4,,2008-10-30 21:29:35.170,33.6015
2008.10.30,20:55:59.08,40.0568,24.1975,14.6,,2008-10-30 20:55:59.080,4369.906333333333
2008.10.27,20:06:04.70,39.3983,25.8805,4.8,,2008-10-27 20:06:04.700,6923.280833333333
2008.10.23,00:42:47.85,37.7647,27.5337,5.0,,2008-10-23 00:42:47.850,1422.2005
2008.10.22,01:00:35.82,40.7423,29.1698,8.3,,2008-10-22 01:00:35.820,3039.7346666666663
2008.10.19,22:20:51.74,37.1065,30.3418,84.3,,2008-10-19 22:20:51.740,686.3921666666666
2008.10.19,10:54:28.21,39.1315,29.3925,7.2,,2008-10-19 10:54:28.210,1034.0895
2008.10.18,17:40:22.84,36.0142,29.5318,5.0,,2008-10-18 17:40:22.840,1359.34
2008.10.17,19:01:02.44,36.42,27.4835,19.3,,2008-10-17 19:01:02.440,13349.405
2008.10.08,12:31:38.14,36.973,29.1267,4.9,,2008-10-08 12:31:38.140,3312.0306666666665
2008.10.06,05:19:36.30,36.07,28.33,76.0,,2008-10-06 05:19:36.300,1395.5261666666668
2008.10.05,06:04:04.73,40.6307,29.0133,15.3,,2008-10-05 06:04:04.730,4811.398666666666
2008.10.01,21:52:40.81,37.0102,29.1083,5.0,,2008-10-01 21:52:40.810,1078.8951666666667
2008.10.01,03:53:47.10,37.02,29.11,20.0,,2008-10-01 03:53:47.100,1223.7711666666667
2008.09.30,07:30:00.83,38.9857,29.8647,5.4,,2008-09-30 07:30:00.830,2637.8056666666666
2008.09.28,11:32:12.49,36.6605,30.0755,62.6,,2008-09-28 11:32:12.490,5475.891833333333
2008.09.24,16:16:18.98,36.8067,28.1152,80.7,,2008-09-24 16:16:18.980,11394.706166666667
2008.09.16,18:21:36.61,36.2472,27.47,8.2,,2008-09-16 18:21:36.610,6908.897833333333
2008.09.11,23:12:42.74,39.7658,26.0303,9.0,,2008-09-11 23:12:42.740,11155.0835
2008.09.04,05:17:37.73,38.9047,26.003,13.2,,2008-09-04 05:17:37.730,2906.0038333333337
2008.09.02,04:51:37.50,36.98,26.47,27.0,,2008-09-02 04:51:37.500,3702.8126666666667
2008.08.30,15:08:48.74,37.887,26.6282,5.3,,2008-08-30 15:08:48.740,5037.286999999999
2008.08.27,03:11:31.52,36.2477,27.7073,68.6,,2008-08-27 03:11:31.520,658.1990000000001
2008.08.26,16:13:19.58,37.3255,26.9833,4.9,,2008-08-26 16:13:19.580,2236.0291666666667
2008.08.25,02:57:17.83,37.0143,29.1805,5.0,,2008-08-25 02:57:17.830,92.26350000000001
2008.08.25,01:25:02.02,38.2527,24.698,26.4,,2008-08-25 01:25:02.020,152.18366666666668
2008.08.24,22:52:51.00,37.06,29.19,5.0,,2008-08-24 22:52:51.000,1571.45
2008.08.23,20:41:24.00,38.54,24.04,20.0,,2008-08-23 20:41:24.000,8218.8475
2008.08.18,03:42:33.15,37.0537,29.1227,6.8,,2008-08-18 03:42:33.150,1212.0726666666667
2008.08.17,07:30:28.79,37.0348,29.1275,2.9,,2008-08-17 07:30:28.790,17.306500000000003
2008.08.17,07:13:10.40,37.0145,29.1607,10.5,,2008-08-17 07:13:10.400,6692.117499999999
2008.08.12,15:41:03.35,40.834,27.956,10.0,,2008-08-12 15:41:03.350,10621.442000000001
2008.08.05,06:39:36.83,39.5057,23.4303,32.6,,2008-08-05 06:39:36.830,2.1126666666666667
2008.08.05,06:37:30.07,39.3523,24.0418,5.0,,2008-08-05 06:37:30.070,502.3775
2008.08.04,22:15:07.42,39.3645,24.1973,6.2,,2008-08-04 22:15:07.420,1813.8441666666665
2008.08.03,16:01:16.77,37.1727,29.867,8.0,,2008-08-03 16:01:16.770,180.14116666666666
2008.08.03,13:01:08.30,37.38,23.48,21.0,,2008-08-03 13:01:08.300,13.928333333333335
2008.08.03,12:47:12.60,37.38,23.47,22.0,,2008-08-03 12:47:12.600,650.8183333333333
2008.08.03,01:56:23.50,39.58,23.86,27.0,,2008-08-03 01:56:23.500,33.76466666666667
2008.08.03,01:22:37.62,39.5127,24.532,21.2,,2008-08-03 01:22:37.620,29.796666666666667
2008.08.03,00:52:49.82,39.4762,23.7503,5.0,,2008-08-03 00:52:49.820,13.634333333333332
2008.08.03,00:39:11.76,39.6158,23.7055,5.0,5.3,2008-08-03 00:39:11.760,2441.414333333333
2008.08.01,07:57:46.90,38.8435,25.9632,5.4,,2008-08-01 07:57:46.900,1733.5388333333333
2008.07.31,03:04:14.57,38.844,25.9823,13.6,,2008-07-31 03:04:14.570,9.406166666666667
2008.07.31,02:54:50.20,38.8173,25.8943,5.3,,2008-07-31 02:54:50.200,2355.9285
2008.07.29,11:38:54.49,38.248,25.9145,6.9,,2008-07-29 11:38:54.490,4126.7665
2008.07.26,14:52:08.50,37.147,29.8263,6.0,,2008-07-26 14:52:08.500,8379.191666666668
2008.07.20,19:12:57.00,38.87,24.88,10.0,,2008-07-20 19:12:57.000,537.5238333333333
2008.07.20,10:15:25.57,38.7343,26.5443,10.0,,2008-07-20 10:15:25.570,5079.183333333333
2008.07.16,21:36:14.57,38.9397,27.7417,5.0,,2008-07-16 21:36:14.570,2176.4238333333333
2008.07.15,09:19:49.14,40.3702,27.4412,12.1,,2008-07-15 09:19:49.140,1037.6148333333333
2008.07.14,16:02:12.25,40.7408,27.3612,7.9,,2008-07-14 16:02:12.250,958.6975
2008.07.14,00:03:30.40,36.2,23.25,24.0,,2008-07-14 00:03:30.400,3471.6673333333333
2008.07.11,14:11:50.36,37.0478,29.1447,6.5,,2008-07-11 14:11:50.360,1105.1716666666666
2008.07.10,19:46:40.06,36.957,29.1887,5.5,,2008-07-10 19:46:40.060,716.769
2008.07.10,07:49:53.92,40.0073,27.7137,13.6,,2008-07-10 07:49:53.920,1615.0986666666665
2008.07.09,04:54:48.00,40.4332,28.7188,6.4,,2008-07-09 04:54:48.000,3716.246
2008.07.06,14:58:33.24,37.0477,29.1747,5.7,,2008-07-06 14:58:33.240,808.6758333333333
2008.07.06,01:29:52.69,37.0707,29.1605,5.0,,2008-07-06 01:29:52.690,3352.8558333333335
2008.07.03,17:37:01.34,37.0398,29.146,5.0,,2008-07-03 17:37:01.340,593.0673333333333
2008.07.03,07:43:57.30,36.69,26.56,124.0,,2008-07-03 07:43:57.300,5715.937333333333
2008.06.29,08:28:01.06,40.4132,28.9998,6.8,,2008-06-29 08:28:01.060,450.399
2008.06.29,00:57:37.12,37.0233,29.1797,7.9,,2008-06-29 00:57:37.120,3113.7748333333334
2008.06.26,21:03:50.63,37.0258,29.1523,7.9,,2008-06-26 21:03:50.630,5795.833
2008.06.22,20:28:00.65,37.5837,26.7878,5.0,,2008-06-22 20:28:00.650,1053.879
2008.06.22,02:54:07.91,39.2277,25.5352,10.1,,2008-06-22 02:54:07.910,7864.731833333333
2008.06.16,15:49:24.00,39.56,28.61,9.0,,2008-06-16 15:49:24.000,10257.583333333334
2008.06.09,12:51:49.00,40.45,23.64,10.0,,2008-06-09 12:51:49.000,2642.936166666667
2008.06.07,16:48:52.83,36.9607,29.1878,5.0,,2008-06-07 16:48:52.830,23.451166666666666
2008.06.07,16:25:25.76,36.957,29.2055,5.0,,2008-06-07 16:25:25.760,1043.776
2008.06.06,23:01:39.20,38.1,23.62,24.0,,2008-06-06 23:01:39.200,1498.5406666666668
2008.06.05,22:03:06.76,36.9867,29.1925,6.9,,2008-06-05 22:03:06.760,1442.0113333333331
2008.06.04,22:01:06.08,39.7762,25.63,5.0,,2008-06-04 22:01:06.080,419.0826666666666
2008.06.04,15:02:01.12,38.2167,26.675,5.0,,2008-06-04 15:02:01.120,968.4986666666666
2008.06.03,22:53:31.20,40.1613,26.9085,7.4,,2008-06-03 22:53:31.200,954.1525
2008.06.03,06:59:22.05,40.1632,26.9182,9.7,,2008-06-03 06:59:22.050,3083.9708333333333
2008.06.01,03:35:23.80,40.18,26.92,10.0,4.0,2008-06-01 03:35:23.800,1777.9826666666668
2008.05.30,21:57:24.84,36.9665,29.2368,11.6,,2008-05-30 21:57:24.840,983.0713333333333
2008.05.30,05:34:20.56,36.9765,29.2135,5.0,,2008-05-30 05:34:20.560,880.135
2008.05.29,14:54:12.46,39.7725,25.6583,5.0,,2008-05-29 14:54:12.460,978.3973333333332
2008.05.28,22:35:48.62,36.965,29.194,5.0,,2008-05-28 22:35:48.620,2414.0570000000002
2008.05.27,06:21:45.20,36.93,27.49,10.0,,2008-05-27 06:21:45.200,10101.640000000001
2008.05.20,06:00:06.80,36.19,27.5,20.0,,2008-05-20 06:00:06.800,288.97166666666664
2008.05.20,01:11:08.50,36.4593,27.5822,22.1,,2008-05-20 01:11:08.500,892.875
2008.05.19,10:18:16.00,40.5,27.8,10.0,,2008-05-19 10:18:16.000,1836.4188333333334
2008.05.18,03:41:50.87,36.991,29.1983,5.0,,2008-05-18 03:41:50.870,7950.424666666667
2008.05.12,15:11:25.39,40.6347,27.3735,22.2,,2008-05-12 15:11:25.390,9743.445666666667
2008.05.05,20:47:58.65,37.6772,26.744,8.9,,2008-05-05 20:47:58.650,3219.5281666666665
2008.05.03,15:08:26.96,36.8688,27.5067,7.2,,2008-05-03 15:08:26.960,2553.9586666666664
2008.05.01,20:34:29.44,36.9888,29.2108,2.8,,2008-05-01 20:34:29.440,2984.899
2008.04.29,18:49:35.50,36.9957,29.1945,8.8,,2008-04-29 18:49:35.500,1012.505
2008.04.29,01:57:05.20,40.3168,25.4025,9.3,,2008-04-29 01:57:05.200,2292.613166666667
2008.04.27,11:44:28.41,40.1585,26.9157,9.4,,2008-04-27 11:44:28.410,925.0751666666667
2008.04.26,20:19:23.90,39.79,25.62,2.0,,2008-04-26 20:19:23.900,2370.4846666666663
2008.04.25,04:48:54.82,37.8152,29.2462,5.0,,2008-04-25 04:48:54.820,4296.922666666666
2008.04.22,05:11:59.46,38.1313,26.7728,6.1,,2008-04-22 05:11:59.460,3170.820833333333
2008.04.20,00:21:10.21,36.9603,29.2107,5.0,,2008-04-20 00:21:10.210,971.8521666666667
2008.04.19,08:09:19.08,36.1975,28.6263,10.3,,2008-04-19 08:09:19.080,1100.2523333333334
2008.04.18,13:49:03.94,37.9578,26.9643,7.9,,2008-04-18 13:49:03.940,2780.8633333333332
2008.04.16,15:28:12.14,36.9772,29.1943,5.0,,2008-04-16 15:28:12.140,1991.3263333333334
2008.04.15,06:16:52.56,37.619,26.7718,5.0,,2008-04-15 06:16:52.560,1398.0978333333333
2008.04.14,06:58:46.69,40.7078,25.6235,9.3,,2008-04-14 06:58:46.690,1594.6585
2008.04.13,04:24:07.18,36.9823,29.1943,5.0,,2008-04-13 04:24:07.180,1498.779
2008.04.12,03:25:20.44,40.3818,27.4163,10.1,,2008-04-12 03:25:20.440,1163.7441666666666
2008.04.11,08:01:35.79,37.6558,26.7568,5.0,,2008-04-11 08:01:35.790,535.7428333333334
2008.04.10,23:05:51.22,36.1412,25.4427,6.6,,2008-04-10 23:05:51.220,590.9048333333334
2008.04.10,13:14:56.93,37.0982,27.5577,2.8,,2008-04-10 13:14:56.930,486.4255
2008.04.10,05:08:31.40,39.84,25.6,13.0,,2008-04-10 05:08:31.400,15290.539833333334
2008.03.30,14:17:59.01,39.5563,26.2682,5.0,,2008-03-30 14:17:59.010,5341.735
2008.03.26,21:16:14.91,37.0377,30.2653,95.8,,2008-03-26 21:16:14.910,4901.808
2008.03.23,11:34:26.43,36.9797,29.1593,5.0,,2008-03-23 11:34:26.430,5072.475333333334
2008.03.19,23:01:57.91,38.9537,24.8728,9.6,,2008-03-19 23:01:57.910,6429.753
2008.03.15,11:52:12.73,39.0505,27.8315,13.4,,2008-03-15 11:52:12.730,1580.287
2008.03.14,09:31:55.51,36.9688,26.373,2.8,,2008-03-14 09:31:55.510,2318.4033333333336
2008.03.12,18:53:31.31,40.6162,29.0072,10.0,,2008-03-12 18:53:31.310,10238.901833333333
2008.03.05,16:14:37.20,36.0575,27.3177,5.0,,2008-03-05 16:14:37.200,3.0761666666666665
2008.03.05,16:11:32.63,36.0867,27.2457,11.2,,2008-03-05 16:11:32.630,659.8263333333333
2008.03.05,05:11:43.05,39.128,26.1907,2.5,,2008-03-05 05:11:43.050,5650.574166666667
2008.03.01,07:01:08.60,37.89,26.75,12.0,,2008-03-01 07:01:08.600,679.1301666666666
2008.02.29,19:42:00.79,39.537,25.9368,10.9,,2008-02-29 19:42:00.790,22298.17033333333
2008.02.14,08:03:50.57,39.5333,25.9718,5.4,,2008-02-14 08:03:50.570,1742.4371666666666
2008.02.13,03:01:24.34,36.9462,29.2593,2.1,,2008-02-13 03:01:24.340,16742.315333333336
2008.02.01,11:59:05.42,36.5448,27.1985,5.0,,2008-02-01 11:59:05.420,710.7126666666667
2008.02.01,00:08:22.66,39.5088,26.012,5.0,,2008-02-01 00:08:22.660,3411.531
2008.01.29,15:16:50.80,37.58,23.47,20.0,,2008-01-29 15:16:50.800,293.13100000000003
2008.01.29,10:23:42.94,36.1127,27.3913,5.0,,2008-01-29 10:23:42.940,6381.879333333333
2008.01.25,00:01:50.18,38.7043,25.8362,9.1,,2008-01-25 00:01:50.180,2220.3766666666666
2008.01.23,11:01:27.58,40.7108,25.6082,5.0,,2008-01-23 11:01:27.580,1325.7758333333334
2008.01.22,12:55:41.03,39.5298,25.9223,8.1,,2008-01-22 12:55:41.030,1098.9173333333333
2008.01.21,18:36:45.99,37.0032,29.0687,5.0,,2008-01-21 18:36:45.990,6357.554833333333
2008.01.17,08:39:12.70,36.39,29.1,49.0,,2008-01-17 08:39:12.700,2934.7915
2008.01.15,07:44:25.21,38.9143,26.0565,8.6,,2008-01-15 07:44:25.210,1278.8961666666667
2008.01.14,10:25:31.44,37.8738,27.5597,5.5,,2008-01-14 10:25:31.440,459.24583333333334
2008.01.14,02:46:16.69,38.841,25.9502,4.9,,2008-01-14 02:46:16.690,330.78416666666664
2008.01.13,21:15:29.64,38.9062,25.9665,9.5,,2008-01-13 21:15:29.640,1678.0226666666667
2008.01.12,17:17:28.28,38.942,26.001,8.9,,2008-01-12 17:17:28.280,130.73883333333333
2008.01.12,15:06:43.95,38.8902,26.0143,12.0,,2008-01-12 15:06:43.950,6.1241666666666665
2008.01.12,15:00:36.50,38.9332,26.082,11.5,,2008-01-12 15:00:36.500,2708.1461666666664
2008.01.10,17:52:27.73,37.9427,28.7658,5.0,,2008-01-10 17:52:27.730,2994.8406666666665
2008.01.08,15:57:37.29,36.9935,29.2205,4.0,,2008-01-08 15:57:37.290,3423.7636666666667
2008.01.06,06:53:51.47,38.9943,25.6308,11.4,,2008-01-06 06:53:51.470,23.50433333333333
2008.01.06,06:30:21.21,38.961,25.6893,11.7,,2008-01-06 06:30:21.210,1519.3485
2008.01.05,05:11:00.30,38.61,26.95,12.0,,2008-01-05 05:11:00.300,6870.88
2007.12.31,10:40:07.50,38.35,25.85,10.0,,2007-12-31 10:40:07.500,3685.9016666666666
2007.12.28,21:14:13.40,39.53,25.94,8.0,,2007-12-28 21:14:13.400,639.3615000000001
2007.12.28,10:34:51.71,36.8663,29.0985,8.9,,2007-12-28 10:34:51.710,11651.295
2007.12.20,08:23:34.01,36.5675,29.3025,12.3,,2007-12-20 08:23:34.010,2791.987333333333
2007.12.18,09:51:34.77,39.4183,26.2705,11.6,,2007-12-18 09:51:34.770,3001.2304999999997
2007.12.16,07:50:20.94,36.9462,29.2638,14.2,,2007-12-16 07:50:20.940,255.11933333333334
2007.12.16,03:35:13.78,39.4065,26.2743,11.3,,2007-12-16 03:35:13.780,6789.183
2007.12.11,10:26:02.80,38.736,26.118,13.8,,2007-12-11 10:26:02.800,755.94
2007.12.10,21:50:06.40,38.7728,27.7105,14.2,,2007-12-10 21:50:06.400,1520.3328333333334
2007.12.09,20:29:46.43,37.0512,29.2327,5.6,,2007-12-09 20:29:46.430,1029.611
2007.12.09,03:20:09.77,40.3633,27.4172,15.0,,2007-12-09 03:20:09.770,1362.9328333333333
2007.12.08,04:37:13.80,36.9413,29.2383,8.7,,2007-12-08 04:37:13.800,939.7783333333333
2007.12.07,12:57:27.10,36.4,27.88,79.0,3.5,2007-12-07 12:57:27.100,156.57133333333334
2007.12.07,10:20:52.82,37.8363,29.4822,8.3,,2007-12-07 10:20:52.820,5408.373166666667
2007.12.03,16:12:30.43,36.9983,29.227,5.0,,2007-12-03 16:12:30.430,1190.6746666666666
2007.12.02,20:21:49.95,37.0687,29.2175,6.7,,2007-12-02 20:21:49.950,4392.015833333334
2007.11.29,19:09:49.00,37.19,25.44,10.0,,2007-11-29 19:09:49.000,6552.0425
2007.11.25,05:57:46.45,37.1942,28.897,7.9,,2007-11-25 05:57:46.450,7398.8234999999995
2007.11.20,02:38:57.04,38.813,25.687,5.3,,2007-11-20 02:38:57.040,2390.5559999999996
2007.11.18,10:48:23.68,38.9567,29.8345,5.4,,2007-11-18 10:48:23.680,2641.3061666666667
2007.11.16,14:47:05.31,37.1035,29.2457,5.0,,2007-11-16 14:47:05.310,156.78733333333332
2007.11.16,12:10:18.07,37.058,29.264,7.0,,2007-11-16 12:10:18.070,181.92383333333333
2007.11.16,09:08:22.64,37.023,29.2637,5.0,,2007-11-16 09:08:22.640,8.836666666666668
2007.11.16,08:59:32.44,37.0793,29.2612,3.2,,2007-11-16 08:59:32.440,572.7639999999999
2007.11.15,23:26:46.60,36.4185,29.5325,28.1,,2007-11-15 23:26:46.600,1667.488
2007.11.14,19:39:17.32,36.9788,29.3128,3.0,,2007-11-14 19:39:17.320,247.95733333333334
2007.11.14,15:31:19.88,38.8897,26.809,7.7,,2007-11-14 15:31:19.880,370.1323333333333
2007.11.14,09:21:11.94,37.0117,29.3057,6.2,,2007-11-14 09:21:11.940,747.5323333333333
2007.11.13,20:53:40.00,36.0732,25.98,35.6,,2007-11-13 20:53:40.000,1368.0361666666665
2007.11.12,22:05:37.83,38.6947,25.4215,14.2,,2007-11-12 22:05:37.830,54.103833333333334
2007.11.12,21:11:31.60,38.73,25.36,15.0,,2007-11-12 21:11:31.600,369.3618333333333
2007.11.12,15:02:09.89,37.011,29.2273,3.9,,2007-11-12 15:02:09.890,1132.4498333333333
2007.11.11,20:09:42.90,38.73,25.44,7.0,,2007-11-11 20:09:42.900,1006.2316666666667
2007.11.11,03:23:29.00,38.29,26.46,7.0,,2007-11-11 03:23:29.000,955.0566666666667
2007.11.10,11:28:25.60,38.7165,25.394,17.8,,2007-11-10 11:28:25.600,1080.4416666666666
2007.11.09,17:27:59.10,38.7467,25.6203,7.8,,2007-11-09 17:27:59.100,267.3145
2007.11.09,13:00:40.23,38.7033,25.579,9.8,,2007-11-09 13:00:40.230,348.7713333333333
2007.11.09,07:11:53.95,38.8037,25.6585,9.3,,2007-11-09 07:11:53.950,4.289
2007.11.09,07:07:36.61,38.8078,25.7543,9.6,,2007-11-09 07:07:36.610,324.559
2007.11.09,01:43:03.07,38.8235,25.6987,11.0,,2007-11-09 01:43:03.070,1248.2845000000002
2007.11.08,04:54:46.00,38.2677,26.4928,10.6,,2007-11-08 04:54:46.000,79.32199999999999
2007.11.08,03:35:26.68,38.2548,26.4955,5.8,,2007-11-08 03:35:26.680,244.101
2007.11.07,23:31:20.62,38.1785,26.725,5.0,,2007-11-07 23:31:20.620,114.69533333333334
2007.11.07,21:36:38.90,38.2232,26.4887,4.7,,2007-11-07 21:36:38.900,7873.787666666667
2007.11.02,10:22:51.64,36.972,29.2402,5.4,,2007-11-02 10:22:51.640,378.44300000000004
2007.11.02,04:04:25.06,36.1097,28.9082,10.6,,2007-11-02 04:04:25.060,1137.8625
2007.11.01,09:06:33.31,38.8277,24.8108,11.4,,2007-11-01 09:06:33.310,21.1525
2007.11.01,08:45:24.16,39.0053,29.7458,5.3,,2007-11-01 08:45:24.160,887.391
2007.10.31,17:58:00.70,36.9808,29.2805,5.0,4.4,2007-10-31 17:58:00.700,835.6716666666667
2007.10.31,04:02:20.40,38.2277,28.8143,12.2,,2007-10-31 04:02:20.400,1940.6758333333335
2007.10.29,19:41:39.85,36.9692,29.2433,5.0,4.3,2007-10-29 19:41:39.850,618.4251666666667
2007.10.29,09:23:14.34,37.0107,29.2458,5.0,4.9,2007-10-29 09:23:14.340,887.1945
2007.10.28,18:36:02.67,37.8637,29.6025,15.6,,2007-10-28 18:36:02.670,5133.998333333334
2007.10.25,05:02:02.77,39.3365,27.7332,7.9,,2007-10-25 05:02:02.770,5386.633333333333
2007.10.21,11:15:24.77,40.3793,25.8718,5.5,,2007-10-21 11:15:24.770,10.994666666666665
2007.10.21,11:04:25.09,40.3855,25.8313,10.3,,2007-10-21 11:04:25.090,3399.9783333333335
2007.10.19,02:24:26.39,39.0468,27.7617,12.9,,2007-10-19 02:24:26.390,214.81066666666666
2007.10.18,22:49:37.75,39.6428,25.4795,2.2,,2007-10-18 22:49:37.750,8983.606833333333
2007.10.12,17:06:01.34,36.3502,27.9527,67.1,,2007-10-12 17:06:01.340,1745.4540000000002
2007.10.11,12:00:34.10,38.9,24.47,26.0,,2007-10-11 12:00:34.100,872.7104999999999
2007.10.10,21:27:51.47,36.8188,28.0427,80.2,,2007-10-10 21:27:51.470,7455.416
2007.10.05,17:12:26.51,39.0853,29.0557,5.4,,2007-10-05 17:12:26.510,6180.7885
2007.10.01,10:11:39.20,38.88,24.48,8.0,,2007-10-01 10:11:39.200,910.8756666666667
2007.09.30,19:00:46.66,38.9275,24.288,5.0,,2007-09-30 19:00:46.660,139.80200000000002
2007.09.30,16:40:58.54,39.7633,27.779,6.8,,2007-09-30 16:40:58.540,1085.8191666666667
2007.09.29,22:35:09.39,39.7577,27.7553,8.2,,2007-09-29 22:35:09.390,198.22683333333333
2007.09.29,19:16:55.78,39.7458,27.753,7.7,,2007-09-29 19:16:55.780,22.843
2007.09.29,18:54:05.20,39.7567,27.74,6.9,,2007-09-29 18:54:05.200,5835.9385
2007.09.25,17:38:08.89,39.7662,27.7708,6.8,,2007-09-25 17:38:08.890,2897.1635
2007.09.23,17:20:59.08,36.9028,27.4852,5.4,,2007-09-23 17:20:59.080,15.490666666666668
2007.09.23,17:05:29.64,36.9215,27.477,3.3,,2007-09-23 17:05:29.640,4966.629666666667
2007.09.20,06:18:51.86,39.2252,29.4192,5.3,,2007-09-20 06:18:51.860,1520.1686666666667
2007.09.19,04:58:41.74,38.7407,25.0615,5.5,,2007-09-19 04:58:41.740,12410.601333333332
2007.09.10,14:08:05.66,36.0548,25.64,54.8,,2007-09-10 14:08:05.660,1945.0491666666667
2007.09.09,05:43:02.71,38.7637,26.2515,14.8,,2007-09-09 05:43:02.710,28.0975
2007.09.09,05:14:56.86,38.8277,26.3972,10.5,,2007-09-09 05:14:56.860,2064.006
2007.09.07,18:50:56.50,37.5848,29.907,3.7,,2007-09-07 18:50:56.500,6433.066666666667
2007.09.03,07:37:52.50,37.4,26.74,6.0,,2007-09-03 07:37:52.500,3469.275833333333
2007.08.31,21:48:35.95,36.9138,26.1268,6.0,,2007-08-31 21:48:35.950,55.852833333333336
2007.08.31,20:52:44.78,36.8898,26.2773,44.0,,2007-08-31 20:52:44.780,4084.6163333333334
2007.08.29,00:48:07.80,36.65,26.67,19.0,,2007-08-29 00:48:07.800,723.3083333333333
2007.08.28,12:44:49.30,40.3628,25.8592,10.2,,2007-08-28 12:44:49.300,3719.2336666666665
2007.08.25,22:45:35.28,37.6755,29.2982,3.0,,2007-08-25 22:45:35.280,1765.0125
2007.08.24,17:20:34.53,39.845,28.6948,6.6,,2007-08-24 17:20:34.530,9222.987666666666
2007.08.18,07:37:35.27,40.6363,27.2482,12.5,,2007-08-18 07:37:35.270,582.0161666666667
2007.08.17,21:55:34.30,38.68,25.23,39.0,,2007-08-17 21:55:34.300,9330.871000000001
2007.08.11,10:24:42.04,39.3287,25.2615,6.3,,2007-08-11 10:24:42.040,13881.565166666667
2007.08.01,19:03:08.13,40.7868,30.0902,5.2,,2007-08-01 19:03:08.130,75.0505
2007.08.01,17:48:05.10,36.3848,27.4095,6.5,,2007-08-01 17:48:05.100,4278.258833333333
2007.07.29,18:29:49.57,38.892,27.7405,8.7,,2007-07-29 18:29:49.570,766.8111666666666
2007.07.29,05:43:00.90,38.872,27.7413,10.5,,2007-07-29 05:43:00.900,7620.833166666666
2007.07.23,22:42:10.91,38.8007,26.714,12.5,,2007-07-23 22:42:10.910,8390.3575
2007.07.18,02:51:49.46,39.3368,29.3347,7.1,,2007-07-18 02:51:49.460,2813.9888333333333
2007.07.16,03:57:50.13,38.6293,25.3947,26.8,,2007-07-16 03:57:50.130,9.097166666666668
2007.07.16,03:48:44.30,38.7302,25.6523,5.4,,2007-07-16 03:48:44.300,49.32266666666667
2007.07.16,02:59:24.94,38.7767,25.6633,10.2,,2007-07-16 02:59:24.940,7001.3966666666665
2007.07.11,06:18:01.14,36.283,29.4337,18.0,,2007-07-11 06:18:01.140,2432.4288333333334
2007.07.09,13:45:35.41,36.2243,27.6498,32.1,,2007-07-09 13:45:35.410,19619.169833333333
2007.06.25,22:46:25.22,37.8587,29.2923,5.0,,2007-06-25 22:46:25.220,1112.7353333333333
2007.06.25,04:13:41.10,40.86,23.85,11.0,,2007-06-25 04:13:41.100,7714.884999999999
2007.06.19,19:38:48.00,36.73,27.35,23.0,,2007-06-19 19:38:48.000,6355.2685
2007.06.15,09:43:31.89,37.7752,27.448,3.2,,2007-06-15 09:43:31.890,103.36
2007.06.15,08:00:10.29,37.7648,27.4163,4.6,,2007-06-15 08:00:10.290,3290.891
2007.06.13,01:09:16.83,38.8573,26.2253,11.0,,2007-06-13 01:09:16.830,716.2955000000001
2007.06.12,13:12:59.10,38.9,26.39,10.0,,2007-06-12 13:12:59.100,3.475
2007.06.12,13:09:30.60,38.8817,26.3618,8.7,,2007-06-12 13:09:30.600,3174.351666666667
2007.06.10,08:15:09.50,38.86,26.31,17.0,,2007-06-10 08:15:09.500,7038.1033333333335
2007.06.05,10:57:03.30,36.27,26.51,96.0,,2007-06-05 10:57:03.300,209.20466666666667
2007.06.05,07:27:51.02,38.7142,26.0102,8.4,,2007-06-05 07:27:51.020,1905.0986666666665
2007.06.03,23:42:45.10,37.864,27.008,7.2,,2007-06-03 23:42:45.100,7855.449166666667
2007.05.29,12:47:18.15,37.9263,29.0738,5.4,,2007-05-29 12:47:18.150,1955.8608333333332
2007.05.28,04:11:26.50,39.337,25.5385,5.4,,2007-05-28 04:11:26.500,9880.560166666666
2007.05.21,07:30:52.89,36.7577,27.617,5.6,,2007-05-21 07:30:52.890,13606.140166666668
2007.05.11,20:44:44.48,39.7807,24.9717,5.0,,2007-05-11 20:44:44.480,3237.4669999999996
2007.05.09,14:47:16.46,38.7532,25.2088,32.1,,2007-05-09 14:47:16.460,322.8036666666667
2007.05.09,09:24:28.24,36.4202,28.747,9.3,,2007-05-09 09:24:28.240,6833.002333333334
2007.05.04,15:31:28.10,37.16,23.05,21.0,,2007-05-04 15:31:28.100,2030.225
2007.05.03,05:41:14.60,40.24,25.12,24.0,,2007-05-03 05:41:14.600,2789.3538333333336
2007.05.01,07:11:53.37,38.8877,27.9507,4.9,,2007-05-01 07:11:53.370,7514.924666666667
2007.04.26,01:56:57.89,37.7997,28.137,3.8,,2007-04-26 01:56:57.890,4116.959333333333
2007.04.23,05:20:00.33,38.2693,26.6117,4.5,,2007-04-23 05:20:00.330,5464.2555
2007.04.19,10:15:45.00,39.7,24.29,26.0,,2007-04-19 10:15:45.000,5657.046666666666
2007.04.15,11:58:42.20,39.19,24.27,5.0,,2007-04-15 11:58:42.200,6308.546833333333
2007.04.11,02:50:09.39,38.8175,24.2513,8.2,,2007-04-11 02:50:09.390,1414.2798333333333
2007.04.10,03:15:52.60,41.1585,25.6327,5.0,,2007-04-10 03:15:52.600,2835.05
2007.04.08,04:00:49.60,37.9,26.96,1.0,,2007-04-08 04:00:49.600,8121.895
2007.04.02,12:38:55.90,36.6,28.55,4.0,,2007-04-02 12:38:55.900,11781.398500000001
2007.03.25,08:17:31.99,38.8582,26.1895,16.7,,2007-03-25 08:17:31.990,1207.0240000000001
2007.03.24,12:10:30.55,38.915,26.2615,15.1,,2007-03-24 12:10:30.550,5351.159166666666
2007.03.20,18:59:21.00,38.9,24.14,10.0,,2007-03-20 18:59:21.000,4002.8945000000003
2007.03.18,00:16:27.33,36.245,29.8145,63.9,,2007-03-18 00:16:27.330,3574.726333333333
2007.03.15,12:41:43.75,39.085,24.2815,34.5,,2007-03-15 12:41:43.750,3354.4066666666668
2007.03.13,04:47:19.35,39.5213,26.2187,11.1,,2007-03-13 04:47:19.350,5223.3565
2007.03.09,13:43:57.96,40.4137,26.272,10.8,,2007-03-09 13:43:57.960,4929.244333333333
2007.03.06,03:34:43.30,37.22,28.5,5.0,,2007-03-06 03:34:43.300,1076.1108333333334
2007.03.05,09:38:36.65,39.7557,24.1832,14.5,,2007-03-05 09:38:36.650,1044.0763333333334
2007.03.04,16:14:32.07,40.0077,25.2748,11.0,,2007-03-04 16:14:32.070,5368.658333333334
2007.02.28,22:45:52.57,39.1215,25.5228,10.9,,2007-02-28 22:45:52.570,19889.97783333333
2007.02.15,03:15:53.90,36.08,28.0,86.0,,2007-02-15 03:15:53.900,11390.656666666668
2007.02.07,05:25:14.50,36.55,29.94,52.0,,2007-02-07 05:25:14.500,168.6545
2007.02.07,02:36:35.23,37.2238,30.3472,80.8,,2007-02-07 02:36:35.230,3025.9486666666667
2007.02.05,00:10:38.31,38.8073,25.3407,25.8,,2007-02-05 00:10:38.310,5816.8635
2007.01.31,23:13:46.50,36.94,27.71,26.0,,2007-01-31 23:13:46.500,4657.699
2007.01.28,17:36:04.56,38.6797,25.2183,27.5,,2007-01-28 17:36:04.560,675.0345
2007.01.28,06:21:02.49,38.1105,28.7688,3.5,,2007-01-28 06:21:02.490,2616.1846666666665
2007.01.26,10:44:51.41,39.6142,23.9873,18.2,,2007-01-26 10:44:51.410,1338.0451666666668
2007.01.25,12:26:48.70,38.0895,28.776,5.9,,2007-01-25 12:26:48.700,1917.4235
2007.01.24,04:29:23.29,38.6597,24.9092,43.0,,2007-01-24 04:29:23.290,427.438
2007.01.23,21:21:57.01,38.1212,28.751,3.6,,2007-01-23 21:21:57.010,10391.155499999999
2007.01.16,16:10:47.68,38.8013,25.3433,4.8,,2007-01-16 16:10:47.680,10852.5005
2007.01.09,03:18:17.65,39.497,25.773,8.3,,2007-01-09 03:18:17.650,1322.6411666666668
2007.01.08,05:15:39.18,39.5785,25.7612,7.7,,2007-01-08 05:15:39.180,8.249333333333333
2007.01.08,05:07:24.22,39.5227,25.7868,13.4,,2007-01-08 05:07:24.220,82.66383333333333
2007.01.08,03:44:44.39,39.5547,25.8235,6.1,,2007-01-08 03:44:44.390,9.073166666666667
2007.01.08,03:35:40.00,39.44,25.4,5.0,,2007-01-08 03:35:40.000,25024.792666666668
2006.12.21,18:30:52.44,39.3645,23.4977,20.7,5.1,2006-12-21 18:30:52.440,2835.2573333333335
2006.12.19,19:15:37.00,40.4,28.31,11.0,4.2,2006-12-19 19:15:37.000,2406.398333333333
2006.12.18,03:09:13.10,36.92,30.35,5.0,,2006-12-18 03:09:13.100,1446.328
2006.12.17,03:02:53.42,37.875,27.0095,4.0,,2006-12-17 03:02:53.420,7032.161999999999
2006.12.12,05:50:43.70,38.62,23.31,20.0,,2006-12-12 05:50:43.700,29856.513833333334
2006.11.21,12:14:12.87,37.97,26.6755,10.6,,2006-11-21 12:14:12.870,4689.209666666667
2006.11.18,06:05:00.29,39.9308,25.6102,17.8,,2006-11-18 06:05:00.290,26670.358666666667
2006.10.30,17:34:38.77,37.3883,26.7272,14.6,,2006-10-30 17:34:38.770,3006.205
2006.10.28,15:28:26.47,40.64,29.225,7.7,,2006-10-28 15:28:26.470,248.56933333333333
2006.10.28,11:19:52.31,37.8547,26.8055,18.6,,2006-10-28 11:19:52.310,4283.809333333334
2006.10.25,11:56:03.75,40.4455,29.0008,13.0,,2006-10-25 11:56:03.750,659.1383333333334
2006.10.25,00:56:55.45,40.3997,28.997,7.8,,2006-10-25 00:56:55.450,656.5758333333334
2006.10.24,14:00:20.90,40.4162,28.9878,12.5,,2006-10-24 14:00:20.900,1423.9788333333333
2006.10.23,14:16:22.17,38.8773,27.8527,13.8,,2006-10-23 14:16:22.170,1810.8376666666666
2006.10.22,08:05:31.91,37.1262,27.8877,24.6,,2006-10-22 08:05:31.910,2270.1286666666665
2006.10.20,18:15:24.19,40.2617,27.985,10.9,,2006-10-20 18:15:24.190,11522.867
2006.10.12,18:12:32.17,40.4237,28.3507,10.8,,2006-10-12 18:12:32.170,892.4245
2006.10.12,03:20:06.70,37.83,29.19,10.0,,2006-10-12 03:20:06.700,12471.113166666668
2006.10.03,11:28:59.91,36.9488,28.017,13.7,,2006-10-03 11:28:59.910,2551.700166666667
2006.10.01,16:57:17.90,39.37,27.88,26.0,,2006-10-01 16:57:17.900,29.211333333333336
2006.10.01,16:28:05.22,39.3568,27.8437,11.0,,2006-10-01 16:28:05.220,12295.130666666666
2006.09.23,03:32:57.38,36.8942,28.0238,69.7,3.5,2006-09-23 03:32:57.380,11675.192500000001
2006.09.15,00:57:45.83,38.6813,26.4433,27.0,,2006-09-15 00:57:45.830,8778.5855
2006.09.08,22:39:10.70,36.45,27.72,81.0,4.0,2006-09-08 22:39:10.700,298.245
2006.09.08,17:40:56.00,36.35,29.32,22.0,,2006-09-08 17:40:56.000,8167.758333333333
2006.09.03,01:33:10.50,36.81,27.23,117.0,,2006-09-03 01:33:10.500,2598.258333333333
2006.09.01,06:14:55.00,40.85,23.83,24.0,,2006-09-01 06:14:55.000,15347.661666666665
2006.08.21,14:27:15.30,39.4497,26.9297,15.7,,2006-08-21 14:27:15.300,6930.611666666667
2006.08.16,18:56:38.60,38.46,23.95,26.0,4.0,2006-08-16 18:56:38.600,3510.864666666667
2006.08.14,08:25:46.72,38.2368,26.9718,29.2,,2006-08-14 08:25:46.720,5603.973666666667
2006.08.10,11:01:48.30,36.34,27.08,25.0,,2006-08-10 11:01:48.300,1543.5083333333334
2006.08.09,09:18:17.80,37.04,27.94,5.0,,2006-08-09 09:18:17.800,696.1513333333334
2006.08.08,21:42:08.72,39.3093,26.7958,13.6,,2006-08-08 21:42:08.720,142.52483333333333
2006.08.08,19:19:37.23,37.8312,25.7065,19.5,,2006-08-08 19:19:37.230,23.2585
2006.08.08,18:56:21.72,36.9733,27.9725,18.2,,2006-08-08 18:56:21.720,10.558166666666667
2006.08.08,18:45:48.23,37.0608,27.9383,3.2,,2006-08-08 18:45:48.230,155.72483333333332
2006.08.08,16:10:04.74,38.7487,27.9202,14.9,,2006-08-08 16:10:04.740,4083.8301666666666
2006.08.05,20:06:14.93,36.0925,26.2808,10.7,,2006-08-05 20:06:14.930,4579.1956666666665
2006.08.02,15:47:03.19,40.3183,25.7967,12.8,,2006-08-02 15:47:03.190,2816.311333333333
2006.07.31,16:50:44.51,40.3722,25.9392,10.0,,2006-07-31 16:50:44.510,555.4445
2006.07.31,07:35:17.84,36.9155,27.8688,14.2,,2006-07-31 07:35:17.840,4645.7255000000005
2006.07.28,02:09:34.31,37.0737,30.0565,6.5,,2006-07-28 02:09:34.310,166.73966666666666
2006.07.27,23:22:49.93,37.0722,30.0385,5.0,,2006-07-27 23:22:49.930,838.5931666666667
2006.07.27,09:24:14.34,36.8008,27.4172,87.5,,2006-07-27 09:24:14.340,19357.366833333333
2006.07.13,22:46:52.33,38.7862,26.7523,24.8,,2006-07-13 22:46:52.330,1351.3756666666666
2006.07.13,00:15:29.79,38.8117,26.6988,17.2,,2006-07-13 00:15:29.790,571.7703333333334
2006.07.12,14:43:43.57,38.7522,26.5967,15.9,,2006-07-12 14:43:43.570,2.7943333333333333
2006.07.12,14:40:55.91,38.7612,26.6772,23.4,,2006-07-12 14:40:55.910,13481.3695
2006.07.03,05:59:33.74,39.1395,28.0583,11.3,,2006-07-03 05:59:33.740,1384.0641666666668
2006.07.02,06:55:29.89,36.0008,28.1765,14.3,,2006-07-02 06:55:29.890,978.6948333333333
2006.07.01,14:36:48.20,38.73,23.53,30.0,,2006-07-01 14:36:48.200,2792.9601666666663
2006.06.29,16:03:50.59,39.653,24.0597,33.2,,2006-06-29 16:03:50.590,2645.8948333333333
2006.06.27,19:57:56.90,37.1467,28.7887,5.0,,2006-06-27 19:57:56.900,7350.8305
2006.06.22,17:27:07.07,38.3978,26.7135,11.8,,2006-06-22 17:27:07.070,3980.2743333333333
2006.06.19,23:06:50.61,37.0855,30.0817,70.5,,2006-06-19 23:06:50.610,10979.767166666667
2006.06.12,08:07:04.58,38.1715,26.6412,8.3,,2006-06-12 08:07:04.580,10288.359333333334
2006.06.05,04:38:43.02,37.9207,28.6738,9.2,,2006-06-05 04:38:43.020,15.225333333333333
2006.06.05,04:23:29.50,37.94,28.68,7.0,,2006-06-05 04:23:29.500,33459.25
2006.05.12,22:44:14.50,37.0958,28.0597,6.4,,2006-05-12 22:44:14.500,11536.157333333333
2006.05.04,22:28:05.06,40.4175,25.9097,14.4,,2006-05-04 22:28:05.060,10442.7675
2006.04.27,16:25:19.01,38.1123,26.7315,3.9,,2006-04-27 16:25:19.010,3916.4036666666666
2006.04.24,23:08:54.79,39.3398,25.8705,9.5,,2006-04-24 23:08:54.790,1450.5456666666666
2006.04.23,22:58:22.05,38.8012,29.34,5.3,,2006-04-23 22:58:22.050,8496.797499999999
2006.04.18,01:21:34.20,37.01,28.28,3.0,,2006-04-18 01:21:34.200,104.68599999999999
2006.04.17,23:36:53.04,37.0275,28.3017,15.6,,2006-04-17 23:36:53.040,179.94483333333335
2006.04.17,20:36:56.35,37.0413,28.2017,23.8,,2006-04-17 20:36:56.350,5.0
2006.04.17,20:31:56.35,37.0413,28.2017,23.8,,2006-04-17 20:31:56.350,13.832166666666666
2006.04.17,20:18:06.42,37.0208,28.2558,12.7,,2006-04-17 20:18:06.420,68.07833333333333
2006.04.17,19:10:01.72,37.025,28.2782,9.4,,2006-04-17 19:10:01.720,120.10633333333334
2006.04.17,17:09:55.34,38.5317,30.3565,5.0,,2006-04-17 17:09:55.340,316.5905
2006.04.17,11:53:19.91,37.0112,28.309,9.2,,2006-04-17 11:53:19.910,5494.767166666667
2006.04.13,16:18:33.88,38.1932,26.5217,8.1,,2006-04-13 16:18:33.880,12626.685
2006.04.04,21:51:52.78,36.9752,27.749,17.5,,2006-04-04 21:51:52.780,10604.8695
2006.03.28,13:07:00.61,40.5637,28.1263,9.1,,2006-03-28 13:07:00.610,43.10433333333334
2006.03.28,12:23:54.35,36.0918,26.7697,22.0,,2006-03-28 12:23:54.350,10207.175166666666
2006.03.21,10:16:43.84,36.9348,27.7683,14.9,,2006-03-21 10:16:43.840,897.283
2006.03.20,19:19:26.86,36.2862,27.9068,30.1,,2006-03-20 19:19:26.860,8162.235833333334
2006.03.15,03:17:12.71,36.5443,28.2442,29.1,,2006-03-15 03:17:12.710,8638.8665
2006.03.09,03:18:20.72,37.868,26.6502,7.3,,2006-03-09 03:18:20.720,7663.835166666667
2006.03.03,19:34:30.61,38.1355,26.7357,8.1,,2006-03-03 19:34:30.610,363.8883333333333
2006.03.03,13:30:37.31,38.118,30.1968,5.0,,2006-03-03 13:30:37.310,6502.535833333333
2006.02.27,01:08:05.16,37.822,27.378,9.0,,2006-02-27 01:08:05.160,8257.507666666666
2006.02.21,07:30:34.70,39.12,24.25,4.0,,2006-02-21 07:30:34.700,310.43
2006.02.21,02:20:08.90,40.42,25.88,15.0,,2006-02-21 02:20:08.900,1624.3446666666666
2006.02.19,23:15:48.22,40.4917,25.763,8.0,,2006-02-19 23:15:48.220,10946.8105
2006.02.12,08:48:59.59,40.6182,27.6558,16.4,,2006-02-12 08:48:59.590,5663.850833333333
2006.02.08,10:25:08.54,38.1532,26.5755,8.8,,2006-02-08 10:25:08.540,300.71383333333335
2006.02.08,05:24:25.71,40.6988,30.3555,9.6,,2006-02-08 05:24:25.710,76.73816666666667
2006.02.08,04:07:41.42,40.7108,30.3648,8.7,,2006-02-08 04:07:41.420,9394.467666666667
2006.02.01,15:33:13.36,38.1143,30.2607,8.2,,2006-02-01 15:33:13.360,933.222
2006.02.01,00:00:00.04,38.808,26.6813,19.2,,2006-02-01 00:00:00.040,726.6836666666666
2006.01.31,11:53:19.02,38.9627,26.5575,17.0,,2006-01-31 11:53:19.020,5094.268666666667
2006.01.27,22:59:02.90,38.2952,27.215,13.0,,2006-01-27 22:59:02.900,2377.6145
2006.01.26,07:21:26.03,38.986,29.6338,6.9,,2006-01-26 07:21:26.030,4555.130666666667
2006.01.23,03:26:18.19,36.131,28.8568,15.9,,2006-01-23 03:26:18.190,501.93149999999997
2006.01.22,19:04:22.30,36.01,23.87,61.0,,2006-01-22 19:04:22.300,2476.0331666666666
2006.01.21,01:48:20.31,39.8747,26.8503,15.8,,2006-01-21 01:48:20.310,907.9696666666666
2006.01.20,10:40:22.13,36.9857,28.244,7.4,,2006-01-20 10:40:22.130,61.26716666666667
2006.01.20,09:39:06.10,36.97,28.3,11.0,,2006-01-20 09:39:06.100,9524.772666666666
2006.01.13,18:54:19.74,38.1547,26.7638,9.4,,2006-01-13 18:54:19.740,3379.485666666667
2006.01.11,10:34:50.60,36.19,23.39,54.0,,2006-01-11 10:34:50.600,4259.916666666667
2006.01.08,11:34:55.60,36.31,23.21,66.0,6.8,2006-01-08 11:34:55.600,4900.963166666666
2006.01.05,01:53:57.81,37.8373,26.0183,5.0,,2006-01-05 01:53:57.810,71.06099999999999
2006.01.05,00:42:54.15,37.5007,24.8667,22.5,,2006-01-05 00:42:54.150,1892.4581666666668
2006.01.03,17:10:26.66,37.6825,25.3367,31.9,,2006-01-03 17:10:26.660,8643.136833333334
2005.12.28,17:07:18.45,38.8343,26.727,14.2,,2005-12-28 17:07:18.450,831.5490000000001
2005.12.28,03:15:45.51,38.155,26.7135,5.4,,2005-12-28 03:15:45.510,5719.636833333334
2005.12.24,03:56:07.30,38.8,27.78,14.0,,2005-12-24 03:56:07.300,221.6616666666667
2005.12.24,00:14:27.60,39.0,23.27,26.0,,2005-12-24 00:14:27.600,1024.515
2005.12.23,07:09:56.70,38.28,23.18,75.0,,2005-12-23 07:09:56.700,13665.984666666665
2005.12.13,19:23:57.62,37.562,26.9723,19.3,,2005-12-13 19:23:57.620,3990.4956666666667
2005.12.11,00:53:27.88,39.0353,28.1553,10.5,,2005-12-11 00:53:27.880,1666.1805
2005.12.09,21:07:17.05,40.2873,27.3002,16.3,,2005-12-09 21:07:17.050,8330.031333333334
2005.12.04,02:17:15.17,38.1845,26.5407,13.8,,2005-12-04 02:17:15.170,2341.1335000000004
2005.12.02,11:16:07.16,39.3633,25.5827,17.8,,2005-12-02 11:16:07.160,23374.875833333335
2005.11.16,05:41:14.61,38.1178,26.5558,12.0,,2005-11-16 05:41:14.610,1429.734
2005.11.15,05:51:30.57,40.3248,25.1778,14.8,,2005-11-15 05:51:30.570,20.59
2005.11.15,05:30:55.17,40.2445,25.1475,11.2,,2005-11-15 05:30:55.170,5272.780833333333
2005.11.11,13:38:08.32,38.1295,26.6887,7.2,,2005-11-11 13:38:08.320,1048.2303333333334
2005.11.10,20:09:54.50,38.15,26.59,12.0,,2005-11-10 20:09:54.500,3039.524166666667
2005.11.08,17:30:23.05,38.1402,26.6128,6.7,,2005-11-08 17:30:23.050,816.6491666666666
2005.11.08,03:53:44.10,38.181,26.537,15.3,,2005-11-08 03:53:44.100,132.27983333333333
2005.11.08,01:41:27.31,38.1768,26.5837,9.3,,2005-11-08 01:41:27.310,2239.6968333333334
2005.11.06,12:21:45.50,37.04,30.43,43.0,,2005-11-06 12:21:45.500,1254.5466666666666
2005.11.05,15:27:12.70,38.17,26.58,12.0,,2005-11-05 15:27:12.700,1155.0651666666668
2005.11.04,20:12:08.79,40.679,27.303,13.0,,2005-11-04 20:12:08.790,812.8443333333333
2005.11.04,06:39:18.13,38.1192,26.686,10.6,,2005-11-04 06:39:18.130,49.17466666666667
2005.11.04,05:50:07.65,38.0657,26.7462,4.0,,2005-11-04 05:50:07.650,182.2525
2005.11.04,02:47:52.50,38.155,26.5765,5.4,,2005-11-04 02:47:52.500,5.027
2005.11.04,02:42:50.88,38.1582,26.518,9.8,,2005-11-04 02:42:50.880,514.5865
2005.11.03,18:08:15.69,38.1117,26.6053,6.4,,2005-11-03 18:08:15.690,128.13116666666667
2005.11.03,16:00:07.82,38.11,26.6097,20.8,,2005-11-03 16:00:07.820,622.3898333333333
2005.11.03,05:37:44.43,38.1203,26.607,16.0,,2005-11-03 05:37:44.430,124.20716666666667
2005.11.03,03:33:32.00,38.1017,26.631,3.1,,2005-11-03 03:33:32.000,84.99983333333333
2005.11.03,02:08:32.01,38.1218,26.6503,4.9,,2005-11-03 02:08:32.010,363.014
2005.11.02,20:05:31.17,38.544,25.1718,30.0,,2005-11-02 20:05:31.170,938.3351666666666
2005.11.02,04:27:11.06,38.173,26.5142,15.6,,2005-11-02 04:27:11.060,1364.692
2005.11.01,05:42:29.54,38.1217,26.6957,5.1,,2005-11-01 05:42:29.540,213.657
2005.11.01,02:08:50.12,38.1135,26.6283,4.0,,2005-11-01 02:08:50.120,1160.4936666666665
2005.10.31,06:48:20.50,38.11,26.59,6.0,,2005-10-31 06:48:20.500,81.70833333333333
2005.10.31,05:26:38.00,38.13,26.58,6.0,,2005-10-31 05:26:38.000,698.0923333333334
2005.10.30,17:48:32.46,38.0912,26.7182,10.5,,2005-10-30 17:48:32.460,730.8583333333333
2005.10.30,05:37:40.96,38.1517,26.7153,7.5,,2005-10-30 05:37:40.960,363.03700000000003
2005.10.29,23:34:38.74,38.0983,26.7368,8.5,,2005-10-29 23:34:38.740,225.16850000000002
2005.10.29,19:49:28.63,38.1335,26.6568,5.5,,2005-10-29 19:49:28.630,213.835
2005.10.29,16:15:38.53,38.2962,26.6837,12.3,,2005-10-29 16:15:38.530,86.95216666666667
2005.10.29,14:48:41.40,38.1,26.64,13.0,,2005-10-29 14:48:41.400,371.21066666666667
2005.10.29,08:37:28.76,36.4088,26.1152,26.1,,2005-10-29 08:37:28.760,639.974
2005.10.28,21:57:30.32,36.5758,25.7882,5.0,,2005-10-28 21:57:30.320,19.583166666666667
2005.10.28,21:37:55.33,36.4658,25.5303,5.0,,2005-10-28 21:37:55.330,107.92266666666666
2005.10.28,19:49:59.97,38.1438,26.7343,5.5,,2005-10-28 19:49:59.970,1172.537
2005.10.28,00:17:27.75,38.1643,26.65,11.0,,2005-10-28 00:17:27.750,49.289
2005.10.27,23:28:10.41,38.2293,26.4887,5.4,,2005-10-27 23:28:10.410,1780.0671666666667
2005.10.26,17:48:06.38,38.1093,26.5212,4.9,,2005-10-26 17:48:06.380,330.05766666666665
2005.10.26,12:18:02.92,38.15,26.6777,5.2,,2005-10-26 12:18:02.920,509.3616666666667
2005.10.26,03:48:41.22,38.0593,26.5053,5.0,,2005-10-26 03:48:41.220,497.08566666666667
2005.10.25,19:31:36.08,39.1325,27.9348,13.8,,2005-10-25 19:31:36.080,702.0843333333333
2005.10.25,07:49:31.02,38.1192,26.602,8.4,,2005-10-25 07:49:31.020,477.59316666666666
2005.10.24,23:51:55.43,38.1457,26.6672,5.0,,2005-10-24 23:51:55.430,156.31883333333332
2005.10.24,21:15:36.30,38.18,26.57,15.0,4.0,2005-10-24 21:15:36.300,241.7061666666667
2005.10.24,17:13:53.93,38.1057,26.578,5.0,,2005-10-24 17:13:53.930,10.66
2005.10.24,17:03:14.33,38.089,26.5827,5.0,,2005-10-24 17:03:14.330,7.609
2005.10.24,16:55:37.79,38.1437,26.585,5.0,,2005-10-24 16:55:37.790,1065.1031666666668
2005.10.23,23:10:31.60,38.1315,26.7053,5.4,,2005-10-23 23:10:31.600,490.9301666666667
2005.10.23,14:59:35.79,38.0775,26.5448,5.0,,2005-10-23 14:59:35.790,177.94750000000002
2005.10.23,12:01:38.94,38.1478,26.6085,9.9,,2005-10-23 12:01:38.940,1081.5226666666667
2005.10.22,18:00:07.58,38.1893,26.6055,5.2,,2005-10-22 18:00:07.580,144.71816666666666
2005.10.22,15:35:24.49,38.1765,26.6085,11.4,,2005-10-22 15:35:24.490,172.6843333333333
2005.10.22,12:42:43.43,38.186,26.6393,20.9,,2005-10-22 12:42:43.430,141.5865
2005.10.22,10:21:08.24,38.1595,26.5723,14.9,,2005-10-22 10:21:08.240,180.10366666666667
2005.10.22,07:21:02.02,38.1258,26.7723,9.4,,2005-10-22 07:21:02.020,886.4491666666667
2005.10.21,16:34:35.07,38.163,26.6245,9.5,,2005-10-21 16:34:35.070,101.34933333333333
2005.10.21,14:53:14.11,38.111,26.7772,6.5,,2005-10-21 14:53:14.110,124.72716666666666
2005.10.21,12:48:30.48,38.1385,26.6722,5.5,,2005-10-21 12:48:30.480,52.24966666666667
2005.10.21,11:56:15.50,38.224,26.6602,18.3,,2005-10-21 11:56:15.500,8.658333333333333
2005.10.21,11:47:36.00,38.13,26.52,13.0,,2005-10-21 11:47:36.000,81.09549999999999
2005.10.21,10:26:30.27,38.1472,26.7965,18.0,,2005-10-21 10:26:30.270,136.40966666666665
2005.10.21,08:10:05.69,38.1348,26.7018,8.8,,2005-10-21 08:10:05.690,78.1375
2005.10.21,06:51:57.44,38.1323,26.6202,19.5,,2005-10-21 06:51:57.440,59.4035
2005.10.21,05:52:33.23,38.1148,26.6833,6.3,,2005-10-21 05:52:33.230,27.404999999999998
2005.10.21,05:25:08.93,38.2113,26.6083,17.3,,2005-10-21 05:25:08.930,45.73133333333333
2005.10.21,04:39:25.05,38.1762,26.6957,18.2,,2005-10-21 04:39:25.050,16.9115
2005.10.21,04:22:30.36,38.1563,26.6995,14.5,,2005-10-21 04:22:30.360,85.95016666666668
2005.10.21,02:56:33.35,38.1382,26.7015,8.8,,2005-10-21 02:56:33.350,84.5285
2005.10.21,01:32:01.64,38.1528,26.6893,16.0,,2005-10-21 01:32:01.640,12.860333333333333
2005.10.21,01:19:10.02,38.1322,26.6145,5.4,,2005-10-21 01:19:10.020,31.032
2005.10.21,00:48:08.10,38.0978,26.7543,11.5,,2005-10-21 00:48:08.100,13.902
2005.10.21,00:34:13.98,38.1007,26.6377,5.9,,2005-10-21 00:34:13.980,16.71216666666667
2005.10.21,00:17:31.25,38.1108,26.675,7.9,,2005-10-21 00:17:31.250,14.495000000000001
2005.10.21,00:03:01.55,38.1028,26.7972,19.6,,2005-10-21 00:03:01.550,46.2125
2005.10.20,23:16:48.80,38.17,26.6,13.0,,2005-10-20 23:16:48.800,30.040833333333335
2005.10.20,22:46:46.35,38.1748,26.6312,16.0,,2005-10-20 22:46:46.350,12.780833333333334
2005.10.20,22:33:59.50,38.107,26.7538,9.4,,2005-10-20 22:33:59.500,6.6466666666666665
2005.10.20,22:27:20.70,38.14,26.7,13.0,,2005-10-20 22:27:20.700,7.8695
2005.10.20,22:19:28.53,38.1077,26.8263,13.3,,2005-10-20 22:19:28.530,3.5671666666666666
2005.10.20,22:15:54.50,38.16,26.59,10.0,,2005-10-20 22:15:54.500,13.862666666666666
2005.10.20,22:02:02.74,38.2078,26.6187,18.1,,2005-10-20 22:02:02.740,18.009
2005.10.20,21:44:02.20,38.1,26.67,20.0,,2005-10-20 21:44:02.200,4.013166666666667
2005.10.20,21:40:01.41,38.1812,26.594,8.0,5.9,2005-10-20 21:40:01.410,749.1465000000001
2005.10.20,09:10:52.62,38.1217,26.7758,12.3,,2005-10-20 09:10:52.620,482.53183333333334
2005.10.20,01:08:20.71,38.1788,26.6142,8.4,,2005-10-20 01:08:20.710,149.39249999999998
2005.10.19,22:38:57.16,37.8353,27.1658,10.5,,2005-10-19 22:38:57.160,216.4523333333333
2005.10.19,19:02:30.02,38.1423,26.7437,5.4,,2005-10-19 19:02:30.020,124.9715
2005.10.19,16:57:31.73,38.1112,26.7602,15.9,,2005-10-19 16:57:31.730,92.7755
2005.10.19,15:24:45.20,38.14,26.7,12.0,,2005-10-19 15:24:45.200,110.82733333333334
2005.10.19,13:33:55.56,38.1878,26.722,12.0,,2005-10-19 13:33:55.560,191.3695
2005.10.19,10:22:33.39,38.1615,26.7047,2.5,,2005-10-19 10:22:33.390,11.041500000000001
2005.10.19,10:11:30.90,38.17,26.7,14.0,,2005-10-19 10:11:30.900,260.12166666666667
2005.10.19,05:51:23.60,38.1252,26.6893,7.3,,2005-10-19 05:51:23.600,177.65983333333332
2005.10.19,02:53:44.01,38.1227,26.7618,3.6,,2005-10-19 02:53:44.010,244.28016666666664
2005.10.18,22:49:27.20,38.15,26.68,15.0,,2005-10-18 22:49:27.200,408.6683333333333
2005.10.18,16:00:47.10,38.16,26.55,14.0,,2005-10-18 16:00:47.100,477.69449999999995
2005.10.18,08:03:05.43,38.0883,26.6838,5.4,,2005-10-18 08:03:05.430,152.727
2005.10.18,05:30:21.81,38.1212,26.8175,5.0,,2005-10-18 05:30:21.810,222.40283333333335
2005.10.18,01:47:57.64,38.151,26.7545,4.4,,2005-10-18 01:47:57.640,39.10116666666667
2005.10.18,01:08:51.57,38.1517,26.633,5.7,,2005-10-18 01:08:51.570,3.2763333333333335
2005.10.18,01:05:34.99,38.1032,26.6347,5.6,,2005-10-18 01:05:34.990,112.328
2005.10.17,23:13:15.31,38.1647,26.5702,10.7,,2005-10-17 23:13:15.310,116.867
2005.10.17,21:16:23.29,38.1257,26.6252,5.2,,2005-10-17 21:16:23.290,220.642
2005.10.17,17:35:44.77,38.163,26.5967,5.3,,2005-10-17 17:35:44.770,37.933
2005.10.17,16:57:48.79,38.041,26.723,11.9,,2005-10-17 16:57:48.790,29.968
2005.10.17,16:27:50.71,38.1797,26.605,9.8,,2005-10-17 16:27:50.710,32.41833333333333
2005.10.17,15:55:25.61,38.1477,26.6467,5.5,,2005-10-17 15:55:25.610,62.08016666666666
2005.10.17,14:53:20.80,38.07,26.71,6.0,,2005-10-17 14:53:20.800,60.704166666666666
2005.10.17,13:52:38.55,39.7737,24.3267,27.1,,2005-10-17 13:52:38.550,20.092
2005.10.17,13:32:33.03,38.1245,26.7382,7.8,,2005-10-17 13:32:33.030,9.735166666666666
2005.10.17,13:22:48.92,38.1648,26.5577,16.1,,2005-10-17 13:22:48.920,6.103666666666667
2005.10.17,13:16:42.70,38.21,26.66,14.0,,2005-10-17 13:16:42.700,33.26
2005.10.17,12:43:27.10,38.12,26.56,11.0,,2005-10-17 12:43:27.100,20.911
2005.10.17,12:22:32.44,38.1373,26.7155,7.9,,2005-10-17 12:22:32.440,30.18566666666667
2005.10.17,11:52:21.30,38.18,26.58,18.0,,2005-10-17 11:52:21.300,3.5886666666666667
2005.10.17,11:48:45.98,38.2402,26.5383,19.9,,2005-10-17 11:48:45.980,28.288666666666664
2005.10.17,11:20:28.66,38.0948,26.9605,15.1,,2005-10-17 11:20:28.660,2.747666666666667
2005.10.17,11:17:43.80,38.16,26.69,14.0,,2005-10-17 11:17:43.800,69.81166666666667
2005.10.17,10:07:55.10,38.12,26.75,15.0,,2005-10-17 10:07:55.100,9.28
2005.10.17,09:58:38.30,38.14,26.61,30.0,,2005-10-17 09:58:38.300,3.14
2005.10.17,09:55:29.90,38.15,26.58,17.0,,2005-10-17 09:55:29.900,8.598833333333333
2005.10.17,09:46:53.97,38.157,26.5268,9.1,5.8,2005-10-17 09:46:53.970,56.86566666666667
2005.10.17,08:50:02.03,38.1523,26.6055,16.0,,2005-10-17 08:50:02.030,15.3025
2005.10.17,08:34:43.88,38.1318,26.5855,15.0,,2005-10-17 08:34:43.880,5.861833333333333
2005.10.17,08:28:52.17,38.1917,26.6075,15.3,,2005-10-17 08:28:52.170,21.392999999999997
2005.10.17,08:07:28.59,38.1505,26.5938,15.6,,2005-10-17 08:07:28.590,61.683
2005.10.17,07:05:47.61,38.1452,26.6053,15.3,,2005-10-17 07:05:47.610,49.7125
2005.10.17,06:16:04.86,38.1452,26.6035,8.6,,2005-10-17 06:16:04.860,16.718
2005.10.17,05:59:21.78,38.1753,26.5627,20.2,,2005-10-17 05:59:21.780,14.086333333333332
2005.10.17,05:45:16.60,38.1455,26.5287,10.1,,2005-10-17 05:45:16.600,73.85266666666666
2005.10.17,04:31:25.44,38.1283,26.6208,13.3,,2005-10-17 04:31:25.440,10409.234166666667
2005.10.09,23:02:11.39,39.5478,25.1777,5.0,,2005-10-09 23:02:11.390,97.14183333333334
2005.10.09,21:25:02.88,36.6527,26.4885,11.4,,2005-10-09 21:25:02.880,1984.6263333333334
2005.10.08,12:20:25.30,36.43,23.07,22.0,,2005-10-08 12:20:25.300,106.98049999999999
2005.10.08,10:33:26.47,38.7377,27.8453,13.3,,2005-10-08 10:33:26.470,4296.663166666667
2005.10.05,10:56:46.68,36.4245,29.883,47.5,,2005-10-05 10:56:46.680,74.05333333333333
2005.10.05,09:42:43.48,37.9592,27.936,23.0,,2005-10-05 09:42:43.480,4321.8245
2005.10.02,09:40:54.01,38.7475,27.9077,11.1,,2005-10-02 09:40:54.010,1013.9156666666667
2005.10.01,16:46:59.07,39.95,24.954,12.5,,2005-10-01 16:46:59.070,4162.7401666666665
2005.09.28,19:24:14.66,38.6405,25.2208,32.8,,2005-09-28 19:24:14.660,4498.657166666667
2005.09.25,16:25:35.23,38.8347,25.5108,11.9,,2005-09-25 16:25:35.230,11877.564166666667
2005.09.17,10:28:01.38,38.5982,25.3227,8.6,,2005-09-17 10:28:01.380,6661.444666666666
2005.09.12,19:26:34.70,40.71,23.38,19.0,,2005-09-12 19:26:34.700,18.084999999999997
2005.09.12,19:08:29.60,40.72,23.37,24.0,4.3,2005-09-12 19:08:29.600,15823.5375
2005.09.01,19:24:57.35,37.7913,26.7827,18.7,,2005-09-01 19:24:57.350,2985.1825000000003
2005.08.30,17:39:46.40,39.14,27.89,17.0,,2005-08-30 17:39:46.400,6466.804999999999
2005.08.26,05:52:58.10,38.634,25.1998,16.1,,2005-08-26 05:52:58.100,2376.0661666666665
2005.08.24,14:16:54.13,39.6923,25.591,10.0,,2005-08-24 14:16:54.130,423.1936666666667
2005.08.24,07:13:42.51,39.6327,25.551,10.6,,2005-08-24 07:13:42.510,247.36683333333335
2005.08.24,03:06:20.50,39.72,25.41,37.0,4.8,2005-08-24 03:06:20.500,5333.153833333333
2005.08.20,10:13:11.27,37.8622,29.058,18.3,,2005-08-20 10:13:11.270,4.460666666666667
2005.08.20,10:08:43.63,37.9068,28.9503,10.8,,2005-08-20 10:08:43.630,63.0625
2005.08.20,09:05:39.88,37.9143,29.0213,10.0,,2005-08-20 09:05:39.880,175.8671666666667
2005.08.20,06:09:47.85,40.7608,27.4252,12.6,,2005-08-20 06:09:47.850,1741.0075
2005.08.19,01:08:47.40,36.72,27.36,5.0,,2005-08-19 01:08:47.400,4577.4165
2005.08.15,20:51:22.41,38.0922,26.2903,10.4,,2005-08-15 20:51:22.410,2644.812
2005.08.14,00:46:33.69,40.0038,23.7145,22.9,,2005-08-14 00:46:33.690,8560.769166666667
2005.08.08,02:05:47.54,39.1263,28.8317,11.3,,2005-08-08 02:05:47.540,2005.6756666666665
2005.08.06,16:40:07.00,38.9393,26.6725,19.0,,2005-08-06 16:40:07.000,2302.9575
2005.08.05,02:17:09.55,38.726,27.8933,18.6,,2005-08-05 02:17:09.550,1095.3220000000001
2005.08.04,08:01:50.23,36.5332,28.7413,18.1,,2005-08-04 08:01:50.230,74.80983333333333
2005.08.04,06:47:01.64,38.5798,25.3297,26.6,,2005-08-04 06:47:01.640,59.35566666666667
2005.08.04,05:47:40.30,38.97,23.4,4.0,,2005-08-04 05:47:40.300,354.7
2005.08.03,23:52:58.30,39.37,26.92,18.0,,2005-08-03 23:52:58.300,4798.4816666666675
2005.07.31,15:54:29.40,36.05,29.12,38.0,,2005-07-31 15:54:29.400,1912.9966666666667
2005.07.30,08:01:29.60,38.77,27.91,9.0,,2005-07-30 08:01:29.600,6886.015166666666
2005.07.25,13:15:28.69,37.8357,29.5125,9.8,,2005-07-25 13:15:28.690,11648.824833333334
2005.07.17,11:06:39.20,37.84,26.72,32.0,,2005-07-17 11:06:39.200,5903.386666666667
2005.07.13,08:43:16.00,37.8235,29.147,4.4,,2005-07-13 08:43:16.000,2362.726666666667
2005.07.11,17:20:32.40,36.53,28.08,68.0,,2005-07-11 17:20:32.400,837.0676666666666
2005.07.11,03:23:28.34,37.7778,27.5852,8.7,,2005-07-11 03:23:28.340,5258.297333333334
2005.07.07,11:45:10.50,36.78,23.32,10.0,,2005-07-07 11:45:10.500,738.9593333333333
2005.07.06,23:26:12.94,40.7503,27.4198,15.9,,2005-07-06 23:26:12.940,4608.1065
2005.07.03,18:38:06.55,36.0468,26.834,13.2,,2005-07-03 18:38:06.550,2488.7058333333334
2005.07.02,01:09:24.20,37.79,26.71,20.0,,2005-07-02 01:09:24.200,1654.5118333333335
2005.06.30,21:34:53.49,37.7938,26.6883,12.1,,2005-06-30 21:34:53.490,1231.3625
2005.06.30,01:03:31.74,37.8163,26.7228,15.6,,2005-06-30 01:03:31.740,4205.262833333333
2005.06.27,02:58:15.97,40.6928,27.3873,11.9,,2005-06-27 02:58:15.970,410.8295
2005.06.26,20:07:26.20,37.8047,26.7108,12.5,,2005-06-26 20:07:26.200,3820.3321666666666
2005.06.24,04:27:06.27,37.8078,26.6987,17.0,,2005-06-24 04:27:06.270,301.98616666666663
2005.06.23,23:25:07.10,37.82,26.7,18.0,,2005-06-23 23:25:07.100,40.83166666666667
2005.06.23,22:44:17.20,37.82,26.75,19.0,,2005-06-23 22:44:17.200,577.19
2005.06.23,13:07:05.80,37.79,26.69,13.0,,2005-06-23 13:07:05.800,71.445
2005.06.23,11:55:39.10,37.8,26.72,14.0,,2005-06-23 11:55:39.100,3845.5816666666665
2005.06.20,19:50:04.20,39.72,29.13,13.0,,2005-06-20 19:50:04.200,176.79916666666668
2005.06.20,16:53:16.25,36.7178,27.407,5.5,,2005-06-20 16:53:16.250,1193.1795
2005.06.19,21:00:05.48,36.8808,27.6862,10.6,,2005-06-19 21:00:05.480,143.66966666666667
2005.06.19,18:36:25.30,36.8818,27.4955,15.0,,2005-06-19 18:36:25.300,5023.824666666666
2005.06.16,06:52:35.82,36.0162,28.7313,32.1,,2005-06-16 06:52:35.820,5408.805333333334
2005.06.12,12:43:47.50,37.9898,27.3448,23.1,,2005-06-12 12:43:47.500,308.9183333333333
2005.06.12,07:34:52.40,36.87,23.71,85.0,,2005-06-12 07:34:52.400,1165.4431666666667
2005.06.11,12:09:25.81,36.8902,28.0287,73.1,,2005-06-11 12:09:25.810,12137.475166666667
2005.06.03,01:51:57.30,40.404,26.1175,12.2,,2005-06-03 01:51:57.300,24008.113166666666
2005.05.17,09:43:50.51,38.7493,25.2383,32.1,,2005-05-17 09:43:50.510,4993.385833333334
2005.05.13,22:30:27.36,37.9257,26.999,5.3,,2005-05-13 22:30:27.360,2808.843
2005.05.11,23:41:36.78,38.8887,25.2262,25.1,,2005-05-11 23:41:36.780,98.54716666666667
2005.05.11,22:03:03.95,38.7697,25.3717,32.1,,2005-05-11 22:03:03.950,558.6523333333333
2005.05.11,12:44:24.81,39.5093,26.7562,18.1,,2005-05-11 12:44:24.810,4046.8261666666667
2005.05.08,17:17:35.24,38.5408,25.4322,5.4,,2005-05-08 17:17:35.240,1332.9170000000001
2005.05.07,19:04:40.22,39.5002,26.1443,12.3,,2005-05-07 19:04:40.220,4301.69
2005.05.04,19:22:58.82,36.0085,29.1602,25.7,,2005-05-04 19:22:58.820,1185.1461666666667
2005.05.03,23:37:50.05,39.478,24.3527,27.1,,2005-05-03 23:37:50.050,23360.8655
2005.04.17,18:16:58.12,37.0475,27.8135,11.7,,2005-04-17 18:16:58.120,10.2575
2005.04.17,18:06:42.67,37.072,27.8292,9.3,,2005-04-17 18:06:42.670,1054.251
2005.04.17,00:32:27.61,36.6673,26.4148,14.7,,2005-04-17 00:32:27.610,1364.4938333333334
2005.04.16,01:47:57.98,36.5578,27.3148,7.7,,2005-04-16 01:47:57.980,7544.009666666667
2005.04.10,20:03:57.40,37.5692,29.978,5.0,,2005-04-10 20:03:57.400,1475.6591666666668
2005.04.09,19:28:17.85,40.4842,25.8147,9.1,,2005-04-09 19:28:17.850,7326.578333333334
2005.04.04,17:21:43.15,37.812,26.9053,18.7,,2005-04-04 17:21:43.150,5139.751166666667
2005.04.01,03:41:58.08,36.1482,28.3928,28.0,,2005-04-01 03:41:58.080,374.8378333333333
2005.03.31,21:27:07.81,36.6587,26.4148,11.9,,2005-03-31 21:27:07.810,1889.3796666666667
2005.03.30,13:57:45.03,38.7973,25.8405,12.9,,2005-03-30 13:57:45.030,4231.7775
2005.03.27,15:25:58.38,40.428,26.0512,15.9,,2005-03-27 15:25:58.380,353.6825
2005.03.27,09:32:17.43,40.7378,27.4083,11.9,,2005-03-27 09:32:17.430,5829.3795
2005.03.23,08:22:54.66,39.0392,28.0038,10.9,,2005-03-23 08:22:54.660,5522.188
2005.03.19,12:20:43.38,37.0615,28.054,15.5,,2005-03-19 12:20:43.380,2690.338333333333
2005.03.17,15:30:23.08,37.7992,26.8602,22.3,,2005-03-17 15:30:23.080,626.4896666666666
2005.03.17,05:03:53.70,37.76,26.84,14.0,,2005-03-17 05:03:53.700,2.2551666666666668
2005.03.17,05:01:38.39,37.7667,26.8097,13.9,,2005-03-17 05:01:38.390,907.9371666666667
2005.03.16,13:53:42.16,40.2163,25.1213,12.5,,2005-03-16 13:53:42.160,17936.353666666666
2005.03.04,02:57:20.94,38.1243,26.7827,9.1,,2005-03-04 02:57:20.940,4038.5806666666667
2005.03.01,07:38:46.10,36.06,29.07,29.0,,2005-03-01 07:38:46.100,4839.583
2005.02.25,22:59:11.12,39.446,25.9655,13.6,,2005-02-25 22:59:11.120,2749.597
2005.02.24,01:09:35.30,36.5245,28.9997,6.7,,2005-02-24 01:09:35.300,5659.505
2005.02.20,02:50:05.00,38.5903,26.5018,10.0,,2005-02-20 02:50:05.000,11582.755000000001
2005.02.12,01:47:19.70,38.61,23.55,18.0,,2005-02-12 01:47:19.700,148.36566666666667
2005.02.11,23:18:57.76,39.1037,27.917,10.4,,2005-02-11 23:18:57.760,9401.223833333333
2005.02.05,10:37:44.33,38.8882,25.8255,17.0,,2005-02-05 10:37:44.330,3264.7264999999998
2005.02.03,04:13:00.74,38.7655,25.7007,9.5,,2005-02-03 04:13:00.740,148.249
2005.02.03,01:44:45.80,36.954,27.72,6.9,,2005-02-03 01:44:45.800,2437.023166666667
2005.02.01,09:07:44.41,38.7705,25.695,12.9,,2005-02-01 09:07:44.410,1637.2951666666668
2005.01.31,05:50:26.70,37.0395,28.6775,9.2,,2005-01-31 05:50:26.700,1740.2635
2005.01.30,00:50:10.89,38.1575,26.7095,8.3,,2005-01-30 00:50:10.890,346.30100000000004
2005.01.29,19:03:52.83,38.1562,26.7003,8.1,,2005-01-29 19:03:52.830,11.4505
2005.01.29,18:52:25.80,38.18,26.64,5.0,,2005-01-29 18:52:25.800,244.391
2005.01.29,14:48:02.34,38.2317,29.688,6.9,,2005-01-29 14:48:02.340,192.42183333333332
2005.01.29,11:35:37.03,38.2532,26.6267,22.0,,2005-01-29 11:35:37.030,7284.934833333334
2005.01.24,10:10:40.94,38.7748,25.5295,13.5,,2005-01-24 10:10:40.940,243.26383333333334
2005.01.24,06:07:25.11,36.9083,27.7148,10.9,,2005-01-24 06:07:25.110,133.69433333333333
2005.01.24,03:53:43.45,36.0198,29.4522,15.5,,2005-01-24 03:53:43.450,418.817
2005.01.23,20:54:54.43,36.912,27.6788,8.3,,2005-01-23 20:54:54.430,2501.6615
2005.01.22,03:13:14.74,38.387,25.4448,2.9,,2005-01-22 03:13:14.740,969.1923333333333
2005.01.21,11:04:03.20,37.108,27.7475,32.8,,2005-01-21 11:04:03.200,555.0345
2005.01.21,01:49:01.13,37.0172,27.7762,13.8,,2005-01-21 01:49:01.130,141.436
2005.01.20,23:27:34.97,38.658,27.137,16.9,,2005-01-20 23:27:34.970,352.20366666666666
2005.01.20,17:35:22.75,36.7697,28.3648,57.7,,2005-01-20 17:35:22.750,2887.8625
2005.01.18,17:27:31.00,36.9,27.71,12.0,,2005-01-18 17:27:31.000,1053.025
2005.01.17,23:54:29.50,36.1,26.51,24.0,,2005-01-17 23:54:29.500,2276.6021666666666
2005.01.16,09:57:53.37,40.609,27.7235,19.7,,2005-01-16 09:57:53.370,396.3688333333333
2005.01.16,03:21:31.24,36.7542,26.958,5.0,,2005-01-16 03:21:31.240,1933.3511666666668
2005.01.14,19:08:10.17,37.0542,28.3182,6.8,,2005-01-14 19:08:10.170,1008.7475
2005.01.14,02:19:25.32,39.1595,28.5057,12.9,,2005-01-14 02:19:25.320,606.6986666666667
2005.01.13,16:12:43.40,39.1635,27.7618,15.8,,2005-01-13 16:12:43.400,153.679
2005.01.13,13:39:02.66,39.1818,27.7375,14.3,,2005-01-13 13:39:02.660,65.72016666666667
2005.01.13,12:33:19.45,39.4768,25.9125,13.0,,2005-01-13 12:33:19.450,92.52749999999999
2005.01.13,11:00:47.80,39.19,27.72,13.0,,2005-01-13 11:00:47.800,589.3585
2005.01.13,01:11:26.29,36.9712,27.7432,12.6,,2005-01-13 01:11:26.290,35.598166666666664
2005.01.13,00:35:50.40,37.0013,27.7915,13.2,,2005-01-13 00:35:50.400,522.7846666666667
2005.01.12,15:53:03.32,39.1928,27.7598,13.2,,2005-01-12 15:53:03.320,267.36583333333334
2005.01.12,11:25:41.37,39.1955,27.72,14.2,,2005-01-12 11:25:41.370,387.214
2005.01.12,04:58:28.53,36.8825,27.7895,9.9,,2005-01-12 04:58:28.530,76.45166666666667
2005.01.12,03:42:01.43,36.9552,27.6212,5.0,,2005-01-12 03:42:01.430,1103.8176666666666
2005.01.11,09:18:12.37,37.0132,27.752,22.4,,2005-01-11 09:18:12.370,33.393
2005.01.11,08:44:48.79,36.9243,27.8093,14.1,,2005-01-11 08:44:48.790,11.225333333333333
2005.01.11,08:33:35.27,37.0727,27.784,8.5,,2005-01-11 08:33:35.270,167.92766666666665
2005.01.11,05:45:39.61,37.1238,28.0132,9.0,,2005-01-11 05:45:39.610,2.085166666666667
2005.01.11,05:43:34.50,36.894,27.7832,25.4,,2005-01-11 05:43:34.500,67.61983333333333
2005.01.11,04:35:57.31,37.019,27.7387,14.2,,2005-01-11 04:35:57.310,29.709999999999997
2005.01.11,04:06:14.71,36.8445,27.7027,20.1,,2005-01-11 04:06:14.710,92.7245
2005.01.11,02:33:31.24,37.0167,27.8482,8.8,,2005-01-11 02:33:31.240,134.83733333333333
2005.01.11,00:18:41.00,36.9118,27.7987,8.7,,2005-01-11 00:18:41.000,16.387
2005.01.11,00:02:17.78,36.9238,27.7042,12.2,,2005-01-11 00:02:17.780,13.464333333333334
2005.01.10,23:48:49.92,37.0072,27.8002,16.5,5.4,2005-01-10 23:48:49.920,1356.3425
2005.01.10,01:12:29.37,36.637,29.4507,11.2,,2005-01-10 01:12:29.370,12144.123833333335
2005.01.01,14:48:21.94,38.7553,26.8323,19.0,,2005-01-01 14:48:21.940,728.1273333333334
2005.01.01,02:40:14.30,36.11,28.46,76.0,,2005-01-01 02:40:14.300,760.2266666666667
2004.12.31,14:00:00.70,37.12,28.25,11.0,3.8,2004-12-31 14:00:00.700,1271.8866666666665
2004.12.30,16:48:07.50,38.16,26.64,9.0,,2004-12-30 16:48:07.500,904.9333333333333
2004.12.30,01:43:11.50,37.06,28.26,1.0,,2004-12-30 01:43:11.500,1749.02
2004.12.28,20:34:10.30,36.94,28.2,18.0,4.3,2004-12-28 20:34:10.300,296.24666666666667
2004.12.28,15:37:55.50,36.98,28.21,13.0,,2004-12-28 15:37:55.500,2546.635
2004.12.26,21:11:17.40,36.17,27.94,88.0,,2004-12-26 21:11:17.400,785.6166666666667
2004.12.26,08:05:40.40,36.0,27.17,46.0,4.4,2004-12-26 08:05:40.400,3548.36
2004.12.23,20:57:18.80,38.06,25.95,15.0,,2004-12-23 20:57:18.800,1468.0333333333333
2004.12.22,20:29:16.80,36.86,28.12,26.0,,2004-12-22 20:29:16.800,353.84666666666664
2004.12.22,14:35:26.00,36.9,28.26,29.0,,2004-12-22 14:35:26.000,577.7766666666666
2004.12.22,04:57:39.40,37.04,28.21,13.0,,2004-12-22 04:57:39.400,93.765
2004.12.22,03:23:53.50,36.97,28.19,3.0,,2004-12-22 03:23:53.500,51.608333333333334
2004.12.22,02:32:17.00,37.01,28.16,1.0,,2004-12-22 02:32:17.000,1568.7350000000001
2004.12.21,00:23:32.90,37.05,28.19,10.0,,2004-12-21 00:23:32.900,81.31333333333333
2004.12.20,23:02:14.10,37.05,28.26,11.0,5.3,2004-12-20 23:02:14.100,570.2966666666667
2004.12.20,13:31:56.30,40.66,27.49,17.0,,2004-12-20 13:31:56.300,4688.818333333333
2004.12.17,07:23:07.20,36.96,27.78,14.0,,2004-12-17 07:23:07.200,3055.8233333333333
2004.12.15,04:27:17.80,40.75,27.58,14.0,,2004-12-15 04:27:17.800,13636.698333333334
2004.12.05,17:10:35.90,39.32,25.33,9.0,,2004-12-05 17:10:35.900,4398.798333333334
2004.12.02,15:51:48.00,39.26,27.96,11.0,,2004-12-02 15:51:48.000,3501.336666666667
2004.11.30,05:30:27.80,38.13,27.41,11.0,,2004-11-30 05:30:27.800,1718.9833333333333
2004.11.29,00:51:28.80,38.48,25.49,19.0,,2004-11-29 00:51:28.800,8248.878333333334
2004.11.23,07:22:36.10,38.45,25.5,9.0,,2004-11-23 07:22:36.100,507.09000000000003
2004.11.22,22:55:30.70,38.49,25.5,1.0,,2004-11-22 22:55:30.700,221.98999999999998
2004.11.22,19:13:31.30,38.5,25.52,8.0,,2004-11-22 19:13:31.300,17430.985
2004.11.10,16:42:32.20,36.6,27.93,12.0,,2004-11-10 16:42:32.200,7152.17
2004.11.05,17:30:22.00,39.21,27.72,8.0,,2004-11-05 17:30:22.000,9552.445
2004.10.30,02:17:55.30,37.0,27.82,22.0,,2004-10-30 02:17:55.300,1982.3216666666667
2004.10.28,17:15:36.00,38.95,26.66,10.0,,2004-10-28 17:15:36.000,3117.4033333333336
2004.10.26,13:18:11.80,36.03,28.11,85.0,4.0,2004-10-26 13:18:11.800,3955.8933333333334
2004.10.23,19:22:18.20,36.62,26.12,2.0,,2004-10-23 19:22:18.200,2647.391666666667
2004.10.21,23:14:54.70,38.71,25.94,13.0,,2004-10-21 23:14:54.700,15709.725
2004.10.11,01:25:11.20,40.43,28.94,10.0,,2004-10-11 01:25:11.200,3064.4283333333337
2004.10.08,22:20:45.50,37.71,26.85,5.0,,2004-10-08 22:20:45.500,70.97
2004.10.08,21:09:47.30,37.71,26.84,5.0,,2004-10-08 21:09:47.300,104.60666666666665
2004.10.08,19:25:10.90,36.54,26.76,123.0,,2004-10-08 19:25:10.900,141.93333333333334
2004.10.08,17:03:14.90,37.73,26.83,6.0,,2004-10-08 17:03:14.900,189.75166666666667
2004.10.08,13:53:29.80,37.66,26.66,5.0,,2004-10-08 13:53:29.800,2208.2633333333333
2004.10.07,01:05:14.00,36.51,26.85,107.0,,2004-10-07 01:05:14.000,1899.395
2004.10.05,17:25:50.30,37.73,26.91,10.0,,2004-10-05 17:25:50.300,1473.1166666666666
2004.10.04,16:52:43.30,36.94,30.32,6.0,,2004-10-04 16:52:43.300,3403.57
2004.10.02,08:09:09.10,38.91,25.6,10.0,,2004-10-02 08:09:09.100,1970.8183333333334
2004.09.30,23:18:20.00,36.87,27.65,8.0,,2004-09-30 23:18:20.000,1896.2050000000002
2004.09.29,15:42:07.70,40.79,29.02,13.0,,2004-09-29 15:42:07.700,3576.1283333333336
2004.09.27,04:06:00.00,36.1,27.94,87.0,,2004-09-27 04:06:00.000,163.11833333333334
2004.09.27,01:22:52.90,36.41,29.62,10.0,,2004-09-27 01:22:52.900,971.4233333333334
2004.09.26,09:11:27.50,37.72,29.21,10.0,,2004-09-26 09:11:27.500,3295.77
2004.09.24,02:15:41.30,36.46,28.27,29.0,,2004-09-24 02:15:41.300,7475.641666666666
2004.09.18,21:40:02.80,40.4,25.96,10.0,,2004-09-18 21:40:02.800,4079.5299999999997
2004.09.16,01:40:31.00,37.77,29.14,5.0,,2004-09-16 01:40:31.000,3034.2166666666667
2004.09.13,23:06:18.00,36.9,27.63,7.0,,2004-09-13 23:06:18.000,4471.9349999999995
2004.09.10,20:34:21.90,38.48,25.53,10.0,,2004-09-10 20:34:21.900,2401.705
2004.09.09,04:32:39.60,36.89,27.65,9.0,,2004-09-09 04:32:39.600,525.8383333333334
2004.09.08,19:46:49.30,39.26,25.41,10.0,,2004-09-08 19:46:49.300,4827.923333333334
2004.09.05,11:18:53.90,36.92,27.6,8.0,,2004-09-05 11:18:53.900,208.09
2004.09.05,07:50:48.50,36.58,29.07,10.0,,2004-09-05 07:50:48.500,2386.6316666666667
2004.09.03,16:04:10.60,36.97,27.85,13.0,,2004-09-03 16:04:10.600,282.90999999999997
2004.09.03,11:21:16.00,36.93,27.79,10.0,,2004-09-03 11:21:16.000,1244.3600000000001
2004.09.02,14:36:54.40,36.92,27.47,8.0,,2004-09-02 14:36:54.400,472.61333333333334
2004.09.02,06:44:17.60,36.92,27.49,10.0,,2004-09-02 06:44:17.600,3945.1283333333336
2004.08.30,12:59:09.90,37.03,27.78,5.0,,2004-08-30 12:59:09.900,7344.6483333333335
2004.08.25,10:34:31.00,39.08,26.13,9.0,,2004-08-25 10:34:31.000,4415.176666666666
2004.08.22,08:59:20.40,36.89,27.81,16.0,,2004-08-22 08:59:20.400,2747.0350000000003
2004.08.20,11:12:18.30,36.56,27.88,76.0,,2004-08-20 11:12:18.300,2162.3766666666666
2004.08.18,23:09:55.70,36.21,27.4,9.0,,2004-08-18 23:09:55.700,44.17166666666667
2004.08.18,22:25:45.40,36.17,27.4,36.0,,2004-08-18 22:25:45.400,23.529999999999998
2004.08.18,22:02:13.60,36.11,27.44,30.0,,2004-08-18 22:02:13.600,7078.336666666667
2004.08.14,00:03:53.40,36.92,27.74,16.0,,2004-08-14 00:03:53.400,530.1516666666666
2004.08.13,15:13:44.30,40.83,26.43,10.0,,2004-08-13 15:13:44.300,2536.211666666667
2004.08.11,20:57:31.60,36.53,26.57,109.0,,2004-08-11 20:57:31.600,4055.548333333333
2004.08.09,01:21:58.70,37.94,27.67,9.0,,2004-08-09 01:21:58.700,5211.8966666666665
2004.08.05,10:30:04.90,36.91,27.62,10.0,,2004-08-05 10:30:04.900,196.395
2004.08.05,07:13:41.20,37.31,27.87,15.0,,2004-08-05 07:13:41.200,2.4233333333333333
2004.08.05,07:11:15.80,37.2,27.88,14.0,,2004-08-05 07:11:15.800,742.2466666666667
2004.08.04,18:49:01.00,37.07,27.67,7.0,,2004-08-04 18:49:01.000,169.335
2004.08.04,15:59:40.90,37.14,27.74,8.0,,2004-08-04 15:59:40.900,71.97833333333332
2004.08.04,14:47:42.20,36.93,27.68,11.0,,2004-08-04 14:47:42.200,28.815
2004.08.04,14:18:53.30,37.26,27.9,13.0,4.8,2004-08-04 14:18:53.300,453.12666666666667
2004.08.04,06:45:45.70,37.19,27.84,10.0,,2004-08-04 06:45:45.700,59.519999999999996
2004.08.04,05:46:14.50,37.14,27.73,4.0,,2004-08-04 05:46:14.500,79.81833333333334
2004.08.04,04:26:25.40,37.07,27.81,9.0,,2004-08-04 04:26:25.400,6.613333333333333
2004.08.04,04:19:48.60,37.13,27.74,2.0,,2004-08-04 04:19:48.600,17.118333333333332
2004.08.04,04:02:41.50,37.03,27.78,11.0,,2004-08-04 04:02:41.500,13.16
2004.08.04,03:49:31.90,37.11,27.74,1.0,,2004-08-04 03:49:31.900,31.523333333333333
2004.08.04,03:18:00.50,37.15,27.84,13.0,,2004-08-04 03:18:00.500,16.86
2004.08.04,03:01:08.90,37.09,27.65,18.0,5.5,2004-08-04 03:01:08.900,323.47666666666663
2004.08.03,21:37:40.30,36.92,27.57,7.0,,2004-08-03 21:37:40.300,201.38166666666666
2004.08.03,18:16:17.40,36.96,27.75,16.0,,2004-08-03 18:16:17.400,37.876666666666665
2004.08.03,17:38:24.80,37.01,27.78,13.0,,2004-08-03 17:38:24.800,103.40833333333333
2004.08.03,15:55:00.30,36.91,27.64,9.0,,2004-08-03 15:55:00.300,56.416666666666664
2004.08.03,14:58:35.30,37.04,27.77,12.0,,2004-08-03 14:58:35.300,40.70333333333333
2004.08.03,14:17:53.10,37.0,27.73,11.0,,2004-08-03 14:17:53.100,42.940000000000005
2004.08.03,13:34:56.70,36.89,27.59,3.0,,2004-08-03 13:34:56.700,23.408333333333335
2004.08.03,13:11:32.20,37.07,27.7,7.0,5.2,2004-08-03 13:11:32.200,78.43
2004.08.03,11:53:06.40,36.92,27.61,11.0,,2004-08-03 11:53:06.400,127.13333333333334
2004.08.03,09:45:58.40,37.92,27.59,9.0,,2004-08-03 09:45:58.400,4.711666666666667
2004.08.03,09:41:15.70,37.05,27.79,14.0,,2004-08-03 09:41:15.700,247.575
2004.08.03,05:33:41.20,37.33,27.87,13.0,,2004-08-03 05:33:41.200,543.965
2004.08.02,20:29:43.30,36.87,27.66,10.0,,2004-08-02 20:29:43.300,2416.391666666667
2004.08.01,04:13:19.80,37.93,27.64,13.0,,2004-08-01 04:13:19.800,1680.9816666666666
2004.07.31,00:12:20.90,38.84,25.57,13.0,,2004-07-31 00:12:20.900,2280.3616666666667
2004.07.29,10:11:59.20,36.98,27.66,5.0,,2004-07-29 10:11:59.200,276.9133333333333
2004.07.29,05:35:04.40,36.68,27.91,80.0,,2004-07-29 05:35:04.400,6199.791666666667
2004.07.24,22:15:16.90,38.54,25.35,7.0,,2004-07-24 22:15:16.900,39.65
2004.07.24,21:35:37.90,36.94,27.64,10.0,,2004-07-24 21:35:37.900,154.035
2004.07.24,19:01:35.80,36.74,26.53,10.0,,2004-07-24 19:01:35.800,578.77
2004.07.24,09:22:49.60,38.75,26.57,10.0,,2004-07-24 09:22:49.600,18038.368333333336
2004.07.11,20:44:27.50,40.55,27.2,16.0,,2004-07-11 20:44:27.500,7367.2266666666665
2004.07.06,17:57:13.90,36.46,28.99,14.0,,2004-07-06 17:57:13.900,3336.065
2004.07.04,10:21:10.00,37.19,27.82,10.0,,2004-07-04 10:21:10.000,945.1416666666667
2004.07.03,18:36:01.50,37.1,27.59,19.0,,2004-07-03 18:36:01.500,3086.7816666666668
2004.07.01,15:09:14.60,40.92,26.17,10.0,,2004-07-01 15:09:14.600,2.9183333333333334
2004.07.01,15:06:19.50,40.86,26.14,10.0,,2004-07-01 15:06:19.500,256.3283333333333
2004.07.01,10:49:59.80,40.88,26.04,5.0,,2004-07-01 10:49:59.800,689.4966666666667
2004.06.30,23:20:30.00,40.9,26.03,7.0,,2004-06-30 23:20:30.000,191.94833333333332
2004.06.30,20:08:33.10,40.9,26.1,6.0,,2004-06-30 20:08:33.100,1749.5216666666668
2004.06.29,14:59:01.80,37.27,28.2,9.0,,2004-06-29 14:59:01.800,1696.215
2004.06.28,10:42:48.90,40.9,26.14,10.0,,2004-06-28 10:42:48.900,18.586666666666666
2004.06.28,10:24:13.70,40.92,26.16,6.0,,2004-06-28 10:24:13.700,706.94
2004.06.27,22:37:17.30,40.92,26.09,5.0,,2004-06-27 22:37:17.300,425.49666666666667
2004.06.27,15:31:47.50,40.9,26.08,7.0,4.3,2004-06-27 15:31:47.500,1267.755
2004.06.26,18:24:02.20,37.3,28.05,20.0,,2004-06-26 18:24:02.200,7469.005
2004.06.21,13:55:01.90,36.1,27.74,58.0,,2004-06-21 13:55:01.900,730.8666666666667
2004.06.21,01:44:09.90,37.07,30.44,10.0,,2004-06-21 01:44:09.900,974.9466666666667
2004.06.20,09:29:13.10,38.63,26.48,31.0,,2004-06-20 09:29:13.100,721.745
2004.06.19,21:27:28.40,39.87,24.37,32.0,,2004-06-19 21:27:28.400,798.6433333333333
2004.06.19,08:08:49.80,37.93,26.59,8.0,,2004-06-19 08:08:49.800,133.37166666666667
2004.06.19,05:55:27.50,37.12,28.31,12.0,,2004-06-19 05:55:27.500,1702.1333333333334
2004.06.18,01:33:19.50,39.98,27.73,14.0,,2004-06-18 01:33:19.500,764.5066666666667
2004.06.17,12:48:49.10,40.49,26.11,14.0,,2004-06-17 12:48:49.100,683.485
2004.06.17,01:25:20.00,38.47,26.86,12.0,,2004-06-17 01:25:20.000,650.9033333333333
2004.06.16,14:34:25.80,37.9,29.28,9.0,,2004-06-16 14:34:25.800,1591.8233333333333
2004.06.15,12:02:36.40,40.45,25.76,8.0,4.8,2004-06-15 12:02:36.400,3197.35
2004.06.13,06:45:15.40,38.65,26.27,10.0,,2004-06-13 06:45:15.400,1139.8466666666668
2004.06.12,11:45:24.60,36.75,26.8,116.0,,2004-06-12 11:45:24.600,4829.701666666666
2004.06.09,03:15:42.50,38.43,30.2,7.0,,2004-06-09 03:15:42.500,6210.615000000001
2004.06.04,19:45:05.60,36.71,26.47,22.0,4.0,2004-06-04 19:45:05.600,901.2233333333334
2004.06.04,04:43:52.20,36.6,26.54,5.0,,2004-06-04 04:43:52.200,14343.058333333332
2004.05.25,05:40:48.70,40.44,29.13,7.0,,2004-05-25 05:40:48.700,6853.884999999999
2004.05.20,11:26:55.60,36.21,28.14,75.0,,2004-05-20 11:26:55.600,6236.115000000001
2004.05.16,03:30:48.70,40.7,29.33,10.0,,2004-05-16 03:30:48.700,2096.5016666666666
2004.05.14,16:34:18.60,37.55,29.65,9.0,,2004-05-14 16:34:18.600,9725.983333333334
2004.05.07,22:28:19.60,36.52,28.9,80.0,,2004-05-07 22:28:19.600,5036.586666666667
2004.05.04,10:31:44.40,38.11,25.59,33.0,,2004-05-04 10:31:44.400,4596.715
2004.05.01,05:55:01.50,37.33,26.64,5.0,,2004-05-01 05:55:01.500,237.50333333333336
2004.05.01,01:57:31.30,38.23,27.25,15.0,,2004-05-01 01:57:31.300,6299.825
2004.04.26,16:57:41.80,36.76,26.81,137.0,,2004-04-26 16:57:41.800,8152.673333333334
2004.04.21,01:05:01.40,39.33,25.95,11.0,,2004-04-21 01:05:01.400,2017.7483333333332
2004.04.19,15:27:16.50,40.61,27.7,16.0,,2004-04-19 15:27:16.500,609.1083333333333
2004.04.19,05:18:10.00,38.9,26.82,13.0,,2004-04-19 05:18:10.000,498.92833333333334
2004.04.18,20:59:14.30,38.08,26.68,7.0,,2004-04-18 20:59:14.300,2480.565
2004.04.17,03:38:40.40,39.14,29.48,6.0,,2004-04-17 03:38:40.400,8959.571666666667
2004.04.10,22:19:06.10,36.31,26.01,10.0,,2004-04-10 22:19:06.100,2242.9883333333332
2004.04.09,08:56:06.80,36.0,27.02,5.0,,2004-04-09 08:56:06.800,1806.41
2004.04.08,02:49:42.20,39.18,25.67,20.0,,2004-04-08 02:49:42.200,21492.035
2004.03.24,04:37:40.10,38.91,26.74,16.0,,2004-03-24 04:37:40.100,8003.288333333333
2004.03.18,15:14:22.80,36.04,26.22,68.0,,2004-03-18 15:14:22.800,205.005
2004.03.18,11:49:22.50,36.37,27.78,23.0,,2004-03-18 11:49:22.500,27076.516666666666
2004.02.28,16:32:51.50,37.22,30.4,30.0,,2004-02-28 16:32:51.500,4299.1
2004.02.25,16:53:45.50,36.98,28.55,7.0,,2004-02-25 16:53:45.500,9403.894999999999
2004.02.19,04:09:51.80,36.98,28.65,9.0,,2004-02-19 04:09:51.800,1720.4199999999998
2004.02.17,23:29:26.60,37.88,29.25,6.0,,2004-02-17 23:29:26.600,14916.183333333332
2004.02.07,14:53:15.60,39.88,29.21,8.0,,2004-02-07 14:53:15.600,1.6283333333333334
2004.02.07,14:51:37.90,39.89,29.26,8.0,,2004-02-07 14:51:37.900,13457.118333333334
2004.01.29,06:34:30.80,40.86,27.78,13.0,,2004-01-29 06:34:30.800,32001.683333333334
2004.01.07,01:12:49.80,39.88,29.28,10.0,,2004-01-07 01:12:49.800,4664.318333333333
2004.01.03,19:28:30.70,36.42,30.31,28.0,,2004-01-03 19:28:30.700,628.3166666666667
2004.01.03,09:00:11.70,38.17,26.65,8.0,,2004-01-03 09:00:11.700,4041.825
2003.12.31,13:38:22.20,39.02,26.86,8.0,,2003-12-31 13:38:22.200,10105.568333333333
2003.12.24,13:12:48.10,38.08,23.06,3.0,,2003-12-24 13:12:48.100,1445.0466666666666
2003.12.23,13:07:45.30,39.86,29.24,9.0,,2003-12-23 13:07:45.300,44.14
2003.12.23,12:23:36.90,39.88,29.24,13.0,,2003-12-23 12:23:36.900,10182.461666666666
2003.12.16,10:41:09.20,38.96,26.81,14.0,,2003-12-16 10:41:09.200,3115.9966666666664
2003.12.14,06:45:09.40,37.21,26.58,33.0,,2003-12-14 06:45:09.400,706.2900000000001
2003.12.13,18:58:52.00,37.83,27.37,1.0,,2003-12-13 18:58:52.000,17.311666666666667
2003.12.13,18:41:33.30,37.83,27.33,9.0,,2003-12-13 18:41:33.300,8939.855000000001
2003.12.07,13:41:42.00,39.77,24.07,7.0,,2003-12-07 13:41:42.000,5769.711666666667
2003.12.03,13:31:59.30,37.9,27.57,5.0,,2003-12-03 13:31:59.300,13327.765000000001
2003.11.24,07:24:13.40,38.42,27.3,10.0,,2003-11-24 07:24:13.400,9581.933333333332
2003.11.17,15:42:17.40,38.58,25.66,9.0,,2003-11-17 15:42:17.400,4185.758333333333
2003.11.14,17:56:31.90,38.89,26.71,15.0,,2003-11-14 17:56:31.900,8168.4816666666675
2003.11.09,01:48:03.00,36.56,28.97,3.0,,2003-11-09 01:48:03.000,4213.318333333334
2003.11.06,03:34:43.90,39.15,25.14,10.0,,2003-11-06 03:34:43.900,5058.613333333333
2003.11.02,15:16:07.10,38.91,28.19,7.0,,2003-11-02 15:16:07.100,571.2533333333333
2003.11.02,05:44:51.90,38.93,28.18,11.0,,2003-11-02 05:44:51.900,8799.511666666665
2003.10.27,03:05:21.20,37.28,28.2,5.0,,2003-10-27 03:05:21.200,7951.926666666666
2003.10.21,14:33:25.60,36.18,28.17,16.0,,2003-10-21 14:33:25.600,6708.473333333333
2003.10.16,22:44:57.20,37.31,24.22,25.0,,2003-10-16 22:44:57.200,27327.391666666666
2003.09.27,23:17:33.70,39.02,29.72,12.0,,2003-09-27 23:17:33.700,17187.398333333334
2003.09.16,00:50:09.80,38.78,25.55,9.0,,2003-09-16 00:50:09.800,3543.9333333333334
2003.09.13,13:46:13.80,36.53,26.67,91.0,,2003-09-13 13:46:13.800,12900.518333333333
2003.09.04,14:45:42.70,39.01,28.03,16.0,,2003-09-04 14:45:42.700,1291.6699999999998
2003.09.03,17:14:02.50,39.49,26.14,5.0,,2003-09-03 17:14:02.500,4535.246666666667
2003.08.31,13:38:47.70,37.68,27.55,10.0,,2003-08-31 13:38:47.700,347.85999999999996
2003.08.31,07:50:56.10,40.47,25.92,16.0,,2003-08-31 07:50:56.100,23750.896666666667
2003.08.14,20:00:02.30,38.1,28.87,9.0,,2003-08-14 20:00:02.300,3578.205
2003.08.12,08:21:50.00,38.13,28.83,6.0,,2003-08-12 08:21:50.000,3847.175
2003.08.09,16:14:39.50,39.28,28.25,8.0,,2003-08-09 16:14:39.500,2023.8283333333334
2003.08.08,06:30:49.80,36.62,28.53,10.0,,2003-08-08 06:30:49.800,14240.269999999999
2003.07.29,09:10:33.60,38.13,28.86,9.0,,2003-07-29 09:10:33.600,633.6550000000001
2003.07.28,22:36:54.30,38.11,28.87,8.0,,2003-07-28 22:36:54.300,297.615
2003.07.28,17:39:17.40,38.15,28.83,5.0,,2003-07-28 17:39:17.400,20.185
2003.07.28,17:19:06.30,38.1,28.86,9.0,,2003-07-28 17:19:06.300,84.82833333333333
2003.07.28,15:54:16.60,38.1,28.87,5.0,,2003-07-28 15:54:16.600,1395.4516666666668
2003.07.27,16:38:49.50,38.1,28.85,6.0,,2003-07-27 16:38:49.500,1325.2633333333333
2003.07.26,18:33:33.70,38.12,28.84,9.0,,2003-07-26 18:33:33.700,9.389999999999999
2003.07.26,18:24:10.30,38.07,28.89,3.0,,2003-07-26 18:24:10.300,292.57166666666666
2003.07.26,13:31:36.00,38.14,28.85,5.0,,2003-07-26 13:31:36.000,294.77000000000004
2003.07.26,08:36:49.80,38.11,28.89,7.0,5.1,2003-07-26 08:36:49.800,441.19666666666666
2003.07.26,01:15:38.00,38.05,28.97,10.0,,2003-07-26 01:15:38.000,14.678333333333335
2003.07.26,01:00:57.30,38.11,28.87,6.0,4.7,2003-07-26 01:00:57.300,3203.858333333333
2003.07.23,19:37:05.80,40.41,26.16,10.0,,2003-07-23 19:37:05.800,881.0383333333334
2003.07.23,04:56:03.50,38.14,28.86,4.0,,2003-07-23 04:56:03.500,1738.2866666666666
2003.07.21,23:57:46.30,38.74,26.47,14.0,,2003-07-21 23:57:46.300,2591.338333333333
2003.07.20,04:46:26.00,40.28,29.69,7.0,,2003-07-20 04:46:26.000,1334.9233333333332
2003.07.19,06:31:30.60,39.02,29.74,7.0,,2003-07-19 06:31:30.600,1059.315
2003.07.18,12:52:11.70,40.44,26.12,10.0,,2003-07-18 12:52:11.700,428.12
2003.07.18,05:44:04.50,40.43,25.88,1.0,,2003-07-18 05:44:04.500,2239.4066666666668
2003.07.16,16:24:40.10,40.14,25.38,9.0,,2003-07-16 16:24:40.100,2451.6549999999997
2003.07.14,23:33:00.80,36.45,29.62,10.0,,2003-07-14 23:33:00.800,2460.9033333333336
2003.07.13,06:32:06.60,40.4,25.84,7.0,,2003-07-13 06:32:06.600,82.3
2003.07.13,05:09:48.60,40.83,27.48,14.0,,2003-07-13 05:09:48.600,1758.5666666666666
2003.07.11,23:51:14.60,40.23,25.41,14.0,,2003-07-11 23:51:14.600,2329.9533333333334
2003.07.10,09:01:17.40,40.2,25.38,11.0,,2003-07-10 09:01:17.400,455.02000000000004
2003.07.10,01:26:16.20,40.44,25.87,5.0,,2003-07-10 01:26:16.200,169.12166666666664
2003.07.09,22:37:08.90,40.37,25.91,10.0,,2003-07-09 22:37:08.900,5.47
2003.07.09,22:31:40.70,40.4,25.95,11.0,,2003-07-09 22:31:40.700,22.865000000000002
2003.07.09,22:08:48.80,40.4,25.89,9.0,,2003-07-09 22:08:48.800,6.86
2003.07.09,22:01:57.20,40.38,25.92,9.0,,2003-07-09 22:01:57.200,4005.7483333333334
2003.07.07,03:16:12.30,36.42,28.04,13.0,,2003-07-07 03:16:12.300,274.065
2003.07.06,22:42:08.40,40.44,25.93,8.0,,2003-07-06 22:42:08.400,36.32166666666667
2003.07.06,22:05:49.10,40.39,26.04,10.0,,2003-07-06 22:05:49.100,76.93666666666667
2003.07.06,20:48:52.90,40.43,26.01,11.0,,2003-07-06 20:48:52.900,38.644999999999996
2003.07.06,20:10:14.20,40.51,26.06,8.0,,2003-07-06 20:10:14.200,57.825
2003.07.06,19:12:24.70,40.1,26.63,10.0,,2003-07-06 19:12:24.700,1.93
2003.07.06,19:10:28.90,40.39,26.19,12.0,5.7,2003-07-06 19:10:28.900,1271.9616666666666
2003.07.05,21:58:31.20,40.4,26.19,12.0,,2003-07-05 21:58:31.200,3615.726666666667
2003.07.03,09:42:47.60,39.67,25.63,8.0,,2003-07-03 09:42:47.600,394.18333333333334
2003.07.03,03:08:36.60,38.08,28.97,2.0,,2003-07-03 03:08:36.600,1525.0083333333334
2003.07.02,01:43:36.10,38.04,28.95,7.0,,2003-07-02 01:43:36.100,9062.535
2003.06.25,18:41:04.00,38.86,26.22,12.0,,2003-06-25 18:41:04.000,4014.725
2003.06.22,23:46:20.50,39.02,28.03,11.0,,2003-06-22 23:46:20.500,9751.371666666668
2003.06.16,05:14:58.20,39.45,25.81,8.0,,2003-06-16 05:14:58.200,1248.3
2003.06.15,08:26:40.20,39.31,28.23,12.0,,2003-06-15 08:26:40.200,1328.6016666666667
2003.06.14,10:18:04.10,40.12,25.3,10.0,,2003-06-14 10:18:04.100,38.230000000000004
2003.06.14,09:39:50.30,39.28,28.22,9.0,,2003-06-14 09:39:50.300,841.8349999999999
2003.06.13,19:38:00.20,39.28,28.2,9.0,,2003-06-13 19:38:00.200,549.06
2003.06.13,10:28:56.60,39.3,28.2,10.0,,2003-06-13 10:28:56.600,2058.31
2003.06.12,00:10:38.00,40.26,25.16,10.0,,2003-06-12 00:10:38.000,2828.79
2003.06.10,01:01:50.60,40.32,25.67,6.0,,2003-06-10 01:01:50.600,434.75333333333333
2003.06.09,17:47:05.40,40.21,27.91,14.0,,2003-06-09 17:47:05.400,3.0383333333333336
2003.06.09,17:44:03.10,40.21,27.94,17.0,,2003-06-09 17:44:03.100,1410.0883333333334
2003.06.08,18:13:57.80,38.44,25.41,19.0,,2003-06-08 18:13:57.800,34307.40666666666
2003.05.15,22:26:33.40,36.63,25.62,10.0,,2003-05-15 22:26:33.400,172.18166666666667
2003.05.15,19:34:22.50,36.44,27.38,11.0,,2003-05-15 19:34:22.500,8488.436666666666
2003.05.09,22:05:56.30,38.96,27.3,14.0,,2003-05-09 22:05:56.300,7859.931666666667
2003.05.04,11:06:00.40,38.2,26.97,10.0,,2003-05-04 11:06:00.400,5.423333333333333
2003.05.04,11:00:35.00,38.2,26.93,8.0,,2003-05-04 11:00:35.000,567.4316666666667
2003.05.04,01:33:09.10,38.26,26.77,16.0,,2003-05-04 01:33:09.100,7492.5216666666665
2003.04.28,20:40:37.80,39.12,27.95,9.0,,2003-04-28 20:40:37.800,10810.508333333333
2003.04.21,08:30:07.30,38.22,26.84,13.0,,2003-04-21 08:30:07.300,4915.71
2003.04.17,22:34:24.70,38.24,26.86,6.0,5.2,2003-04-17 22:34:24.700,10320.066666666668
2003.04.10,18:34:20.70,38.22,26.73,15.0,,2003-04-10 18:34:20.700,29.763333333333332
2003.04.10,18:04:34.90,38.22,26.82,12.0,,2003-04-10 18:04:34.900,900.7133333333334
2003.04.10,03:03:52.10,38.23,26.83,16.0,,2003-04-10 03:03:52.100,91.53666666666666
2003.04.10,01:32:19.90,38.24,26.9,15.0,,2003-04-10 01:32:19.900,16.041666666666668
2003.04.10,01:16:17.40,38.24,26.95,17.0,,2003-04-10 01:16:17.400,4.758333333333334
2003.04.10,01:11:31.90,36.99,29.59,10.0,,2003-04-10 01:11:31.900,17.726666666666667
2003.04.10,00:53:48.30,38.2,26.79,8.0,,2003-04-10 00:53:48.300,13.548333333333334
2003.04.10,00:40:15.40,38.21,26.79,11.0,5.8,2003-04-10 00:40:15.400,17641.943333333336
2003.03.28,18:38:18.80,38.18,27.7,8.0,,2003-03-28 18:38:18.800,11892.736666666666
2003.03.20,12:25:34.60,39.97,28.74,12.0,,2003-03-20 12:25:34.600,10696.503333333332
2003.03.13,02:09:04.40,39.45,26.13,10.0,,2003-03-13 02:09:04.400,562.9016666666666
2003.03.12,16:46:10.30,39.35,26.05,7.0,,2003-03-12 16:46:10.300,43069.79666666666
2003.02.10,18:56:22.50,36.26,27.54,13.0,,2003-02-10 18:56:22.500,102.26833333333335
2003.02.10,17:14:06.40,36.49,27.92,27.0,,2003-02-10 17:14:06.400,1033.6683333333333
2003.02.10,00:00:26.30,39.02,26.3,33.0,,2003-02-10 00:00:26.300,351.13666666666666
2003.02.09,18:09:18.10,39.03,24.78,5.0,,2003-02-09 18:09:18.100,8667.141666666666
2003.02.03,17:42:09.60,37.25,27.81,3.0,,2003-02-03 17:42:09.600,151.155
2003.02.03,15:11:00.30,37.23,27.77,5.0,,2003-02-03 15:11:00.300,5298.391666666666
2003.01.30,22:52:36.80,36.06,27.13,68.0,,2003-01-30 22:52:36.800,66.155
2003.01.30,21:46:27.50,36.24,26.79,10.0,,2003-01-30 21:46:27.500,86.47
2003.01.30,20:19:59.30,36.21,26.85,6.0,,2003-01-30 20:19:59.300,15248.228333333333
2003.01.20,06:11:45.60,38.5,25.51,10.0,,2003-01-20 06:11:45.600,4060.4950000000003
2003.01.17,10:31:15.90,37.84,29.46,5.0,,2003-01-17 10:31:15.900,1933.3783333333333
2003.01.16,02:17:53.20,38.27,27.07,9.0,,2003-01-16 02:17:53.200,15235.116666666667
2003.01.05,12:22:46.20,39.54,28.43,17.0,,2003-01-05 12:22:46.200,696.0733333333334
2003.01.05,00:46:41.80,39.24,28.09,15.0,,2003-01-05 00:46:41.800,9122.246666666668
2002.12.29,16:44:27.00,36.31,27.06,5.0,,2002-12-29 16:44:27.000,7069.820000000001
2002.12.24,18:54:37.80,37.85,29.77,13.0,,2002-12-24 18:54:37.800,9214.678333333333
2002.12.18,09:19:57.10,36.66,30.11,77.0,,2002-12-18 09:19:57.100,9687.656666666668
2002.12.11,15:52:17.70,38.32,27.09,17.0,,2002-12-11 15:52:17.700,5987.14
2002.12.07,12:05:09.30,37.47,30.2,7.0,,2002-12-07 12:05:09.300,1421.965
2002.12.06,12:23:11.40,37.09,27.54,8.0,,2002-12-06 12:23:11.400,33.515
2002.12.06,11:49:40.50,37.16,27.54,10.0,,2002-12-06 11:49:40.500,1901.6899999999998
2002.12.05,04:07:59.10,37.0,27.52,10.0,,2002-12-05 04:07:59.100,270.05333333333334
2002.12.04,23:37:55.90,36.86,27.53,8.0,,2002-12-04 23:37:55.900,136.605
2002.12.04,21:21:19.60,37.14,27.5,6.0,,2002-12-04 21:21:19.600,2813.54
2002.12.02,22:27:47.20,37.43,30.25,6.0,,2002-12-02 22:27:47.200,2725.2083333333335
2002.12.01,01:02:34.70,38.59,25.52,8.0,,2002-12-01 01:02:34.700,6991.848333333333
2002.11.26,04:30:43.80,39.0,25.64,14.0,,2002-11-26 04:30:43.800,75.03500000000001
2002.11.26,03:15:41.70,39.11,25.73,19.0,,2002-11-26 03:15:41.700,917.5866666666666
2002.11.25,11:58:06.50,39.61,25.19,8.0,,2002-11-25 11:58:06.500,17556.245
2002.11.13,07:21:51.80,37.16,27.59,10.0,,2002-11-13 07:21:51.800,4264.493333333334
2002.11.10,08:17:22.20,39.23,23.77,13.0,,2002-11-10 08:17:22.200,88.63333333333334
2002.11.10,06:48:44.20,40.01,25.43,5.0,,2002-11-10 06:48:44.200,4452.4783333333335
2002.11.07,04:36:15.50,38.56,29.74,8.0,,2002-11-07 04:36:15.500,6048.485
2002.11.02,23:47:46.40,37.05,27.58,5.0,,2002-11-02 23:47:46.400,40.355000000000004
2002.11.02,23:07:25.10,37.15,27.57,7.0,,2002-11-02 23:07:25.100,1113.1633333333334
2002.11.02,04:34:15.30,39.33,25.74,18.0,,2002-11-02 04:34:15.300,81.06666666666666
2002.11.02,03:13:11.30,37.09,27.57,10.0,,2002-11-02 03:13:11.300,43.97833333333333
2002.11.02,02:29:12.60,37.07,27.57,10.0,,2002-11-02 02:29:12.600,4.943333333333333
2002.11.02,02:24:16.00,37.14,27.65,10.0,,2002-11-02 02:24:16.000,20005.516666666666
2002.10.19,04:58:45.00,36.29,29.13,31.0,,2002-10-19 04:58:45.000,566.4599999999999
2002.10.18,19:32:17.40,36.54,30.47,30.0,,2002-10-18 19:32:17.400,2657.9416666666666
2002.10.16,23:14:20.90,36.13,28.36,14.0,,2002-10-16 23:14:20.900,1261.595
2002.10.16,02:12:45.20,38.65,25.81,12.0,,2002-10-16 02:12:45.200,6339.92
2002.10.11,16:32:50.00,38.37,24.91,10.0,,2002-10-11 16:32:50.000,9341.826666666666
2002.10.05,04:51:00.40,38.55,25.98,13.0,,2002-10-05 04:51:00.400,4339.388333333333
2002.10.02,04:31:37.10,36.16,27.57,15.0,,2002-10-02 04:31:37.100,5887.661666666667
2002.09.28,02:23:57.40,38.29,27.13,10.0,,2002-09-28 02:23:57.400,1779.8366666666666
2002.09.26,20:44:07.20,36.77,27.83,8.0,,2002-09-26 20:44:07.200,8284.678333333333
2002.09.21,02:39:26.50,37.98,25.81,8.0,,2002-09-21 02:39:26.500,13196.768333333333
2002.09.11,22:42:40.40,38.03,25.83,9.0,,2002-09-11 22:42:40.400,1180.6466666666668
2002.09.11,03:02:01.60,37.92,25.41,7.0,,2002-09-11 03:02:01.600,5653.493333333333
2002.09.07,04:48:32.00,39.52,22.97,34.0,,2002-09-07 04:48:32.000,1828.9283333333333
2002.09.05,22:19:36.30,38.7,23.21,10.0,,2002-09-05 22:19:36.300,1963.7466666666667
2002.09.04,13:35:51.50,38.28,27.28,11.0,,2002-09-04 13:35:51.500,4771.259999999999
2002.09.01,06:04:35.90,39.32,23.63,10.0,,2002-09-01 06:04:35.900,204.95833333333334
2002.09.01,02:39:38.40,39.3,24.14,7.0,,2002-09-01 02:39:38.400,497.8
2002.08.31,18:21:50.40,36.39,27.62,20.0,,2002-08-31 18:21:50.400,23543.210000000003
2002.08.15,09:58:37.80,38.88,27.45,5.0,,2002-08-15 09:58:37.800,22050.4
2002.07.31,02:28:13.80,39.0,29.59,9.0,,2002-07-31 02:28:13.800,847.84
2002.07.30,12:20:23.40,37.73,29.22,6.0,,2002-07-30 12:20:23.400,2746.5133333333333
2002.07.28,14:33:52.60,37.98,23.55,5.0,,2002-07-28 14:33:52.600,2784.0833333333335
2002.07.26,16:09:47.60,36.68,27.3,10.0,,2002-07-26 16:09:47.600,1714.8783333333333
2002.07.25,11:34:54.90,38.73,25.95,19.0,,2002-07-25 11:34:54.900,1594.8316666666665
2002.07.24,09:00:05.00,36.18,27.39,31.0,,2002-07-24 09:00:05.000,20721.653333333332
2002.07.09,23:38:25.80,39.29,27.85,9.0,,2002-07-09 23:38:25.800,59.17333333333333
2002.07.09,22:39:15.40,39.31,27.84,8.0,,2002-07-09 22:39:15.400,5582.158333333334
2002.07.06,01:37:05.90,40.75,27.57,16.0,,2002-07-06 01:37:05.900,1464.0266666666669
2002.07.05,01:13:04.30,37.96,28.82,10.0,,2002-07-05 01:13:04.300,101.81833333333334
2002.07.04,23:31:15.20,37.19,27.68,10.0,,2002-07-04 23:31:15.200,681.6316666666667
2002.07.04,12:09:37.30,37.95,28.79,8.0,,2002-07-04 12:09:37.300,187.645
2002.07.04,09:01:58.60,38.63,25.5,4.0,,2002-07-04 09:01:58.600,390.94166666666666
2002.07.04,02:31:02.10,37.37,29.95,12.0,,2002-07-04 02:31:02.100,6351.751666666666
2002.06.29,16:39:17.00,38.9,26.57,9.0,,2002-06-29 16:39:17.000,9720.144999999999
2002.06.22,22:39:08.30,36.69,28.69,10.0,,2002-06-22 22:39:08.300,21799.835000000003
2002.06.07,19:19:18.20,39.19,28.19,12.0,,2002-06-07 19:19:18.200,2289.3066666666664
2002.06.06,05:09:59.80,39.06,28.01,8.0,,2002-06-06 05:09:59.800,12763.32
2002.05.28,08:26:40.60,36.21,27.24,10.0,,2002-05-28 08:26:40.600,724.9599999999999
2002.05.27,20:21:43.00,37.93,26.3,8.0,,2002-05-27 20:21:43.000,6693.705
2002.05.23,04:48:00.70,38.74,26.47,14.0,,2002-05-23 04:48:00.700,5306.946666666667
2002.05.19,12:21:03.90,38.33,26.34,9.0,,2002-05-19 12:21:03.900,73.47333333333333
2002.05.19,11:07:35.50,38.4,26.34,10.0,,2002-05-19 11:07:35.500,21.634999999999998
2002.05.19,10:45:57.40,38.48,26.52,17.0,,2002-05-19 10:45:57.400,512.955
2002.05.19,02:13:00.10,39.19,27.29,10.0,,2002-05-19 02:13:00.100,5920.328333333334
2002.05.14,23:32:40.40,37.03,26.73,8.0,,2002-05-14 23:32:40.400,8502.901666666667
2002.05.09,01:49:46.30,37.12,23.68,10.0,,2002-05-09 01:49:46.300,926.145
2002.05.08,10:23:37.60,38.7,26.13,9.0,,2002-05-08 10:23:37.600,473.94666666666666
2002.05.08,02:29:40.80,36.81,26.49,10.0,,2002-05-08 02:29:40.800,3907.516666666667
2002.05.05,09:22:09.80,40.53,28.32,7.0,,2002-05-05 09:22:09.800,1339.4316666666666
2002.05.04,11:02:43.90,39.13,27.87,14.0,,2002-05-04 11:02:43.900,3731.4933333333333
2002.05.01,20:51:14.30,36.49,30.48,29.0,,2002-05-01 20:51:14.300,13136.496666666668
2002.04.22,17:54:44.50,39.29,27.68,8.0,,2002-04-22 17:54:44.500,11139.913333333334
2002.04.15,00:14:49.70,38.53,27.04,14.0,,2002-04-15 00:14:49.700,3438.8783333333336
2002.04.12,14:55:57.00,40.21,25.13,17.0,,2002-04-12 14:55:57.000,9066.711666666666
2002.04.06,07:49:14.30,40.39,26.43,8.0,,2002-04-06 07:49:14.300,1450.4316666666666
2002.04.05,07:38:48.40,37.74,30.23,7.0,,2002-04-05 07:38:48.400,1960.9666666666667
2002.04.03,22:57:50.40,37.76,30.33,9.0,,2002-04-03 22:57:50.400,1632.3100000000002
2002.04.02,19:45:31.80,39.33,27.85,6.0,,2002-04-02 19:45:31.800,4184.163333333333
2002.03.30,22:01:22.00,40.32,25.95,10.0,,2002-03-30 22:01:22.000,11062.668333333333
2002.03.23,05:38:41.90,40.81,27.88,5.0,,2002-03-23 05:38:41.900,182.52166666666665
2002.03.23,02:36:10.60,40.81,27.84,12.0,,2002-03-23 02:36:10.600,11727.733333333334
2002.03.14,23:08:26.60,38.39,28.14,12.0,,2002-03-14 23:08:26.600,329.455
2002.03.14,17:38:59.30,38.35,28.14,9.0,,2002-03-14 17:38:59.300,16674.061666666665
2002.03.03,03:44:55.60,38.32,28.09,5.0,,2002-03-03 03:44:55.600,1835.385
2002.03.01,21:09:32.50,37.24,27.81,7.0,,2002-03-01 21:09:32.500,321.54833333333335
2002.03.01,15:47:59.60,38.36,28.12,8.0,,2002-03-01 15:47:59.600,226.57833333333335
2002.03.01,12:01:24.90,38.31,28.1,9.0,,2002-03-01 12:01:24.900,314.74666666666667
2002.03.01,06:46:40.10,38.34,28.17,7.0,,2002-03-01 06:46:40.100,42.016666666666666
2002.03.01,06:04:39.10,38.37,28.12,7.0,,2002-03-01 06:04:39.100,1286.7866666666666
2002.02.28,08:37:51.90,40.79,28.17,8.0,,2002-02-28 08:37:51.900,12865.576666666666
2002.02.19,10:12:17.30,36.14,27.28,33.0,,2002-02-19 10:12:17.300,2748.67
2002.02.17,12:23:37.10,36.32,27.75,22.0,,2002-02-17 12:23:37.100,4357.13
2002.02.14,11:46:29.30,38.55,25.29,27.0,,2002-02-14 11:46:29.300,4673.755
2002.02.11,05:52:44.00,37.89,29.22,9.0,,2002-02-11 05:52:44.000,4533.108333333334
2002.02.08,02:19:37.50,38.96,24.84,10.0,,2002-02-08 02:19:37.500,21897.438333333335
2002.01.23,21:22:11.20,38.64,27.82,8.0,,2002-01-23 21:22:11.200,3287.788333333333
2002.01.21,14:34:23.90,38.67,27.83,11.0,,2002-01-21 14:34:23.900,18736.508333333335
2002.01.08,14:17:53.40,36.11,29.84,20.0,,2002-01-08 14:17:53.400,13865.45
2001.12.29,23:12:26.40,36.32,27.92,17.0,,2001-12-29 23:12:26.400,2477.385
2001.12.28,05:55:03.30,38.9,25.89,31.0,,2001-12-28 05:55:03.300,1824.16
2001.12.26,23:30:53.70,38.67,26.08,8.0,,2001-12-26 23:30:53.700,11125.918333333333
2001.12.19,06:04:58.60,36.37,26.91,10.0,,2001-12-19 06:04:58.600,20609.481666666667
2001.12.04,22:35:29.70,37.24,27.58,5.0,,2001-12-04 22:35:29.700,1555.2
2001.12.03,20:40:17.70,39.38,25.96,27.0,,2001-12-03 20:40:17.700,11620.715
2001.11.25,18:59:34.80,38.72,26.31,6.0,,2001-11-25 18:59:34.800,12183.171666666667
2001.11.17,07:56:24.50,36.07,27.51,12.0,,2001-11-17 07:56:24.500,17025.641666666666
2001.11.05,12:10:46.00,40.14,24.6,10.0,,2001-11-05 12:10:46.000,9588.876666666667
2001.10.29,20:21:53.40,39.1,25.01,15.0,,2001-10-29 20:21:53.400,11722.071666666667
2001.10.21,16:59:49.10,38.33,25.03,10.0,,2001-10-21 16:59:49.100,6423.483333333334
2001.10.17,05:56:20.10,38.73,26.15,8.0,,2001-10-17 05:56:20.100,209.11
2001.10.17,02:27:13.50,39.89,26.8,7.0,,2001-10-17 02:27:13.500,2794.0566666666664
2001.10.15,03:53:10.10,38.98,26.69,10.0,,2001-10-15 03:53:10.100,719.5949999999999
2001.10.14,15:53:34.40,38.66,26.04,10.0,,2001-10-14 15:53:34.400,1330.5833333333333
2001.10.13,17:42:59.40,38.88,26.33,10.0,,2001-10-13 17:42:59.400,7564.759999999999
2001.10.08,11:38:13.80,36.95,28.01,17.0,,2001-10-08 11:38:13.800,17482.656666666666
2001.09.26,08:15:34.40,40.1,25.21,6.0,,2001-09-26 08:15:34.400,113.89
2001.09.26,06:21:41.00,40.15,25.13,10.0,,2001-09-26 06:21:41.000,201.765
2001.09.26,02:59:55.10,40.26,25.33,33.0,,2001-09-26 02:59:55.100,90.44166666666666
2001.09.26,01:29:28.60,40.38,24.91,10.0,,2001-09-26 01:29:28.600,10158.203333333333
2001.09.19,00:11:16.40,39.59,23.91,10.0,,2001-09-19 00:11:16.400,3145.913333333333
2001.09.16,19:45:21.60,38.94,26.19,16.0,,2001-09-16 19:45:21.600,9084.758333333333
2001.09.10,12:20:36.10,37.54,29.79,9.0,,2001-09-10 12:20:36.100,19596.94
2001.08.27,21:43:39.70,39.18,24.08,2.0,,2001-08-27 21:43:39.700,110.46833333333333
2001.08.27,19:53:11.60,38.47,25.44,10.0,,2001-08-27 19:53:11.600,94.71499999999999
2001.08.27,18:18:28.70,38.48,25.25,10.0,,2001-08-27 18:18:28.700,2729.3083333333334
2001.08.25,20:49:10.20,37.63,28.51,7.0,,2001-08-25 20:49:10.200,17669.716666666667
2001.08.13,14:19:27.20,38.79,25.9,12.0,,2001-08-13 14:19:27.200,188.44
2001.08.13,11:11:00.80,39.34,27.87,6.0,,2001-08-13 11:11:00.800,333.65166666666664
2001.08.13,05:37:21.70,39.63,26.42,15.0,,2001-08-13 05:37:21.700,1048.8433333333332
2001.08.12,12:08:31.10,38.04,25.1,14.0,,2001-08-12 12:08:31.100,3046.26
2001.08.10,09:22:15.50,38.79,24.43,14.0,,2001-08-10 09:22:15.500,95.13166666666666
2001.08.10,07:47:07.60,38.07,25.05,16.0,,2001-08-10 07:47:07.600,2554.7466666666664
2001.08.08,13:12:22.80,39.35,26.58,1.0,,2001-08-08 13:12:22.800,7536.048333333334
2001.08.03,07:36:19.90,39.79,23.92,14.0,,2001-08-03 07:36:19.900,314.93833333333333
2001.08.03,02:21:23.60,38.49,24.79,10.0,,2001-08-03 02:21:23.600,460.705
2001.08.02,18:40:41.30,39.22,24.35,3.0,,2001-08-02 18:40:41.300,3306.9316666666664
2001.07.31,11:33:45.40,38.81,23.94,18.0,,2001-07-31 11:33:45.400,1208.8016666666667
2001.07.30,15:24:57.30,39.15,24.34,3.0,,2001-07-30 15:24:57.300,6850.4
2001.07.25,21:14:33.30,36.91,28.51,27.0,,2001-07-25 21:14:33.300,3943.4333333333334
2001.07.23,03:31:07.30,38.54,25.31,13.0,,2001-07-23 03:31:07.300,2323.463333333333
2001.07.21,12:47:39.50,39.02,24.51,12.0,,2001-07-21 12:47:39.500,682.2183333333334
2001.07.21,01:25:26.40,36.94,24.56,53.0,,2001-07-21 01:25:26.400,2402.2533333333336
2001.07.19,09:23:11.20,38.1,26.4,7.0,,2001-07-19 09:23:11.200,1944.8266666666668
2001.07.18,00:58:21.60,38.73,26.06,14.0,,2001-07-18 00:58:21.600,14322.58
2001.07.08,02:15:46.80,38.89,26.79,1.0,,2001-07-08 02:15:46.800,10573.394999999999
2001.06.30,18:02:23.10,37.21,26.61,8.0,,2001-06-30 18:02:23.100,2737.5733333333333
2001.06.28,20:24:48.70,37.23,26.61,7.0,,2001-06-28 20:24:48.700,529.2083333333334
2001.06.28,11:35:36.20,39.28,27.86,5.0,,2001-06-28 11:35:36.200,2527.7283333333335
2001.06.26,17:27:52.50,38.66,26.21,19.0,,2001-06-26 17:27:52.500,8.155
2001.06.26,17:19:43.20,38.65,26.33,8.0,,2001-06-26 17:19:43.200,109.70833333333333
2001.06.26,15:30:00.70,38.71,26.52,13.0,,2001-06-26 15:30:00.700,3100.4066666666668
2001.06.24,11:49:36.30,39.38,27.82,8.0,,2001-06-24 11:49:36.300,1411.2466666666667
2001.06.23,12:18:21.50,39.32,27.9,11.0,,2001-06-23 12:18:21.500,535.6316666666667
2001.06.23,03:22:43.60,39.29,27.81,5.0,,2001-06-23 03:22:43.600,446.37
2001.06.22,19:56:21.40,39.29,27.88,8.0,,2001-06-22 19:56:21.400,207.89166666666668
2001.06.22,16:28:27.90,38.3,30.15,10.0,,2001-06-22 16:28:27.900,273.62166666666667
2001.06.22,11:54:50.60,39.38,27.9,7.0,,2001-06-22 11:54:50.600,8162.278333333334
2001.06.16,19:52:33.90,38.75,25.48,7.0,,2001-06-16 19:52:33.900,4827.526666666667
2001.06.13,11:25:02.30,38.32,25.35,9.0,,2001-06-13 11:25:02.300,254.76166666666668
2001.06.13,07:10:16.60,38.37,25.32,10.0,,2001-06-13 07:10:16.600,4.418333333333334
2001.06.13,07:05:51.50,38.62,25.64,10.0,,2001-06-13 07:05:51.500,1791.6033333333332
2001.06.12,01:14:15.30,37.53,26.51,12.0,,2001-06-12 01:14:15.300,150.54666666666665
2001.06.11,22:43:42.50,38.54,25.57,10.0,,2001-06-11 22:43:42.500,150.72
2001.06.11,20:12:59.30,38.6,25.67,11.0,,2001-06-11 20:12:59.300,894.14
2001.06.11,05:18:50.90,38.38,25.42,6.0,,2001-06-11 05:18:50.900,193.985
2001.06.11,02:04:51.80,38.77,26.05,16.0,,2001-06-11 02:04:51.800,102.06333333333333
2001.06.11,00:22:48.00,38.8,26.3,17.0,,2001-06-11 00:22:48.000,104.76833333333335
2001.06.10,22:38:01.90,37.97,25.22,33.0,,2001-06-10 22:38:01.900,338.50333333333333
2001.06.10,16:59:31.70,38.67,25.63,10.0,,2001-06-10 16:59:31.700,104.6
2001.06.10,15:14:55.70,38.26,25.16,6.0,,2001-06-10 15:14:55.700,61.49666666666667
2001.06.10,14:13:25.90,38.57,25.47,10.0,,2001-06-10 14:13:25.900,39.09
2001.06.10,13:34:20.50,38.78,25.6,12.0,,2001-06-10 13:34:20.500,23.30666666666667
2001.06.10,13:11:02.10,38.57,25.69,7.0,,2001-06-10 13:11:02.100,9442.606666666667
2001.06.03,23:48:25.70,39.0,27.19,6.0,,2001-06-03 23:48:25.700,167.17666666666668
2001.06.03,21:01:15.10,38.99,27.06,1.0,,2001-06-03 21:01:15.100,2.8383333333333334
2001.06.03,20:58:24.80,38.97,27.23,9.0,,2001-06-03 20:58:24.800,4398.576666666666
2001.05.31,19:39:50.20,39.5,26.33,10.0,,2001-05-31 19:39:50.200,4447.61
2001.05.28,17:32:13.60,39.35,27.85,5.0,,2001-05-28 17:32:13.600,5962.475
2001.05.24,14:09:45.10,38.83,27.64,3.0,,2001-05-24 14:09:45.100,412.775
2001.05.24,07:16:58.60,39.32,27.87,7.0,,2001-05-24 07:16:58.600,29.523333333333333
2001.05.24,06:47:27.20,39.37,27.82,9.0,,2001-05-24 06:47:27.200,21.551666666666666
2001.05.24,06:25:54.10,39.35,27.89,6.0,,2001-05-24 06:25:54.100,90.49833333333332
2001.05.24,04:55:24.20,39.32,27.83,7.0,,2001-05-24 04:55:24.200,97.265
2001.05.24,03:18:08.30,39.35,27.84,7.0,,2001-05-24 03:18:08.300,2232.3933333333334
2001.05.22,14:05:44.70,38.72,25.84,10.0,,2001-05-22 14:05:44.700,3452.71
2001.05.20,04:33:02.10,38.33,25.32,26.0,,2001-05-20 04:33:02.100,2.7183333333333333
2001.05.20,04:30:19.00,38.8,26.2,8.0,,2001-05-20 04:30:19.000,52.641666666666666
2001.05.20,03:37:40.50,37.77,24.02,6.0,,2001-05-20 03:37:40.500,27.988333333333333
2001.05.20,03:09:41.20,38.59,25.73,8.0,,2001-05-20 03:09:41.200,12002.786666666665
2001.05.11,19:06:54.00,37.39,30.27,7.0,,2001-05-11 19:06:54.000,31577.463333333333
2001.04.19,20:49:26.20,39.07,29.49,6.0,,2001-04-19 20:49:26.200,14443.81
2001.04.09,20:05:37.60,36.69,28.84,19.0,,2001-04-09 20:05:37.600,11363.276666666667
2001.04.01,22:42:21.00,39.51,28.14,7.0,,2001-04-01 22:42:21.000,12094.69
2001.03.24,13:07:39.60,40.86,28.85,11.0,,2001-03-24 13:07:39.600,4762.263333333333
2001.03.21,05:45:23.80,38.47,26.57,9.0,,2001-03-21 05:45:23.800,9191.06
2001.03.14,20:34:20.20,40.85,27.64,8.0,,2001-03-14 20:34:20.200,1196.6416666666667
2001.03.14,00:37:41.70,38.18,24.69,27.0,,2001-03-14 00:37:41.700,5997.7733333333335
2001.03.09,20:39:55.30,36.59,28.35,29.0,,2001-03-09 20:39:55.300,682.89
2001.03.09,09:17:01.90,36.01,26.61,10.0,,2001-03-09 09:17:01.900,10858.49
2001.03.01,20:18:32.50,38.11,26.86,21.0,,2001-03-01 20:18:32.500,407.18833333333333
2001.03.01,13:31:21.20,38.06,26.78,23.0,,2001-03-01 13:31:21.200,3316.43
2001.02.27,06:14:55.40,39.09,26.84,9.0,,2001-02-27 06:14:55.400,124.11833333333334
2001.02.27,04:10:48.30,39.08,26.79,9.0,,2001-02-27 04:10:48.300,3414.625
2001.02.24,19:16:10.80,38.47,25.38,10.0,,2001-02-24 19:16:10.800,6420.841666666666
2001.02.20,08:15:20.30,39.28,24.52,5.0,,2001-02-20 08:15:20.300,3350.5016666666666
2001.02.18,00:24:50.20,37.97,26.58,13.0,,2001-02-18 00:24:50.200,845.4916666666667
2001.02.17,10:19:20.70,40.34,26.05,5.0,,2001-02-17 10:19:20.700,1107.6366666666665
2001.02.16,15:51:42.50,36.41,29.64,10.0,,2001-02-16 15:51:42.500,20520.076666666668
2001.02.02,09:51:37.90,37.75,30.17,10.0,,2001-02-02 09:51:37.900,1432.85
2001.02.01,09:58:46.90,40.06,27.74,7.0,,2001-02-01 09:58:46.900,11799.103333333333
2001.01.24,05:19:40.70,39.63,25.88,8.0,,2001-01-24 05:19:40.700,7241.070000000001
2001.01.19,04:38:36.50,39.14,27.83,12.0,,2001-01-19 04:38:36.500,4385.571666666667
2001.01.16,03:33:02.20,40.9,29.07,13.0,,2001-01-16 03:33:02.200,12454.863333333335
2001.01.07,11:58:10.40,39.5,26.62,10.0,,2001-01-07 11:58:10.400,2860.391666666667
2001.01.05,12:17:46.90,38.35,25.42,11.0,,2001-01-05 12:17:46.900,2097.1866666666665
2001.01.04,01:20:35.70,37.6,26.61,6.0,,2001-01-04 01:20:35.700,137.71
2001.01.03,23:02:53.10,38.92,26.11,7.0,,2001-01-03 23:02:53.100,26616.56
2000.12.16,11:26:19.50,39.22,27.79,5.0,,2000-12-16 11:26:19.500,6112.7283333333335
2000.12.12,05:33:35.80,39.13,27.92,5.0,,2000-12-12 05:33:35.800,5704.701666666666
2000.12.08,06:28:53.70,39.55,23.53,5.0,,2000-12-08 06:28:53.700,2421.2516666666666
2000.12.06,14:07:38.60,39.66,28.59,9.0,,2000-12-06 14:07:38.600,1783.4
2000.12.05,08:24:14.60,39.13,27.92,7.0,,2000-12-05 08:24:14.600,7519.191666666667
2000.11.30,03:05:03.10,40.13,25.11,1.0,,2000-11-30 03:05:03.100,4435.121666666667
2000.11.27,01:09:55.80,37.98,28.96,8.0,,2000-11-27 01:09:55.800,469.3233333333334
2000.11.26,17:20:36.40,37.95,28.92,14.0,,2000-11-26 17:20:36.400,12.043333333333333
2000.11.26,17:08:33.80,37.98,28.93,11.0,,2000-11-26 17:08:33.800,214.40833333333333
2000.11.26,13:34:09.30,37.93,28.96,9.0,,2000-11-26 13:34:09.300,4027.985
2000.11.23,18:26:10.20,40.66,30.39,12.0,,2000-11-23 18:26:10.200,1501.8116666666667
2000.11.22,17:24:21.50,36.01,27.07,30.0,,2000-11-22 17:24:21.500,625.015
2000.11.22,06:59:20.60,40.63,29.11,8.0,,2000-11-22 06:59:20.600,12439.106666666667
2000.11.13,15:40:14.20,39.54,25.38,3.0,,2000-11-13 15:40:14.200,1108.2166666666667
2000.11.12,21:12:01.20,36.07,30.23,0.0,,2000-11-12 21:12:01.200,7198.046666666666
2000.11.07,21:13:58.40,39.45,26.43,4.0,,2000-11-07 21:13:58.400,4855.658333333334
2000.11.04,12:18:18.90,39.48,27.71,3.0,,2000-11-04 12:18:18.900,5893.036666666667
2000.10.31,10:05:16.70,40.43,27.17,11.0,,2000-10-31 10:05:16.700,17937.673333333332
2000.10.18,23:07:36.30,36.16,28.54,6.0,,2000-10-18 23:07:36.300,11.945
2000.10.18,22:55:39.60,36.42,28.63,8.0,,2000-10-18 22:55:39.600,18056.64833333333
2000.10.06,09:59:00.70,37.95,29.03,5.0,,2000-10-06 09:59:00.700,746.4983333333333
2000.10.05,21:32:30.80,38.4,27.85,8.0,,2000-10-05 21:32:30.800,703.0266666666666
2000.10.05,09:49:29.20,37.89,29.09,7.0,,2000-10-05 09:49:29.200,38.42333333333333
2000.10.05,09:11:03.80,37.84,29.13,2.0,,2000-10-05 09:11:03.800,1159.21
2000.10.04,13:51:51.20,37.19,27.56,0.0,,2000-10-04 13:51:51.200,266.1983333333333
2000.10.04,09:25:39.30,39.4,27.6,10.0,,2000-10-04 09:25:39.300,51.43666666666666
2000.10.04,08:34:13.10,37.88,29.06,5.0,,2000-10-04 08:34:13.100,35.34
2000.10.04,07:58:52.70,37.9,28.95,8.0,,2000-10-04 07:58:52.700,324.93
2000.10.04,02:33:56.90,37.94,29.03,6.0,,2000-10-04 02:33:56.900,17672.873333333333
2000.09.21,20:01:04.50,39.32,27.87,6.0,,2000-09-21 20:01:04.500,350.68333333333334
2000.09.21,14:10:23.50,39.33,27.88,6.0,,2000-09-21 14:10:23.500,3167.6316666666667
2000.09.19,09:22:45.60,40.69,29.2,7.0,,2000-09-19 09:22:45.600,4601.051666666666
2000.09.16,04:41:42.50,37.0,27.39,10.0,,2000-09-16 04:41:42.500,4455.13
2000.09.13,02:26:34.70,37.1,28.45,0.0,,2000-09-13 02:26:34.700,597.9116666666666
2000.09.12,16:28:40.00,39.41,26.2,19.0,,2000-09-12 16:28:40.000,4809.861666666667
2000.09.09,08:18:48.30,39.37,27.68,5.0,,2000-09-09 08:18:48.300,85.99833333333332
2000.09.09,06:52:48.40,39.33,27.68,5.0,,2000-09-09 06:52:48.400,1506.0216666666668
2000.09.08,05:46:47.10,39.38,27.63,9.0,,2000-09-08 05:46:47.100,2363.8066666666664
2000.09.06,14:22:58.70,40.62,29.19,6.0,,2000-09-06 14:22:58.700,10577.116666666667
2000.08.30,06:05:51.70,37.73,29.18,7.0,,2000-08-30 06:05:51.700,5090.7283333333335
2000.08.26,17:15:08.00,39.43,26.08,20.0,,2000-08-26 17:15:08.000,1622.275
2000.08.25,14:12:51.50,36.01,28.64,0.0,,2000-08-25 14:12:51.500,1220.2533333333333
2000.08.24,17:52:36.30,37.89,27.59,5.0,,2000-08-24 17:52:36.300,3736.975
2000.08.22,03:35:37.80,39.7,23.92,8.0,,2000-08-22 03:35:37.800,16056.269999999999
2000.08.10,23:59:21.60,38.91,26.81,15.0,,2000-08-10 23:59:21.600,1212.21
2000.08.10,03:47:09.00,37.28,29.02,0.0,,2000-08-10 03:47:09.000,14992.28
2000.07.30,17:54:52.20,37.01,30.38,9.0,,2000-07-30 17:54:52.200,7100.645
2000.07.25,19:34:13.50,37.94,23.21,8.0,,2000-07-25 19:34:13.500,4894.451666666666
2000.07.22,09:59:46.40,37.97,27.7,9.0,,2000-07-22 09:59:46.400,10627.698333333334
2000.07.15,00:52:04.50,37.88,29.32,8.0,,2000-07-15 00:52:04.500,2258.2433333333333
2000.07.13,11:13:49.90,36.0,28.37,9.0,,2000-07-13 11:13:49.900,4173.656666666667
2000.07.10,13:40:10.50,37.73,29.37,5.0,,2000-07-10 13:40:10.500,5124.663333333333
2000.07.07,00:15:30.70,40.85,29.23,9.0,,2000-07-07 00:15:30.700,799.4666666666667
2000.07.06,10:56:02.70,37.19,30.42,22.0,,2000-07-06 10:56:02.700,695.4433333333333
2000.07.05,23:20:36.10,40.31,26.03,0.0,,2000-07-05 23:20:36.100,1656.22
2000.07.04,19:44:22.90,40.41,26.22,10.0,,2000-07-04 19:44:22.900,1469.6899999999998
2000.07.03,19:14:41.50,40.51,26.0,5.0,,2000-07-03 19:14:41.500,6059.218333333333
2000.06.29,14:15:28.40,38.66,26.25,21.0,,2000-06-29 14:15:28.400,644.9616666666666
2000.06.29,03:30:30.70,37.9,29.1,5.0,,2000-06-29 03:30:30.700,2.2199999999999998
2000.06.29,03:28:17.50,37.87,29.02,6.0,,2000-06-29 03:28:17.500,12137.69
2000.06.20,17:10:36.10,39.58,27.92,18.0,,2000-06-20 17:10:36.100,658.6883333333334
2000.06.20,06:11:54.80,39.45,27.84,8.0,,2000-06-20 06:11:54.800,10116.966666666667
2000.06.13,05:34:56.80,36.26,27.51,5.0,,2000-06-13 05:34:56.800,8969.838333333335
2000.06.07,00:05:06.50,37.88,29.08,10.0,,2000-06-07 00:05:06.500,1518.6283333333333
2000.06.05,22:46:28.80,37.82,29.11,1.0,,2000-06-05 22:46:28.800,1310.1266666666668
2000.06.05,00:56:21.20,37.83,29.08,1.0,,2000-06-05 00:56:21.200,133.01166666666666
2000.06.04,22:43:20.50,37.91,29.09,8.0,,2000-06-04 22:43:20.500,630.0699999999999
2000.06.04,12:13:16.30,38.8,26.63,3.0,,2000-06-04 12:13:16.300,42.925
2000.06.04,11:30:20.80,38.54,27.12,25.0,,2000-06-04 11:30:20.800,215.64833333333334
2000.06.04,07:54:41.90,40.64,27.65,16.0,,2000-06-04 07:54:41.900,1102.6566666666665
2000.06.03,13:32:02.50,36.76,25.84,0.0,,2000-06-03 13:32:02.500,4119.973333333333
2000.05.31,16:52:04.10,38.94,26.86,17.0,,2000-05-31 16:52:04.100,9457.198333333334
2000.05.25,03:14:52.20,36.87,29.72,10.0,,2000-05-25 03:14:52.200,3735.7850000000003
2000.05.22,12:59:05.10,40.32,25.21,0.0,,2000-05-22 12:59:05.100,3376.1133333333332
2000.05.20,04:42:58.30,40.44,25.3,0.0,,2000-05-20 04:42:58.300,3817.3216666666663
2000.05.17,13:05:39.00,37.96,27.83,5.0,,2000-05-17 13:05:39.000,1394.7933333333335
2000.05.16,13:50:51.40,36.26,26.63,88.0,,2000-05-16 13:50:51.400,8853.331666666667
2000.05.10,10:17:31.50,37.92,29.26,7.0,,2000-05-10 10:17:31.500,9165.575
2000.05.04,01:31:57.00,38.36,24.87,9.0,,2000-05-04 01:31:57.000,4278.245
2000.05.01,02:13:42.30,40.09,26.23,0.0,,2000-05-01 02:13:42.300,5160.198333333334
2000.04.27,12:13:30.40,37.88,29.29,0.0,,2000-04-27 12:13:30.400,3995.6
2000.04.24,17:37:54.40,39.75,24.76,0.0,,2000-04-24 17:37:54.400,1541.1066666666666
2000.04.23,15:56:48.00,38.14,27.83,5.0,,2000-04-23 15:56:48.000,123.25833333333334
2000.04.23,13:53:32.50,38.08,27.77,0.0,,2000-04-23 13:53:32.500,1248.3133333333333
2000.04.22,17:05:13.70,37.88,29.27,8.0,,2000-04-22 17:05:13.700,1716.055
2000.04.21,12:29:10.40,37.84,29.31,0.0,,2000-04-21 12:29:10.400,6.046666666666667
2000.04.21,12:23:07.60,37.93,29.29,11.0,,2000-04-21 12:23:07.600,8719.636666666667
2000.04.15,11:03:29.40,40.57,28.22,7.0,,2000-04-15 11:03:29.400,3841.9950000000003
2000.04.12,19:01:29.70,38.79,26.69,12.0,,2000-04-12 19:01:29.700,8006.475
2000.04.07,05:35:01.20,39.54,26.41,0.0,,2000-04-07 05:35:01.200,1851.5816666666665
2000.04.05,22:43:26.30,39.25,24.71,33.0,,2000-04-05 22:43:26.300,4545.8
2000.04.02,18:57:38.30,40.8,30.24,7.0,,2000-04-02 18:57:38.300,2636.601666666667
2000.03.31,23:01:02.20,36.58,30.2,59.0,,2000-03-31 23:01:02.200,35058.93833333333
2000.03.07,14:42:05.90,36.43,28.33,0.0,,2000-03-07 14:42:05.900,3556.645
2000.03.05,03:25:27.20,36.1,30.39,3.0,,2000-03-05 03:25:27.200,1534.9
2000.03.04,01:50:33.20,37.24,27.59,0.0,,2000-03-04 01:50:33.200,1583.7533333333333
2000.03.02,23:26:48.00,36.0,30.28,5.0,,2000-03-02 23:26:48.000,5261.738333333333
2000.02.28,07:45:03.70,37.47,27.91,0.0,,2000-02-28 07:45:03.700,9175.41
2000.02.21,22:49:39.10,39.62,25.87,25.0,,2000-02-21 22:49:39.100,3544.19
2000.02.19,11:45:27.70,38.61,26.84,8.0,,2000-02-19 11:45:27.700,5327.916666666667
2000.02.15,18:57:32.70,38.56,26.62,5.0,,2000-02-15 18:57:32.700,3426.673333333333
2000.02.13,09:50:52.30,38.55,26.94,1.0,,2000-02-13 09:50:52.300,4803.236666666667
2000.02.10,01:47:38.10,38.24,26.96,21.0,,2000-02-10 01:47:38.100,546.0966666666667
2000.02.09,16:41:32.30,40.82,30.02,17.0,,2000-02-09 16:41:32.300,9800.098333333333
2000.02.02,21:21:26.40,38.0,27.73,5.0,,2000-02-02 21:21:26.400,3282.5833333333335
2000.01.31,14:38:51.40,40.7,29.28,7.0,,2000-01-31 14:38:51.400,6635.53
2000.01.27,00:03:19.60,40.67,25.54,1.0,,2000-01-27 00:03:19.600,1298.7366666666667
2000.01.26,02:24:35.40,37.04,27.9,4.0,,2000-01-26 02:24:35.400,353.68333333333334
2000.01.25,20:30:54.40,37.84,27.24,22.0,,2000-01-25 20:30:54.400,8687.956666666667
2000.01.19,19:42:57.00,39.31,27.85,5.0,,2000-01-19 19:42:57.000,537.525
2000.01.19,10:45:25.50,38.64,26.11,0.0,,2000-01-19 10:45:25.500,8871.808333333332
2000.01.13,06:53:37.00,40.68,29.97,9.0,,2000-01-13 06:53:37.000,539.4983333333333
2000.01.12,21:54:07.10,39.33,27.2,14.0,,2000-01-12 21:54:07.100,4025.866666666667
2000.01.10,02:48:15.10,40.38,27.95,19.0,,2000-01-10 02:48:15.100,3911.6366666666668
2000.01.07,09:36:36.90,40.3,25.46,11.0,,2000-01-07 09:36:36.900,326.9683333333333
2000.01.07,04:09:38.80,39.14,28.07,13.0,,2000-01-07 04:09:38.800,738.4616666666666
2000.01.06,15:51:11.10,37.91,26.2,0.0,,2000-01-06 15:51:11.100,595.4300000000001
2000.01.06,05:55:45.30,40.78,30.14,7.0,,2000-01-06 05:55:45.300,5979.421666666666
2000.01.02,02:16:20.00,38.83,25.51,12.0,,2000-01-02 02:16:20.000,1139.6283333333333
2000.01.01,07:16:42.30,40.95,27.91,9.0,,2000-01-01 07:16:42.300,3025.586666666667
1999.12.30,04:51:07.10,38.91,25.99,5.0,,1999-12-30 04:51:07.100,5833.618333333333
1999.12.26,03:37:30.00,36.81,28.2,60.0,,1999-12-26 03:37:30.000,2564.836666666667
1999.12.24,08:52:39.80,38.63,27.92,22.0,,1999-12-24 08:52:39.800,4936.776666666667
1999.12.20,22:35:53.20,40.79,27.48,4.0,,1999-12-20 22:35:53.200,649.2883333333334
1999.12.20,11:46:35.90,40.69,30.49,6.0,,1999-12-20 11:46:35.900,2496.758333333333
1999.12.18,18:09:50.40,37.89,26.58,3.0,,1999-12-18 18:09:50.400,3217.101666666667
1999.12.16,12:32:44.30,40.68,29.32,8.0,,1999-12-16 12:32:44.300,654.0699999999999
1999.12.16,01:38:40.10,40.73,29.39,1.0,,1999-12-16 01:38:40.100,3713.18
1999.12.13,11:45:29.30,39.36,27.99,13.0,,1999-12-13 11:45:29.300,4365.921666666666
1999.12.10,10:59:34.00,39.55,27.98,12.0,,1999-12-10 10:59:34.000,536.155
1999.12.10,02:03:24.70,40.64,29.11,17.0,,1999-12-10 02:03:24.700,864.6316666666667
1999.12.09,11:38:46.80,40.62,29.11,16.0,,1999-12-09 11:38:46.800,789.6666666666666
1999.12.08,22:29:06.80,36.85,27.66,22.0,,1999-12-08 22:29:06.800,1902.1366666666665
1999.12.07,14:46:58.60,40.75,29.13,1.0,,1999-12-07 14:46:58.600,976.9633333333334
1999.12.06,22:30:00.80,37.31,27.85,1.0,,1999-12-06 22:30:00.800,5169.405
1999.12.03,08:20:36.50,40.71,27.58,10.0,,1999-12-03 08:20:36.500,15884.905
1999.11.22,07:35:42.20,39.33,27.84,6.0,,1999-11-22 07:35:42.200,1.1616666666666666
1999.11.22,07:34:32.50,39.27,27.84,25.0,,1999-11-22 07:34:32.500,822.205
1999.11.21,17:52:20.20,40.43,26.08,17.0,,1999-11-21 17:52:20.200,246.09333333333333
1999.11.21,13:46:14.60,40.63,26.11,20.0,,1999-11-21 13:46:14.600,8.5
1999.11.21,13:37:44.60,40.5,25.7,8.0,,1999-11-21 13:37:44.600,1517.6716666666666
1999.11.20,12:20:04.30,40.52,25.99,17.0,,1999-11-20 12:20:04.300,618.7616666666667
1999.11.20,02:01:18.60,40.29,26.28,3.0,,1999-11-20 02:01:18.600,4649.418333333333
1999.11.16,20:31:53.50,40.42,25.99,15.0,,1999-11-16 20:31:53.500,2.8666666666666667
1999.11.16,20:29:01.50,40.43,26.04,13.0,,1999-11-16 20:29:01.500,1199.645
1999.11.16,00:29:22.80,40.61,27.06,15.0,,1999-11-16 00:29:22.800,104.66000000000001
1999.11.15,22:44:43.20,40.91,30.33,7.0,,1999-11-15 22:44:43.200,1565.4183333333335
1999.11.14,20:39:18.10,37.92,28.94,5.0,,1999-11-14 20:39:18.100,884.145
1999.11.14,05:55:09.40,40.63,29.17,1.0,,1999-11-14 05:55:09.400,1139.7583333333334
1999.11.13,10:55:23.90,40.72,29.21,1.0,,1999-11-13 10:55:23.900,483.39833333333337
1999.11.13,02:52:00.00,40.78,30.3,10.0,,1999-11-13 02:52:00.000,2156.576666666667
1999.11.11,14:55:25.40,40.88,30.3,11.0,,1999-11-11 14:55:25.400,13.996666666666666
1999.11.11,14:41:25.60,40.74,30.27,22.0,,1999-11-11 14:41:25.600,5966.236666666667
1999.11.07,11:15:11.40,40.71,30.05,7.0,,1999-11-07 11:15:11.400,129.0
1999.11.07,09:06:11.40,40.68,29.97,8.0,,1999-11-07 09:06:11.400,5446.795
1999.11.03,14:19:23.70,37.72,28.98,6.0,,1999-11-03 14:19:23.700,3521.0216666666665
1999.11.01,03:38:22.40,39.43,27.84,8.0,,1999-11-01 03:38:22.400,282.12166666666667
1999.10.31,22:56:15.10,39.29,27.93,9.0,,1999-10-31 22:56:15.100,3352.4666666666667
1999.10.29,15:03:47.10,38.88,26.67,4.0,,1999-10-29 15:03:47.100,1011.6316666666667
1999.10.28,22:12:09.20,39.78,30.46,1.0,,1999-10-28 22:12:09.200,8411.828333333333
1999.10.23,02:00:19.50,39.25,27.7,10.0,,1999-10-23 02:00:19.500,1420.0033333333333
1999.10.22,02:20:19.30,39.32,27.87,8.0,,1999-10-22 02:20:19.300,1127.1683333333335
1999.10.21,07:33:09.20,38.89,27.04,18.0,,1999-10-21 07:33:09.200,504.8016666666666
1999.10.20,23:08:21.10,40.79,29.0,10.0,,1999-10-20 23:08:21.100,1429.0416666666667
1999.10.19,23:19:18.60,40.44,27.1,16.0,,1999-10-19 23:19:18.600,3247.491666666667
1999.10.17,17:11:49.10,38.93,26.7,17.0,,1999-10-17 17:11:49.100,800.3833333333333
1999.10.17,03:51:26.10,38.56,26.7,16.0,,1999-10-17 03:51:26.100,3690.875
1999.10.14,14:20:33.60,40.73,30.4,5.0,,1999-10-14 14:20:33.600,2101.976666666667
1999.10.13,03:18:35.00,37.19,27.88,11.0,,1999-10-13 03:18:35.000,2910.798333333333
1999.10.11,02:47:47.10,40.67,29.05,1.0,,1999-10-11 02:47:47.100,8557.731666666667
1999.10.05,04:10:03.20,40.79,29.85,11.0,,1999-10-05 04:10:03.200,185.11333333333332
1999.10.05,01:04:56.40,36.94,28.07,11.0,,1999-10-05 01:04:56.400,11.491666666666667
1999.10.05,00:53:26.90,36.8,28.14,23.0,,1999-10-05 00:53:26.900,633.6466666666668
1999.10.04,14:19:48.10,39.01,27.96,9.0,,1999-10-04 14:19:48.100,7053.248333333334
1999.09.29,16:46:33.20,39.09,28.83,9.0,,1999-09-29 16:46:33.200,993.4583333333334
1999.09.29,00:13:05.70,40.7,29.34,12.0,,1999-09-29 00:13:05.700,1456.2083333333333
1999.09.27,23:56:53.20,39.0,27.78,1.0,,1999-09-27 23:56:53.200,1194.845
1999.09.27,04:02:02.50,39.12,26.9,19.0,,1999-09-27 04:02:02.500,1008.9599999999999
1999.09.26,11:13:04.90,40.7,29.31,14.0,,1999-09-26 11:13:04.900,274.43666666666667
1999.09.26,06:38:38.70,39.02,27.92,9.0,,1999-09-26 06:38:38.700,568.2766666666666
1999.09.25,21:10:22.10,37.69,27.28,13.0,,1999-09-25 21:10:22.100,1885.54
1999.09.24,13:44:49.70,40.8,30.29,10.0,,1999-09-24 13:44:49.700,1670.1166666666666
1999.09.23,09:54:42.70,38.46,26.63,13.0,,1999-09-23 09:54:42.700,3405.4483333333333
1999.09.21,01:09:15.80,40.71,27.56,15.0,,1999-09-21 01:09:15.800,204.73333333333332
1999.09.20,21:44:31.80,40.7,27.59,7.0,,1999-09-20 21:44:31.800,16.529999999999998
1999.09.20,21:28:00.00,40.69,27.58,16.0,,1999-09-20 21:28:00.000,51.35
1999.09.20,20:36:39.00,40.7,27.57,7.0,,1999-09-20 20:36:39.000,268.9133333333333
1999.09.20,16:07:44.20,39.31,27.87,12.0,,1999-09-20 16:07:44.200,1435.85
1999.09.19,16:11:53.20,37.18,29.07,5.0,,1999-09-19 16:11:53.200,21.278333333333332
1999.09.19,15:50:36.50,38.84,27.86,26.0,,1999-09-19 15:50:36.500,2342.201666666667
1999.09.18,00:48:24.40,40.62,29.12,9.0,,1999-09-18 00:48:24.400,299.30333333333334
1999.09.17,19:49:06.20,40.72,30.1,15.0,,1999-09-17 19:49:06.200,1550.345
1999.09.16,17:58:45.50,40.48,30.21,7.0,,1999-09-16 17:58:45.500,513.4133333333333
1999.09.16,09:25:20.70,39.03,26.53,1.0,,1999-09-16 09:25:20.700,225.78166666666667
1999.09.16,05:39:33.80,39.24,27.78,10.0,,1999-09-16 05:39:33.800,3944.085
1999.09.13,11:55:28.70,40.77,30.1,19.0,,1999-09-13 11:55:28.700,3148.838333333333
1999.09.11,07:26:38.40,40.72,29.26,14.0,,1999-09-11 07:26:38.400,449.22166666666664
1999.09.10,23:57:25.10,39.25,27.92,9.0,,1999-09-10 23:57:25.100,409.35
1999.09.10,17:08:04.10,37.02,27.39,1.0,,1999-09-10 17:08:04.100,101.2
1999.09.10,15:26:52.10,39.32,27.89,9.0,,1999-09-10 15:26:52.100,1145.055
1999.09.09,20:21:48.80,40.75,29.95,14.0,,1999-09-09 20:21:48.800,726.2233333333334
1999.09.09,08:15:35.40,40.39,25.66,18.0,,1999-09-09 08:15:35.400,3.545
1999.09.09,08:12:02.70,40.36,26.08,33.0,,1999-09-09 08:12:02.700,371.26666666666665
1999.09.09,02:00:46.70,40.64,29.12,16.0,,1999-09-09 02:00:46.700,28.645
1999.09.09,01:32:08.00,40.71,29.14,11.0,,1999-09-09 01:32:08.000,29.81
1999.09.09,01:02:19.40,40.75,29.52,14.0,,1999-09-09 01:02:19.400,566.89
1999.09.08,15:35:26.00,40.62,29.11,7.0,,1999-09-08 15:35:26.000,643.5033333333333
1999.09.08,04:51:55.80,40.78,30.06,11.0,,1999-09-08 04:51:55.800,2037.9566666666665
1999.09.06,18:53:58.40,40.76,30.1,13.0,,1999-09-06 18:53:58.400,740.5383333333334
1999.09.06,06:33:26.10,40.73,29.79,12.0,,1999-09-06 06:33:26.100,2077.5366666666664
1999.09.04,19:55:53.90,38.94,27.04,5.0,,1999-09-04 19:55:53.900,88.17166666666667
1999.09.04,18:27:43.60,40.76,30.32,12.0,,1999-09-04 18:27:43.600,100.795
1999.09.04,16:46:55.90,40.72,29.97,5.0,,1999-09-04 16:46:55.900,376.15833333333336
1999.09.04,10:30:46.40,40.74,30.03,17.0,,1999-09-04 10:30:46.400,568.8333333333334
1999.09.04,01:01:56.40,40.69,29.22,1.0,,1999-09-04 01:01:56.400,901.8283333333333
1999.09.03,10:00:06.70,38.42,26.66,11.0,,1999-09-03 10:00:06.700,2642.725
1999.09.01,13:57:23.20,40.81,29.96,11.0,,1999-09-01 13:57:23.200,634.1266666666667
1999.09.01,03:23:15.60,40.6,29.05,15.0,,1999-09-01 03:23:15.600,294.90833333333336
1999.08.31,22:28:21.10,40.63,29.09,19.0,,1999-08-31 22:28:21.100,834.9583333333334
1999.08.31,08:33:23.60,40.78,29.96,10.0,,1999-08-31 08:33:23.600,22.535
1999.08.31,08:10:51.50,40.75,29.92,17.0,,1999-08-31 08:10:51.500,1006.24
1999.08.30,15:24:37.10,40.75,29.26,8.0,,1999-08-30 15:24:37.100,960.37
1999.08.29,23:24:14.90,39.53,27.78,13.0,,1999-08-29 23:24:14.900,187.92166666666665
1999.08.29,20:16:19.60,40.63,29.02,7.0,,1999-08-29 20:16:19.600,42.041666666666664
1999.08.29,19:34:17.10,40.75,30.48,4.0,,1999-08-29 19:34:17.100,1994.1583333333333
1999.08.28,10:20:07.60,40.69,29.19,9.0,,1999-08-28 10:20:07.600,7.173333333333333
1999.08.28,10:12:57.20,40.65,29.13,5.0,,1999-08-28 10:12:57.200,105.18166666666666
1999.08.28,08:27:46.30,40.85,30.03,9.0,,1999-08-28 08:27:46.300,184.45166666666668
1999.08.28,05:23:19.20,40.62,29.12,5.0,,1999-08-28 05:23:19.200,823.7033333333333
1999.08.27,15:39:37.00,40.81,30.13,10.0,,1999-08-27 15:39:37.000,960.6
1999.08.26,23:39:01.00,40.7,30.45,5.0,,1999-08-26 23:39:01.000,109.15333333333334
1999.08.26,21:49:51.80,40.83,30.08,5.0,,1999-08-26 21:49:51.800,92.315
1999.08.26,20:17:32.90,40.71,30.48,5.0,,1999-08-26 20:17:32.900,147.975
1999.08.26,17:49:34.40,40.84,30.26,3.0,,1999-08-26 17:49:34.400,14.483333333333333
1999.08.26,17:35:05.40,40.74,30.47,6.0,,1999-08-26 17:35:05.400,457.89000000000004
1999.08.26,09:57:12.00,40.85,30.3,1.0,,1999-08-26 09:57:12.000,1475.9716666666668
1999.08.25,09:21:13.70,40.71,29.99,12.0,,1999-08-25 09:21:13.700,862.3516666666667
1999.08.24,18:58:52.60,40.74,30.03,16.0,,1999-08-24 18:58:52.600,808.4316666666667
1999.08.24,05:30:26.70,40.72,29.62,5.0,,1999-08-24 05:30:26.700,454.67333333333335
1999.08.23,21:55:46.30,40.73,29.21,5.0,,1999-08-23 21:55:46.300,1695.7516666666668
1999.08.22,17:40:01.20,39.29,26.49,1.0,,1999-08-22 17:40:01.200,450.22833333333335
1999.08.22,10:09:47.50,40.66,30.06,1.0,,1999-08-22 10:09:47.500,104.22833333333332
1999.08.22,08:25:33.80,40.66,29.43,5.0,,1999-08-22 08:25:33.800,2.5316666666666667
1999.08.22,08:23:01.90,40.66,29.38,9.0,,1999-08-22 08:23:01.900,395.27833333333336
1999.08.22,01:47:45.20,40.62,29.08,10.0,,1999-08-22 01:47:45.200,133.535
1999.08.21,23:34:13.10,40.68,29.21,23.0,,1999-08-21 23:34:13.100,145.52833333333334
1999.08.21,21:08:41.40,40.83,28.78,5.0,,1999-08-21 21:08:41.400,667.2616666666667
1999.08.21,10:01:25.70,40.72,29.96,8.0,,1999-08-21 10:01:25.700,828.7199999999999
1999.08.20,20:12:42.50,40.59,29.05,9.0,,1999-08-20 20:12:42.500,123.71333333333334
1999.08.20,18:08:59.70,40.74,30.47,8.0,,1999-08-20 18:08:59.700,466.2883333333333
1999.08.20,10:22:42.40,40.58,29.03,5.0,,1999-08-20 10:22:42.400,34.08
1999.08.20,09:48:37.60,40.73,29.76,12.0,,1999-08-20 09:48:37.600,13.848333333333333
1999.08.20,09:34:46.70,40.62,29.18,17.0,,1999-08-20 09:34:46.700,5.85
1999.08.20,09:28:55.70,40.59,29.12,8.0,,1999-08-20 09:28:55.700,565.8883333333334
1999.08.20,00:03:02.40,40.71,29.79,11.0,,1999-08-20 00:03:02.400,133.19333333333333
1999.08.19,21:49:50.80,40.65,29.12,9.0,,1999-08-19 21:49:50.800,361.52166666666665
1999.08.19,15:48:19.50,40.64,29.15,12.0,,1999-08-19 15:48:19.500,30.576666666666664
1999.08.19,15:17:44.90,40.59,29.08,11.0,,1999-08-19 15:17:44.900,53.175
1999.08.19,14:24:34.40,40.61,29.1,14.0,,1999-08-19 14:24:34.400,8.6
1999.08.19,14:15:58.40,40.6,29.06,12.0,,1999-08-19 14:15:58.400,1018.325
1999.08.18,21:17:38.90,40.86,30.04,1.0,,1999-08-18 21:17:38.900,438.08
1999.08.18,13:59:34.10,40.79,29.04,9.0,,1999-08-18 13:59:34.100,268.615
1999.08.18,09:30:57.20,40.65,29.67,5.0,,1999-08-18 09:30:57.200,525.6683333333333
1999.08.18,00:45:17.10,40.81,29.09,14.0,,1999-08-18 00:45:17.100,254.59833333333333
1999.08.17,20:30:41.20,40.75,29.32,16.0,,1999-08-17 20:30:41.200,115.32166666666667
1999.08.17,18:35:21.90,40.38,28.71,7.0,,1999-08-17 18:35:21.900,20.651666666666664
1999.08.17,18:14:42.80,40.74,30.25,6.0,,1999-08-17 18:14:42.800,65.46333333333334
1999.08.17,17:09:15.00,40.6,30.24,11.0,,1999-08-17 17:09:15.000,111.38333333333334
1999.08.17,15:17:52.00,40.75,29.75,10.0,,1999-08-17 15:17:52.000,45.730000000000004
1999.08.17,14:32:08.20,40.73,29.39,17.0,,1999-08-17 14:32:08.200,517.435
1999.08.17,05:54:42.10,40.78,29.05,5.0,,1999-08-17 05:54:42.100,353.075
1999.08.17,00:01:37.60,40.76,29.97,18.0,7.4,1999-08-17 00:01:37.600,20954.491666666665
1999.08.02,10:47:08.10,39.32,27.85,13.0,,1999-08-02 10:47:08.100,9512.67
1999.07.26,20:14:27.90,36.5,26.86,0.0,,1999-07-26 20:14:27.900,1190.4716666666668
1999.07.26,00:23:59.60,39.58,25.93,12.0,,1999-07-26 00:23:59.600,909.2583333333333
1999.07.25,09:14:44.10,39.35,27.89,7.0,,1999-07-25 09:14:44.100,60.24
1999.07.25,08:14:29.70,39.3,27.74,8.0,,1999-07-25 08:14:29.700,77.61
1999.07.25,06:56:53.10,39.33,27.89,9.0,,1999-07-25 06:56:53.100,505.8016666666666
1999.07.24,22:31:05.00,39.34,27.76,8.0,,1999-07-24 22:31:05.000,275.305
1999.07.24,17:55:46.70,39.33,27.97,8.0,,1999-07-24 17:55:46.700,80.10333333333332
1999.07.24,16:35:40.50,39.28,27.98,8.0,,1999-07-24 16:35:40.500,24.228333333333335
1999.07.24,16:11:26.80,39.34,27.77,5.0,,1999-07-24 16:11:26.800,5.6433333333333335
1999.07.24,16:05:48.20,39.31,27.89,8.0,,1999-07-24 16:05:48.200,203.64
1999.07.24,12:42:09.80,39.31,27.88,10.0,,1999-07-24 12:42:09.800,5390.241666666667
1999.07.20,18:51:55.30,38.47,25.25,8.0,,1999-07-20 18:51:55.300,9795.468333333332
1999.07.13,23:36:27.20,40.52,25.96,32.0,,1999-07-13 23:36:27.200,14370.068333333333
1999.07.04,00:06:23.10,38.83,27.99,16.0,,1999-07-04 00:06:23.100,218.86499999999998
1999.07.03,20:27:31.20,38.65,26.03,10.0,,1999-07-03 20:27:31.200,5689.6466666666665
1999.06.29,21:37:52.40,38.6,26.83,0.0,,1999-06-29 21:37:52.400,2721.0466666666666
1999.06.28,00:16:49.60,38.21,26.54,5.0,,1999-06-28 00:16:49.600,1517.3233333333333
1999.06.26,22:59:30.20,38.17,26.49,5.0,,1999-06-26 22:59:30.200,7019.743333333333
1999.06.22,01:59:45.60,37.05,29.44,11.0,,1999-06-22 01:59:45.600,7055.570000000001
1999.06.17,04:24:11.40,38.55,28.49,10.0,,1999-06-17 04:24:11.400,1391.7283333333332
1999.06.16,05:12:27.70,37.36,28.94,8.0,,1999-06-16 05:12:27.700,5195.7683333333325
1999.06.12,14:36:41.60,38.93,26.96,12.0,,1999-06-12 14:36:41.600,10852.215
1999.06.05,01:44:28.70,38.35,25.49,4.0,,1999-06-05 01:44:28.700,14563.076666666666
1999.05.25,23:01:24.10,37.06,27.67,9.0,,1999-05-25 23:01:24.100,3120.4316666666664
1999.05.23,19:00:58.20,39.26,28.07,8.0,,1999-05-23 19:00:58.200,655.48
1999.05.23,08:05:29.40,39.22,27.84,4.0,,1999-05-23 08:05:29.400,423.8816666666667
1999.05.23,01:01:36.50,37.25,27.85,1.0,,1999-05-23 01:01:36.500,31305.545
1999.05.01,07:16:03.80,37.29,27.83,5.0,,1999-05-01 07:16:03.800,5230.503333333333
1999.04.27,16:05:33.60,39.21,27.97,5.0,,1999-04-27 16:05:33.600,9344.933333333332
1999.04.21,04:20:37.60,39.34,26.51,0.0,,1999-04-21 04:20:37.600,739.4866666666666
1999.04.20,16:01:08.40,39.74,23.69,6.0,,1999-04-20 16:01:08.400,526.6316666666667
1999.04.20,07:14:30.50,39.8,28.44,30.0,,1999-04-20 07:14:30.500,5361.763333333333
1999.04.16,13:52:44.70,36.47,28.73,22.0,,1999-04-16 13:52:44.700,1625.3866666666665
1999.04.15,10:47:21.50,38.51,23.92,5.0,,1999-04-15 10:47:21.500,10114.441666666668
1999.04.08,10:12:55.00,40.19,27.34,9.0,,1999-04-08 10:12:55.000,4318.34
1999.04.05,10:14:34.60,37.02,27.43,1.0,,1999-04-05 10:14:34.600,10449.493333333334
1999.03.29,04:05:05.00,37.24,28.79,6.0,,1999-03-29 04:05:05.000,1734.9350000000002
1999.03.27,23:10:08.90,37.94,28.69,5.0,,1999-03-27 23:10:08.900,2271.2233333333334
1999.03.26,09:18:55.50,37.31,28.09,17.0,,1999-03-26 09:18:55.500,29420.531666666666
1999.03.05,22:58:23.60,40.54,26.07,19.0,,1999-03-05 22:58:23.600,3989.576666666667
1999.03.03,04:28:49.00,37.32,26.82,0.0,,1999-03-03 04:28:49.000,4163.679999999999
1999.02.28,07:05:08.20,40.4,25.97,5.0,,1999-02-28 07:05:08.200,230.88833333333332
1999.02.28,03:14:14.90,40.42,25.96,9.0,,1999-02-28 03:14:14.900,196.07333333333332
1999.02.27,23:58:10.50,36.49,29.27,20.0,,1999-02-27 23:58:10.500,1258.2116666666666
1999.02.27,02:59:57.80,38.24,23.61,6.0,,1999-02-27 02:59:57.800,2969.2316666666666
1999.02.25,01:30:43.90,40.79,27.51,7.0,,1999-02-25 01:30:43.900,410.115
1999.02.24,18:40:37.00,39.61,29.01,6.0,,1999-02-24 18:40:37.000,13633.236666666666
1999.02.15,07:27:22.80,36.89,29.29,0.0,,1999-02-15 07:27:22.800,2338.1766666666667
1999.02.13,16:29:12.20,38.4,26.02,21.0,,1999-02-13 16:29:12.200,15808.741666666667
1999.02.02,17:00:27.70,40.09,27.25,9.0,,1999-02-02 17:00:27.700,29733.275
1999.01.13,01:27:11.20,37.21,28.78,8.0,,1999-01-13 01:27:11.200,1708.2666666666667
1999.01.11,20:58:55.20,39.04,27.05,5.0,,1999-01-11 20:58:55.200,1841.6116666666667
1999.01.10,14:17:18.50,38.8,26.45,0.0,,1999-01-10 14:17:18.500,342.76666666666665
1999.01.10,08:34:32.50,38.74,26.81,19.0,,1999-01-10 08:34:32.500,2145.266666666667
1999.01.08,20:49:16.50,37.68,27.33,14.0,,1999-01-08 20:49:16.500,2768.2083333333335
1999.01.06,22:41:04.00,39.07,27.8,19.0,,1999-01-06 22:41:04.000,7579.513333333333
1999.01.01,16:21:33.20,40.71,29.96,11.0,,1999-01-01 16:21:33.200,1357.5166666666667
1998.12.31,17:44:02.20,38.67,26.18,9.0,,1998-12-31 17:44:02.200,9452.506666666666
1998.12.25,04:11:31.80,39.06,26.44,0.0,,1998-12-25 04:11:31.800,9801.661666666665
1998.12.18,08:49:52.10,39.57,28.6,10.0,,1998-12-18 08:49:52.100,820.3383333333334
1998.12.17,19:09:31.80,37.26,28.83,16.0,,1998-12-17 19:09:31.800,8042.6883333333335
1998.12.12,05:06:50.50,38.53,24.54,32.0,,1998-12-12 05:06:50.500,3314.6916666666666
1998.12.09,21:52:09.00,36.15,29.05,32.0,,1998-12-09 21:52:09.000,15420.845
1998.11.29,04:51:18.30,36.33,29.14,6.0,,1998-11-29 04:51:18.300,5930.985
1998.11.25,02:00:19.20,39.39,25.53,31.0,,1998-11-25 02:00:19.200,5499.831666666667
1998.11.21,06:20:29.30,38.97,26.97,6.0,,1998-11-21 06:20:29.300,1537.3666666666666
1998.11.20,04:43:07.30,40.61,23.75,4.0,,1998-11-20 04:43:07.300,12549.211666666666
1998.11.11,11:33:54.60,40.7,30.0,16.0,,1998-11-11 11:33:54.600,8021.858333333334
1998.11.05,21:52:03.10,39.28,26.84,5.0,,1998-11-05 21:52:03.100,3825.2033333333334
1998.11.03,06:06:50.90,36.41,27.11,0.0,,1998-11-03 06:06:50.900,1762.4566666666665
1998.11.02,00:44:23.50,39.26,28.25,9.0,,1998-11-02 00:44:23.500,1048.3516666666667
1998.11.01,07:16:02.40,38.39,26.54,8.0,,1998-11-01 07:16:02.400,2520.133333333333
1998.10.30,13:15:54.40,36.45,27.61,0.0,,1998-10-30 13:15:54.400,847.715
1998.10.29,23:08:11.50,36.54,28.36,0.0,,1998-10-29 23:08:11.500,4825.291666666667
1998.10.26,14:42:54.00,36.98,29.05,0.0,,1998-10-26 14:42:54.000,2310.9100000000003
1998.10.25,00:11:59.40,39.63,28.53,5.0,,1998-10-25 00:11:59.400,2372.8883333333333
1998.10.23,08:39:06.10,36.3,29.42,24.0,,1998-10-23 08:39:06.100,214.77166666666665
1998.10.23,05:04:19.80,36.06,29.28,11.0,,1998-10-23 05:04:19.800,6304.598333333333
1998.10.18,19:59:43.90,38.92,25.83,0.0,,1998-10-18 19:59:43.900,9954.921666666667
1998.10.11,22:04:48.60,38.73,26.49,9.0,,1998-10-11 22:04:48.600,2008.425
1998.10.10,12:36:23.10,38.52,26.75,21.0,,1998-10-10 12:36:23.100,306.63666666666666
1998.10.10,07:29:44.90,39.71,28.66,18.0,,1998-10-10 07:29:44.900,7623.003333333333
1998.10.05,00:26:44.70,40.31,29.13,7.0,,1998-10-05 00:26:44.700,1535.4783333333332
1998.10.03,22:51:16.00,36.22,28.28,21.0,,1998-10-03 22:51:16.000,11911.116666666667
1998.09.25,16:20:09.00,40.21,28.87,10.0,,1998-09-25 16:20:09.000,14736.43
1998.09.15,10:43:43.20,37.94,29.36,8.0,,1998-09-15 10:43:43.200,579.2316666666667
1998.09.15,01:04:29.30,37.83,29.28,8.0,,1998-09-15 01:04:29.300,10161.391666666666
1998.09.07,23:43:05.80,38.48,26.74,9.0,,1998-09-07 23:43:05.800,34417.805
1998.08.15,02:05:17.50,40.35,26.41,9.0,,1998-08-15 02:05:17.500,38018.221666666665
1998.07.19,16:27:04.20,40.75,27.46,5.0,,1998-07-19 16:27:04.200,7329.8566666666675
1998.07.14,14:17:12.80,37.54,29.59,8.0,,1998-07-14 14:17:12.800,6520.746666666667
1998.07.10,01:36:28.00,37.93,26.67,9.0,,1998-07-10 01:36:28.000,479.67
1998.07.09,17:36:47.80,37.95,26.74,21.0,,1998-07-09 17:36:47.800,9216.206666666667
1998.07.03,08:00:35.40,38.57,26.19,30.0,,1998-07-03 08:00:35.400,262.655
1998.07.03,03:37:56.10,40.35,26.1,13.0,,1998-07-03 03:37:56.100,2848.2
1998.07.01,04:09:44.10,41.11,24.2,3.0,,1998-07-01 04:09:44.100,117.53
1998.07.01,02:12:12.30,39.35,26.37,0.0,,1998-07-01 02:12:12.300,7008.1016666666665
1998.06.26,05:24:06.20,37.1,28.91,0.0,,1998-06-26 05:24:06.200,21117.56
1998.06.11,13:26:32.60,37.51,29.6,7.0,,1998-06-11 13:26:32.600,6410.72
1998.06.07,02:35:49.40,37.35,26.96,5.0,,1998-06-07 02:35:49.400,276.3816666666667
1998.06.06,21:59:26.50,37.4,27.18,5.0,,1998-06-06 21:59:26.500,1407.665
1998.06.05,22:31:46.60,38.88,28.83,11.0,,1998-06-05 22:31:46.600,3704.6266666666666
1998.06.03,08:47:09.00,39.92,24.26,3.0,,1998-06-03 08:47:09.000,3.643333333333333
1998.06.03,08:43:30.40,40.01,24.18,10.0,,1998-06-03 08:43:30.400,6.895
1998.06.03,08:36:36.70,40.11,24.19,1.0,,1998-06-03 08:36:36.700,27017.406666666666
1998.05.15,14:19:12.30,36.64,28.67,0.0,,1998-05-15 14:19:12.300,1159.0183333333334
1998.05.14,19:00:11.20,38.94,25.98,11.0,,1998-05-14 19:00:11.200,12628.734999999999
1998.05.06,00:31:27.10,38.57,25.8,11.0,,1998-05-06 00:31:27.100,1905.4916666666666
1998.05.04,16:45:57.60,36.02,28.04,32.0,,1998-05-04 16:45:57.600,4352.666666666667
1998.05.01,16:13:17.60,37.81,26.58,8.0,,1998-05-01 16:13:17.600,11142.293333333333
1998.04.23,22:31:00.00,36.56,27.04,1.0,,1998-04-23 22:31:00.000,2960.063333333333
1998.04.21,21:10:56.20,37.14,28.42,23.0,,1998-04-21 21:10:56.200,5035.3533333333335
1998.04.18,09:15:35.00,37.66,27.26,18.0,,1998-04-18 09:15:35.000,8441.77
1998.04.12,12:33:48.80,39.48,26.56,31.0,,1998-04-12 12:33:48.800,6796.028333333334
1998.04.07,19:17:47.10,37.92,27.76,6.0,,1998-04-07 19:17:47.100,934.1650000000001
1998.04.07,03:43:37.20,38.69,26.38,16.0,,1998-04-07 03:43:37.200,3566.8333333333335
1998.04.04,16:16:47.20,38.12,30.04,7.0,,1998-04-04 16:16:47.200,2079.46
1998.04.03,05:37:19.60,36.49,27.22,0.0,,1998-04-03 05:37:19.600,7087.025
1998.03.29,07:30:18.10,38.9,25.89,18.0,,1998-03-29 07:30:18.100,2592.445
1998.03.27,12:17:51.40,38.86,25.66,14.0,,1998-03-27 12:17:51.400,5217.868333333333
1998.03.23,21:19:59.30,36.41,28.11,1.0,,1998-03-23 21:19:59.300,4632.163333333333
1998.03.20,16:07:49.50,40.26,26.13,0.0,,1998-03-20 16:07:49.500,305.0566666666667
1998.03.20,11:02:46.10,38.15,30.09,3.0,,1998-03-20 11:02:46.100,11218.4
1998.03.12,16:04:22.10,39.1,26.43,0.0,,1998-03-12 16:04:22.100,7496.865000000001
1998.03.07,11:07:30.20,36.18,27.28,66.0,,1998-03-07 11:07:30.200,3432.0583333333334
1998.03.05,01:55:26.70,39.53,27.25,5.0,,1998-03-05 01:55:26.700,10.296666666666665
1998.03.05,01:45:08.90,39.55,27.25,7.0,,1998-03-05 01:45:08.900,22.326666666666664
1998.03.05,01:22:49.30,39.55,27.22,5.0,,1998-03-05 01:22:49.300,3428.29
1998.03.02,16:14:31.90,36.64,27.49,0.0,,1998-03-02 16:14:31.900,1300.1066666666666
1998.03.01,18:34:25.50,38.87,25.86,11.0,,1998-03-01 18:34:25.500,1654.475
1998.02.28,14:59:57.00,38.8,25.95,4.0,,1998-02-28 14:59:57.000,1183.4833333333333
1998.02.27,19:16:28.00,40.35,27.38,14.0,,1998-02-27 19:16:28.000,3534.735
1998.02.25,08:21:43.90,36.44,28.3,0.0,,1998-02-25 08:21:43.900,59.31166666666666
1998.02.25,07:22:25.20,39.94,26.76,18.0,,1998-02-25 07:22:25.200,24.395
1998.02.25,06:58:01.50,37.79,29.56,10.0,,1998-02-25 06:58:01.500,946.4066666666666
1998.02.24,15:11:37.10,36.24,28.03,0.0,,1998-02-24 15:11:37.100,1312.8
1998.02.23,17:18:49.10,40.32,25.75,2.0,,1998-02-23 17:18:49.100,15000.061666666666
1998.02.13,07:18:45.40,36.13,28.24,18.0,,1998-02-13 07:18:45.400,3272.0899999999997
1998.02.11,00:46:40.00,38.54,30.22,0.0,,1998-02-11 00:46:40.000,9882.755000000001
1998.02.04,04:03:54.70,38.87,26.04,9.0,,1998-02-04 04:03:54.700,3974.6200000000003
1998.02.01,09:49:17.50,38.88,27.11,28.0,,1998-02-01 09:49:17.500,5872.46
1998.01.28,07:56:49.90,36.45,26.7,14.0,,1998-01-28 07:56:49.900,13219.8
1998.01.19,03:37:01.90,40.38,26.23,15.0,,1998-01-19 03:37:01.900,101.705
1998.01.19,01:55:19.60,39.81,26.83,10.0,,1998-01-19 01:55:19.600,1313.7633333333333
1998.01.18,04:01:33.80,39.58,27.71,16.0,,1998-01-18 04:01:33.800,14267.283333333333
1998.01.08,06:14:16.80,38.7,25.51,31.0,,1998-01-08 06:14:16.800,3445.8
1998.01.05,20:48:28.80,38.89,25.97,10.0,,1998-01-05 20:48:28.800,2936.1783333333337
1998.01.03,19:52:18.10,38.09,28.95,6.0,,1998-01-03 19:52:18.100,5483.636666666667
1997.12.31,00:28:39.90,38.92,25.96,11.0,,1997-12-31 00:28:39.900,3102.105
1997.12.28,20:46:33.60,39.9,26.55,0.0,,1997-12-28 20:46:33.600,1501.2166666666667
1997.12.27,19:45:20.60,36.84,27.28,0.0,,1997-12-27 19:45:20.600,34.67666666666666
1997.12.27,19:10:40.00,37.21,27.56,0.0,,1997-12-27 19:10:40.000,27.71833333333333
1997.12.27,18:42:56.90,36.28,26.87,7.0,,1997-12-27 18:42:56.900,6337.663333333333
1997.12.23,09:05:17.10,38.84,25.25,8.0,,1997-12-23 09:05:17.100,931.4683333333334
1997.12.22,17:33:49.00,38.79,25.28,8.0,,1997-12-22 17:33:49.000,4140.17
1997.12.19,20:33:38.80,36.19,29.2,3.0,,1997-12-19 20:33:38.800,702.5183333333333
1997.12.19,08:51:07.70,39.06,26.72,1.0,,1997-12-19 08:51:07.700,740.8283333333333
1997.12.18,20:30:18.00,38.4,24.56,4.0,,1997-12-18 20:30:18.000,8824.955
1997.12.12,17:25:20.70,38.92,25.66,11.0,,1997-12-12 17:25:20.700,384.02833333333336
1997.12.12,11:01:19.00,38.98,25.96,0.0,,1997-12-12 11:01:19.000,71.655
1997.12.12,09:49:39.70,38.85,25.78,8.0,,1997-12-12 09:49:39.700,2.7933333333333334
1997.12.12,09:46:52.10,38.88,25.95,9.0,,1997-12-12 09:46:52.100,23075.708333333332
1997.11.26,09:11:09.60,38.84,25.79,11.0,,1997-11-26 09:11:09.600,333.72999999999996
1997.11.26,03:37:25.80,38.84,24.44,12.0,,1997-11-26 03:37:25.800,1098.8600000000001
1997.11.25,09:18:34.20,38.98,26.25,8.0,,1997-11-25 09:18:34.200,7802.958333333333
1997.11.19,23:15:36.70,38.84,25.78,1.0,,1997-11-19 23:15:36.700,118.97666666666667
1997.11.19,21:16:38.10,38.87,25.92,5.0,,1997-11-19 21:16:38.100,283.7183333333333
1997.11.19,16:32:55.00,38.84,25.86,9.0,,1997-11-19 16:32:55.000,1221.84
1997.11.18,20:11:04.60,38.84,25.81,12.0,,1997-11-18 20:11:04.600,123.155
1997.11.18,18:07:55.30,39.03,26.61,5.0,,1997-11-18 18:07:55.300,853.225
1997.11.18,03:54:41.80,38.86,25.93,12.0,,1997-11-18 03:54:41.800,1950.195
1997.11.16,19:24:30.10,38.74,25.47,11.0,,1997-11-16 19:24:30.100,1239.8683333333333
1997.11.15,22:44:38.00,38.88,25.97,10.0,,1997-11-15 22:44:38.000,453.01
1997.11.15,15:11:37.40,38.84,25.8,8.0,,1997-11-15 15:11:37.400,538.8083333333333
1997.11.15,06:12:48.90,38.83,25.51,11.0,,1997-11-15 06:12:48.900,513.985
1997.11.14,21:38:49.80,38.86,25.74,12.0,,1997-11-14 21:38:49.800,1318.995
1997.11.13,23:39:50.10,36.04,28.62,3.0,,1997-11-13 23:39:50.100,1482.0316666666665
1997.11.12,22:57:48.20,36.57,27.04,9.0,,1997-11-12 22:57:48.200,2603.336666666667
1997.11.11,03:34:28.00,40.46,26.22,16.0,,1997-11-11 03:34:28.000,9661.5
1997.11.04,10:32:58.00,38.01,24.51,9.0,,1997-11-04 10:32:58.000,1556.6533333333332
1997.11.03,08:36:18.80,38.36,25.5,4.0,,1997-11-03 08:36:18.800,8657.565
1997.10.28,08:18:44.90,39.78,23.43,13.0,,1997-10-28 08:18:44.900,4780.051666666666
1997.10.25,00:38:41.80,40.49,26.43,10.0,,1997-10-25 00:38:41.800,1467.4866666666667
1997.10.24,00:11:12.60,40.74,30.14,5.0,,1997-10-24 00:11:12.600,3037.523333333333
1997.10.21,21:33:41.20,39.36,25.93,9.0,,1997-10-21 21:33:41.200,644.1283333333333
1997.10.21,10:49:33.50,40.7,30.42,11.0,,1997-10-21 10:49:33.500,362.64000000000004
1997.10.21,04:46:55.10,39.4,25.68,11.0,,1997-10-21 04:46:55.100,293.2066666666667
1997.10.20,23:53:42.70,39.32,25.59,10.0,,1997-10-20 23:53:42.700,3695.2566666666667
1997.10.18,10:18:27.30,39.78,28.54,13.0,,1997-10-18 10:18:27.300,59.56666666666667
1997.10.18,09:18:53.30,39.81,28.69,17.0,,1997-10-18 09:18:53.300,13883.415
1997.10.08,17:55:28.40,39.33,24.65,9.0,,1997-10-08 17:55:28.400,13965.038333333334
1997.09.29,01:10:26.10,39.53,26.06,11.0,,1997-09-29 01:10:26.100,1148.4399999999998
1997.09.28,06:01:59.70,38.53,24.81,10.0,,1997-09-28 06:01:59.700,4008.063333333333
1997.09.25,11:13:55.90,36.47,26.65,10.0,,1997-09-25 11:13:55.900,1202.9483333333333
1997.09.24,15:10:59.00,36.83,27.12,0.0,,1997-09-24 15:10:59.000,3943.9333333333334
1997.09.21,21:27:03.00,37.0,27.27,0.0,,1997-09-21 21:27:03.000,1680.2
1997.09.20,17:26:51.00,38.79,26.47,10.0,,1997-09-20 17:26:51.000,11615.725
1997.09.12,15:51:07.50,38.43,26.66,19.0,,1997-09-12 15:51:07.500,18562.493333333336
1997.08.30,18:28:37.90,38.83,24.61,9.0,,1997-08-30 18:28:37.900,1671.9633333333334
1997.08.29,14:36:40.10,36.36,27.83,0.0,,1997-08-29 14:36:40.100,763.75
1997.08.29,01:52:55.10,36.57,27.2,0.0,,1997-08-29 01:52:55.100,2576.2166666666667
1997.08.27,06:56:42.10,37.07,27.41,17.0,,1997-08-27 06:56:42.100,2941.375
1997.08.25,05:55:19.60,36.5,26.79,6.0,,1997-08-25 05:55:19.600,5.028333333333333
1997.08.25,05:50:17.90,36.44,26.88,20.0,,1997-08-25 05:50:17.900,1849.395
1997.08.23,23:00:54.20,37.09,29.11,0.0,,1997-08-23 23:00:54.200,235.54833333333332
1997.08.23,19:05:21.30,38.44,26.94,10.0,,1997-08-23 19:05:21.300,103.41000000000001
1997.08.23,17:21:56.70,38.58,25.44,13.0,,1997-08-23 17:21:56.700,1009.3666666666667
1997.08.23,00:32:34.70,36.55,27.97,10.0,,1997-08-23 00:32:34.700,1683.0916666666667
1997.08.21,20:29:29.20,36.73,27.41,0.0,,1997-08-21 20:29:29.200,1300.9683333333335
1997.08.20,22:48:31.10,40.31,25.78,12.0,,1997-08-20 22:48:31.100,17253.821666666667
1997.08.08,23:14:41.80,36.1,26.79,10.0,,1997-08-08 23:14:41.800,813.7766666666666
1997.08.08,09:40:55.20,37.1,26.9,0.0,,1997-08-08 09:40:55.200,15.383333333333333
1997.08.08,09:25:32.20,36.78,26.95,6.0,,1997-08-08 09:25:32.200,8.331666666666667
1997.08.08,09:17:12.30,36.72,27.09,0.0,,1997-08-08 09:17:12.300,37.123333333333335
1997.08.08,08:40:04.90,36.8,27.12,0.0,,1997-08-08 08:40:04.900,6.165
1997.08.08,08:33:55.00,36.68,27.09,0.0,,1997-08-08 08:33:55.000,17571.455
1997.07.27,03:42:27.70,36.4,27.83,0.0,,1997-07-27 03:42:27.700,13077.091666666667
1997.07.18,01:45:22.20,36.46,28.02,9.0,,1997-07-18 01:45:22.200,744.4083333333333
1997.07.17,13:20:57.70,36.25,28.03,0.0,,1997-07-17 13:20:57.700,51.843333333333334
1997.07.17,12:29:07.10,36.89,30.4,0.0,,1997-07-17 12:29:07.100,1583.0416666666667
1997.07.16,10:06:04.60,39.14,24.98,8.0,,1997-07-16 10:06:04.600,11606.776666666667
1997.07.08,08:39:18.00,40.35,24.62,2.0,,1997-07-08 08:39:18.000,39.961666666666666
1997.07.08,07:59:20.30,38.64,25.86,8.0,,1997-07-08 07:59:20.300,9914.69
1997.07.01,10:44:38.90,36.37,27.17,10.0,,1997-07-01 10:44:38.900,402.065
1997.07.01,04:02:35.00,39.36,25.98,17.0,,1997-07-01 04:02:35.000,1729.3899999999999
1997.06.29,23:13:11.60,38.82,26.26,16.0,,1997-06-29 23:13:11.600,40.59
1997.06.29,22:32:36.20,38.74,26.14,15.0,,1997-06-29 22:32:36.200,10292.981666666667
1997.06.22,18:59:37.30,38.09,30.15,9.0,,1997-06-22 18:59:37.300,6068.748333333334
1997.06.18,13:50:52.40,37.23,28.12,0.0,,1997-06-18 13:50:52.400,2810.185
1997.06.16,15:00:41.30,37.95,29.12,2.0,,1997-06-16 15:00:41.300,14.878333333333334
1997.06.16,14:45:48.60,37.94,27.36,1.0,,1997-06-16 14:45:48.600,3.2183333333333333
1997.06.16,14:42:35.50,37.91,27.3,5.0,,1997-06-16 14:42:35.500,384.52166666666665
1997.06.16,08:18:04.20,37.92,29.17,0.0,,1997-06-16 08:18:04.200,8524.601666666666
1997.06.10,10:13:28.10,39.23,28.21,7.0,,1997-06-10 10:13:28.100,3339.5216666666665
1997.06.08,02:33:56.80,37.99,27.43,5.0,,1997-06-08 02:33:56.800,2089.2366666666667
1997.06.06,15:44:42.60,40.13,28.14,9.0,,1997-06-06 15:44:42.600,10952.355000000001
1997.05.30,01:12:21.30,37.89,27.32,5.0,,1997-05-30 01:12:21.300,144.23666666666668
1997.05.29,22:48:07.10,37.89,27.31,11.0,,1997-05-29 22:48:07.100,354.5366666666667
1997.05.29,16:53:34.90,37.9,27.26,15.0,,1997-05-29 16:53:34.900,1802.84
1997.05.28,10:50:44.50,39.89,27.06,9.0,,1997-05-28 10:50:44.500,5323.223333333333
1997.05.24,18:07:31.10,37.88,27.26,6.0,,1997-05-24 18:07:31.100,1903.9083333333333
1997.05.23,10:23:36.60,40.49,25.71,21.0,,1997-05-23 10:23:36.600,7032.671666666666
1997.05.18,13:10:56.30,38.39,25.95,15.0,,1997-05-18 13:10:56.300,7191.333333333333
1997.05.13,13:19:36.30,39.49,25.34,5.0,,1997-05-13 13:19:36.300,3710.891666666667
1997.05.10,23:28:42.80,37.6,29.87,8.0,,1997-05-10 23:28:42.800,12403.506666666666
1997.05.02,08:45:12.40,39.63,28.52,7.0,,1997-05-02 08:45:12.400,312.9066666666667
1997.05.02,03:32:18.00,38.4,25.94,9.0,,1997-05-02 03:32:18.000,987.5550000000001
1997.05.01,11:04:44.70,38.99,28.01,16.0,,1997-05-01 11:04:44.700,1971.3716666666667
1997.04.30,02:13:22.40,38.87,25.6,2.0,,1997-04-30 02:13:22.400,12869.658333333333
1997.04.21,03:43:42.90,37.3,28.41,9.0,,1997-04-21 03:43:42.900,12122.993333333334
1997.04.12,17:40:43.30,37.85,27.59,9.0,,1997-04-12 17:40:43.300,3432.6066666666666
1997.04.10,08:28:06.90,39.07,26.19,11.0,,1997-04-10 08:28:06.900,1975.5333333333333
1997.04.08,23:32:34.90,39.03,29.67,9.0,,1997-04-08 23:32:34.900,6566.2683333333325
1997.04.04,10:06:18.80,40.11,29.3,10.0,,1997-04-04 10:06:18.800,2.6866666666666665
1997.04.04,10:03:37.60,40.17,29.27,0.0,,1997-04-04 10:03:37.600,5292.006666666667
1997.03.31,17:51:37.20,36.1,27.57,0.0,,1997-03-31 17:51:37.200,1253.1833333333334
1997.03.30,20:58:26.20,36.94,27.58,0.0,,1997-03-30 20:58:26.200,1417.475
1997.03.29,21:20:57.70,40.76,29.99,13.0,,1997-03-29 21:20:57.700,12423.956666666667
1997.03.21,06:17:00.30,39.39,23.15,9.0,,1997-03-21 06:17:00.300,436.85333333333335
1997.03.20,23:00:09.10,37.0,27.55,9.0,,1997-03-20 23:00:09.100,1360.835
1997.03.20,00:19:19.00,39.8,26.95,5.0,,1997-03-20 00:19:19.000,2854.2633333333333
1997.03.18,00:45:03.20,37.37,27.52,4.0,,1997-03-18 00:45:03.200,4405.5183333333325
1997.03.14,23:19:32.10,38.09,28.97,7.0,,1997-03-14 23:19:32.100,175.69166666666666
1997.03.14,20:23:50.60,38.12,28.93,9.0,,1997-03-14 20:23:50.600,17.578333333333333
1997.03.14,20:06:15.90,37.99,29.03,0.0,,1997-03-14 20:06:15.900,254.485
1997.03.14,15:51:46.80,38.1,28.95,9.0,,1997-03-14 15:51:46.800,219.19666666666666
1997.03.14,12:12:35.00,38.14,28.96,6.0,,1997-03-14 12:12:35.000,24.331666666666667
1997.03.14,11:48:15.10,38.11,29.02,0.0,,1997-03-14 11:48:15.100,2.99
1997.03.14,11:45:15.70,38.08,28.94,13.0,,1997-03-14 11:45:15.700,8347.798333333334
1997.03.08,16:37:27.80,36.12,26.84,10.0,,1997-03-08 16:37:27.800,3650.1
1997.03.06,03:47:21.80,36.63,28.72,27.0,,1997-03-06 03:47:21.800,1376.0666666666666
1997.03.05,04:51:17.80,36.53,27.35,32.0,,1997-03-05 04:51:17.800,4333.131666666666
1997.03.02,04:38:09.90,38.71,25.56,12.0,,1997-03-02 04:38:09.900,3705.048333333333
1997.02.27,14:53:07.00,38.69,26.29,5.0,,1997-02-27 14:53:07.000,4097.49
1997.02.24,18:35:37.60,37.26,27.78,0.0,,1997-02-24 18:35:37.600,746.985
1997.02.24,06:08:38.50,40.28,25.78,10.0,,1997-02-24 06:08:38.500,2082.58
1997.02.22,19:26:03.70,38.77,26.43,15.0,,1997-02-22 19:26:03.700,1971.4783333333332
1997.02.21,10:34:35.00,36.35,29.07,26.0,,1997-02-21 10:34:35.000,4430.793333333333
1997.02.18,08:43:47.40,39.47,26.17,21.0,,1997-02-18 08:43:47.400,4745.683333333333
1997.02.15,01:38:06.40,38.89,29.2,4.0,,1997-02-15 01:38:06.400,4510.783333333334
1997.02.11,22:27:19.40,37.28,26.59,19.0,,1997-02-11 22:27:19.400,3750.3316666666665
1997.02.09,07:56:59.50,40.26,25.88,5.0,,1997-02-09 07:56:59.500,1691.2883333333334
1997.02.08,03:45:42.20,37.77,27.58,15.0,,1997-02-08 03:45:42.200,114.89666666666668
1997.02.08,01:50:48.40,37.81,27.59,5.0,,1997-02-08 01:50:48.400,5709.62
1997.02.04,02:41:11.20,38.81,24.06,13.0,,1997-02-04 02:41:11.200,1936.995
1997.02.02,18:24:11.50,36.85,28.4,6.0,,1997-02-02 18:24:11.500,1115.6883333333333
1997.02.01,23:48:30.20,38.28,24.5,12.0,,1997-02-01 23:48:30.200,69.93833333333333
1997.02.01,22:38:33.90,38.66,26.53,14.0,,1997-02-01 22:38:33.900,3120.663333333333
1997.01.30,18:37:54.10,37.02,28.08,2.0,,1997-01-30 18:37:54.100,11281.828333333333
1997.01.22,22:36:04.40,38.13,28.9,8.0,,1997-01-22 22:36:04.400,264.04
1997.01.22,18:12:02.00,38.76,26.64,13.0,,1997-01-22 18:12:02.000,74.85833333333333
1997.01.22,16:57:10.50,38.75,26.56,9.0,,1997-01-22 16:57:10.500,1130.7083333333333
1997.01.21,22:06:28.00,38.11,28.94,5.0,,1997-01-21 22:06:28.000,2.645
1997.01.21,22:03:49.30,38.18,28.88,0.0,,1997-01-21 22:03:49.300,50.93666666666666
1997.01.21,21:12:53.10,38.13,28.91,8.0,,1997-01-21 21:12:53.100,25.108333333333334
1997.01.21,20:47:46.60,38.12,28.92,9.0,,1997-01-21 20:47:46.600,4778.871666666667
1997.01.18,13:08:54.30,36.92,25.8,21.0,,1997-01-18 13:08:54.300,8208.023333333334
1997.01.12,20:20:52.90,36.63,24.88,32.0,,1997-01-12 20:20:52.900,4683.841666666666
1997.01.09,14:17:02.40,38.34,25.18,8.0,,1997-01-09 14:17:02.400,5441.676666666666
1997.01.05,19:35:21.80,40.73,30.38,9.0,,1997-01-05 19:35:21.800,1432.2966666666666
1997.01.04,19:43:04.00,39.15,26.97,9.0,,1997-01-04 19:43:04.000,784.94
1997.01.04,06:38:07.60,36.57,27.02,0.0,,1997-01-04 06:38:07.600,4187.333333333333
1997.01.01,08:50:47.60,36.85,27.16,10.0,,1997-01-01 08:50:47.600,13546.058333333332
1996.12.22,23:04:44.10,38.96,29.23,9.0,,1996-12-22 23:04:44.100,1157.5366666666666
1996.12.22,03:47:11.90,36.49,27.12,0.0,,1996-12-22 03:47:11.900,9678.811666666666
1996.12.15,10:28:23.20,36.27,26.4,0.0,,1996-12-15 10:28:23.200,7023.325
1996.12.10,13:25:03.70,36.6,27.09,8.0,,1996-12-10 13:25:03.700,13594.078333333333
1996.12.01,02:50:59.00,36.57,27.83,27.0,,1996-12-01 02:50:59.000,2436.1
1996.11.29,10:14:53.00,37.25,27.04,0.0,,1996-11-29 10:14:53.000,698.8316666666667
1996.11.28,22:36:03.10,37.3,26.96,0.0,,1996-11-28 22:36:03.100,9.1
1996.11.28,22:26:57.10,36.83,26.59,8.0,,1996-11-28 22:26:57.100,5302.418333333333
1996.11.25,06:04:32.00,38.95,25.8,11.0,,1996-11-25 06:04:32.000,73.99333333333334
1996.11.25,04:50:32.40,38.92,25.74,10.0,,1996-11-25 04:50:32.400,26193.594999999998
1996.11.07,00:16:56.70,36.9,27.12,0.0,,1996-11-07 00:16:56.700,808.4566666666667
1996.11.06,10:48:29.30,37.1,27.11,0.0,,1996-11-06 10:48:29.300,1774.6466666666668
1996.11.05,05:13:50.50,38.88,25.73,11.0,,1996-11-05 05:13:50.500,2829.616666666667
1996.11.03,06:04:13.50,38.94,25.67,16.0,,1996-11-03 06:04:13.500,283.12666666666667
1996.11.03,01:21:05.90,36.35,27.18,29.0,,1996-11-03 01:21:05.900,60.945
1996.11.03,00:20:09.20,38.88,25.52,11.0,,1996-11-03 00:20:09.200,69.37833333333333
1996.11.02,23:10:46.50,38.91,25.84,7.0,,1996-11-02 23:10:46.500,3437.5283333333336
1996.10.31,13:53:14.80,40.45,28.65,12.0,,1996-10-31 13:53:14.800,11860.428333333333
1996.10.23,08:12:49.10,38.52,26.67,15.0,,1996-10-23 08:12:49.100,494.8683333333333
1996.10.22,23:57:57.00,38.9,25.48,12.0,,1996-10-22 23:57:57.000,3005.5516666666667
1996.10.20,21:52:23.90,39.37,28.12,7.0,,1996-10-20 21:52:23.900,3174.451666666667
1996.10.18,16:57:56.80,38.15,26.55,24.0,,1996-10-18 16:57:56.800,2868.538333333333
1996.10.16,17:09:24.50,36.55,28.07,0.0,,1996-10-16 17:09:24.500,6389.9
1996.10.12,06:39:30.50,38.92,25.42,4.0,,1996-10-12 06:39:30.500,4542.205
1996.10.09,02:57:18.20,36.52,26.65,6.0,,1996-10-09 02:57:18.200,4909.17
1996.10.05,17:08:08.00,37.58,29.93,9.0,,1996-10-05 17:08:08.000,39.42166666666667
1996.10.05,16:28:42.70,37.52,29.92,7.0,,1996-10-05 16:28:42.700,1126.3100000000002
1996.10.04,21:42:24.10,37.97,27.06,12.0,,1996-10-04 21:42:24.100,760.3199999999999
1996.10.04,09:02:04.90,36.45,27.0,16.0,,1996-10-04 09:02:04.900,9291.263333333334
1996.09.27,22:10:49.10,37.56,29.96,0.0,,1996-09-27 22:10:49.100,1065.3466666666668
1996.09.27,04:25:28.30,36.65,27.59,83.0,,1996-09-27 04:25:28.300,120.70166666666667
1996.09.27,02:24:46.20,36.55,27.3,0.0,,1996-09-27 02:24:46.200,352.57
1996.09.26,20:32:12.00,37.55,29.91,0.0,,1996-09-26 20:32:12.000,38.986666666666665
1996.09.26,19:53:12.80,38.37,30.41,5.0,,1996-09-26 19:53:12.800,7209.808333333333
1996.09.21,19:43:24.30,37.2,27.63,0.0,,1996-09-21 19:43:24.300,969.0216666666668
1996.09.21,03:34:23.00,38.96,27.85,0.0,,1996-09-21 03:34:23.000,3699.101666666667
1996.09.18,13:55:16.90,39.38,25.42,13.0,,1996-09-18 13:55:16.900,19048.056666666664
1996.09.05,08:27:13.50,36.39,27.06,5.0,,1996-09-05 08:27:13.500,1364.5316666666665
1996.09.04,09:42:41.60,40.25,27.88,18.0,,1996-09-04 09:42:41.600,18.416666666666668
1996.09.04,09:24:16.60,40.24,27.87,13.0,,1996-09-04 09:24:16.600,39.44166666666667
1996.09.04,08:44:50.10,36.35,27.76,30.0,,1996-09-04 08:44:50.100,509.6566666666667
1996.09.04,00:15:10.70,38.14,30.1,5.0,,1996-09-04 00:15:10.700,434.19666666666666
1996.09.03,17:00:58.90,38.0,26.56,9.0,,1996-09-03 17:00:58.900,3833.955
1996.09.01,01:07:01.60,36.31,26.9,12.0,,1996-09-01 01:07:01.600,838.365
1996.08.31,11:08:39.70,36.47,27.18,9.0,,1996-08-31 11:08:39.700,572.05
1996.08.31,01:36:36.70,36.53,27.17,24.0,,1996-08-31 01:36:36.700,4412.0
1996.08.28,00:04:36.70,40.78,30.13,17.0,,1996-08-28 00:04:36.700,2209.04
1996.08.26,11:15:34.30,36.36,26.88,7.0,,1996-08-26 11:15:34.300,99.50833333333334
1996.08.26,09:36:03.80,36.35,27.11,9.0,,1996-08-26 09:36:03.800,109.11833333333334
1996.08.26,07:46:56.70,36.31,26.92,11.0,,1996-08-26 07:46:56.700,1618.6399999999999
1996.08.25,04:48:18.30,39.61,26.01,18.0,,1996-08-25 04:48:18.300,2239.4033333333336
1996.08.23,15:28:54.10,36.51,27.04,12.0,,1996-08-23 15:28:54.100,549.0333333333333
1996.08.23,06:19:52.10,36.65,26.75,20.0,,1996-08-23 06:19:52.100,1089.835
1996.08.22,12:10:02.00,36.49,26.95,16.0,,1996-08-22 12:10:02.000,2436.258333333333
1996.08.20,19:33:46.50,36.53,27.53,87.0,,1996-08-20 19:33:46.500,203.13666666666668
1996.08.20,16:10:38.30,36.69,27.13,1.0,,1996-08-20 16:10:38.300,26.305
1996.08.20,15:44:20.00,36.69,27.18,0.0,,1996-08-20 15:44:20.000,379.2183333333333
1996.08.20,09:25:06.90,36.3,27.18,30.0,,1996-08-20 09:25:06.900,623.505
1996.08.19,23:01:36.60,36.93,26.95,0.0,,1996-08-19 23:01:36.600,901.5400000000001
1996.08.19,08:00:04.20,36.06,26.84,81.0,,1996-08-19 08:00:04.200,114.67833333333333
1996.08.19,06:05:23.50,36.48,27.0,0.0,,1996-08-19 06:05:23.500,299.74833333333333
1996.08.19,01:05:38.60,39.48,25.99,21.0,,1996-08-19 01:05:38.600,4532.7283333333335
1996.08.15,21:32:54.90,36.37,27.15,6.0,,1996-08-15 21:32:54.900,1866.8066666666666
1996.08.14,14:26:06.50,36.53,27.05,0.0,,1996-08-14 14:26:06.500,49.644999999999996
1996.08.14,13:36:27.80,36.46,27.01,0.0,,1996-08-14 13:36:27.800,557.66
1996.08.14,04:18:48.20,36.42,27.34,0.0,,1996-08-14 04:18:48.200,3578.088333333333
1996.08.11,16:40:42.90,36.57,27.11,6.0,,1996-08-11 16:40:42.900,1194.9383333333333
1996.08.10,20:45:46.60,37.08,28.48,5.0,,1996-08-10 20:45:46.600,321.81666666666666
1996.08.10,15:23:57.60,36.47,26.96,33.0,,1996-08-10 15:23:57.600,1241.875
1996.08.09,18:42:05.10,36.42,27.46,5.0,,1996-08-09 18:42:05.100,793.0033333333333
1996.08.09,05:29:04.90,36.45,27.14,0.0,,1996-08-09 05:29:04.900,655.3816666666667
1996.08.08,18:33:42.00,36.37,27.12,31.0,,1996-08-08 18:33:42.000,399.2633333333333
1996.08.08,11:54:26.20,39.37,27.92,7.0,,1996-08-08 11:54:26.200,1826.5
1996.08.07,05:27:56.20,36.14,27.21,81.0,,1996-08-07 05:27:56.200,359.10833333333335
1996.08.06,23:28:49.70,36.42,26.97,21.0,,1996-08-06 23:28:49.700,2625.525
1996.08.05,03:43:18.20,36.38,26.85,31.0,,1996-08-05 03:43:18.200,1737.7666666666667
1996.08.03,22:45:32.20,36.48,26.78,33.0,,1996-08-03 22:45:32.200,36.968333333333334
1996.08.03,22:08:34.10,36.61,27.13,6.0,,1996-08-03 22:08:34.100,6839.543333333333
1996.07.30,04:09:01.50,39.49,25.98,7.0,,1996-07-30 04:09:01.500,9866.115
1996.07.23,07:42:54.60,38.96,25.7,13.0,,1996-07-23 07:42:54.600,13267.965
1996.07.14,02:34:56.70,38.78,24.14,13.0,,1996-07-14 02:34:56.700,1160.1566666666665
1996.07.13,07:14:47.30,37.07,29.82,6.0,,1996-07-13 07:14:47.300,4317.806666666666
1996.07.10,07:16:58.90,36.0,28.35,29.0,,1996-07-10 07:16:58.900,3950.0916666666667
1996.07.07,13:26:53.40,38.44,28.31,5.0,,1996-07-07 13:26:53.400,36.169999999999995
1996.07.07,12:50:43.20,38.72,27.9,5.0,,1996-07-07 12:50:43.200,1528.1699999999998
1996.07.06,11:22:33.00,38.78,27.99,18.0,,1996-07-06 11:22:33.000,2853.58
1996.07.04,11:48:58.20,37.83,30.04,0.0,,1996-07-04 11:48:58.200,4176.161666666667
1996.07.01,14:12:48.50,37.75,27.22,12.0,,1996-07-01 14:12:48.500,830.34
1996.07.01,00:22:28.10,38.51,25.99,9.0,,1996-07-01 00:22:28.100,2394.4166666666665
1996.06.29,08:28:03.10,38.07,30.13,11.0,,1996-06-29 08:28:03.100,13.138333333333332
1996.06.29,08:14:54.80,38.05,30.11,12.0,,1996-06-29 08:14:54.800,9609.380000000001
1996.06.22,16:05:32.00,37.82,29.28,5.0,,1996-06-22 16:05:32.000,5095.66
1996.06.19,03:09:52.40,38.52,26.62,9.0,,1996-06-19 03:09:52.400,20280.896666666667
1996.06.05,01:08:58.60,37.04,28.96,7.0,,1996-06-05 01:08:58.600,9890.306666666667
1996.05.29,04:18:40.20,38.66,25.99,10.0,,1996-05-29 04:18:40.200,2241.9950000000003
1996.05.27,14:56:40.50,36.53,24.94,0.0,,1996-05-27 14:56:40.500,31.215
1996.05.27,14:25:27.60,36.48,24.92,1.0,,1996-05-27 14:25:27.600,8613.109999999999
1996.05.21,14:52:21.00,36.78,26.86,5.0,,1996-05-21 14:52:21.000,1783.1783333333333
1996.05.20,09:09:10.30,38.25,26.84,18.0,,1996-05-20 09:09:10.300,508.675
1996.05.20,00:40:29.80,37.91,27.93,9.0,,1996-05-20 00:40:29.800,17300.333333333332
1996.05.08,00:20:09.80,37.86,27.38,15.0,,1996-05-08 00:20:09.800,1552.8033333333333
1996.05.06,22:27:21.60,37.94,27.55,0.0,,1996-05-06 22:27:21.600,2489.298333333333
1996.05.05,04:58:03.70,39.37,27.36,10.0,,1996-05-05 04:58:03.700,44.05833333333333
1996.05.05,04:14:00.20,39.04,28.0,8.0,,1996-05-05 04:14:00.200,3056.515
1996.05.03,01:17:29.30,39.02,27.91,10.0,,1996-05-03 01:17:29.300,482.0683333333333
1996.05.02,17:15:25.20,37.14,27.51,7.0,,1996-05-02 17:15:25.200,1243.395
1996.05.01,20:32:01.50,36.79,28.35,15.0,,1996-05-01 20:32:01.500,18.711666666666666
1996.05.01,20:13:18.80,36.35,29.08,13.0,,1996-05-01 20:13:18.800,759.7766666666666
1996.05.01,07:33:32.20,38.24,30.15,9.0,,1996-05-01 07:33:32.200,14.186666666666667
1996.05.01,07:19:21.00,36.59,29.1,7.0,,1996-05-01 07:19:21.000,971.9633333333334
1996.04.30,15:07:23.20,37.29,27.77,0.0,,1996-04-30 15:07:23.200,27.613333333333333
1996.04.30,14:39:46.40,37.26,27.64,0.0,,1996-04-30 14:39:46.400,8.058333333333334
1996.04.30,14:31:42.90,37.25,27.58,1.0,,1996-04-30 14:31:42.900,482.615
1996.04.30,06:29:06.00,37.31,27.69,1.0,,1996-04-30 06:29:06.000,269.1383333333333
1996.04.30,01:59:57.70,36.74,26.8,0.0,,1996-04-30 01:59:57.700,132.28666666666666
1996.04.29,23:47:40.50,37.26,27.76,0.0,,1996-04-29 23:47:40.500,5.4816666666666665
1996.04.29,23:42:11.60,37.22,27.62,4.0,,1996-04-29 23:42:11.600,218.19333333333333
1996.04.29,20:04:00.00,37.21,27.7,0.0,,1996-04-29 20:04:00.000,242.00833333333333
1996.04.29,16:01:59.50,39.03,29.69,9.0,,1996-04-29 16:01:59.500,685.5033333333333
1996.04.29,04:36:29.30,37.14,27.62,0.0,,1996-04-29 04:36:29.300,46.07333333333334
1996.04.29,03:50:24.90,37.23,27.68,0.0,,1996-04-29 03:50:24.900,2.92
1996.04.29,03:47:29.70,37.29,27.64,5.0,,1996-04-29 03:47:29.700,1805.6399999999999
1996.04.27,21:41:51.30,37.27,27.59,6.0,,1996-04-27 21:41:51.300,1946.8516666666667
1996.04.26,13:15:00.20,36.76,29.13,7.0,,1996-04-26 13:15:00.200,373.5133333333333
1996.04.26,07:01:29.40,36.58,27.86,27.0,,1996-04-26 07:01:29.400,439.5433333333333
1996.04.25,23:41:56.80,36.8,29.2,16.0,,1996-04-25 23:41:56.800,71.045
1996.04.25,22:30:54.10,36.59,29.12,7.0,,1996-04-25 22:30:54.100,2840.663333333333
1996.04.23,23:10:14.30,37.81,27.26,5.0,,1996-04-23 23:10:14.300,1266.5183333333334
1996.04.23,02:03:43.20,40.64,29.94,5.0,,1996-04-23 02:03:43.200,6761.006666666667
1996.04.18,09:22:42.80,38.23,30.07,0.0,,1996-04-18 09:22:42.800,1765.2050000000002
1996.04.17,03:57:30.50,37.87,27.07,5.0,,1996-04-17 03:57:30.500,1656.865
1996.04.16,00:20:38.60,39.4,24.64,9.0,,1996-04-16 00:20:38.600,2389.55
1996.04.14,08:31:05.60,40.8,27.45,11.0,,1996-04-14 08:31:05.600,2451.83
1996.04.12,15:39:15.80,36.78,27.21,96.0,,1996-04-12 15:39:15.800,5994.3116666666665
1996.04.08,11:44:57.10,36.71,27.42,99.0,,1996-04-08 11:44:57.100,5897.84
1996.04.04,09:27:06.70,37.94,26.85,20.0,,1996-04-04 09:27:06.700,2333.991666666667
1996.04.02,18:33:07.20,37.93,26.71,9.0,,1996-04-02 18:33:07.200,271.845
1996.04.02,14:01:16.50,37.95,26.86,18.0,,1996-04-02 14:01:16.500,194.73333333333332
1996.04.02,10:46:32.50,37.91,26.79,12.0,,1996-04-02 10:46:32.500,8.795
1996.04.02,10:37:44.80,37.91,26.84,15.0,,1996-04-02 10:37:44.800,140.12833333333336
1996.04.02,08:17:37.10,38.11,26.67,8.0,,1996-04-02 08:17:37.100,11.566666666666666
1996.04.02,08:06:03.10,37.83,26.92,5.0,,1996-04-02 08:06:03.100,6.703333333333333
1996.04.02,07:59:20.90,37.78,26.64,12.0,,1996-04-02 07:59:20.900,3013.4183333333335
1996.03.31,05:45:55.80,36.7,26.85,19.0,,1996-03-31 05:45:55.800,1081.2133333333334
1996.03.30,11:44:43.00,40.71,29.7,7.0,,1996-03-30 11:44:43.000,364.5516666666666
1996.03.30,05:40:09.90,39.36,26.23,7.0,,1996-03-30 05:40:09.900,6848.5183333333325
1996.03.25,11:31:38.80,40.26,29.35,14.0,,1996-03-25 11:31:38.800,2545.938333333333
1996.03.23,17:05:42.50,38.78,26.01,18.0,,1996-03-23 17:05:42.500,306.4066666666667
1996.03.23,11:59:18.10,40.38,25.86,9.0,,1996-03-23 11:59:18.100,809.745
1996.03.22,22:29:33.40,38.88,26.42,0.0,,1996-03-22 22:29:33.400,274.88666666666666
1996.03.22,17:54:40.20,38.48,26.73,17.0,,1996-03-22 17:54:40.200,146.17666666666668
1996.03.22,15:28:29.60,40.34,25.92,5.0,,1996-03-22 15:28:29.600,720.455
1996.03.22,03:28:02.30,36.72,28.71,30.0,,1996-03-22 03:28:02.300,865.715
1996.03.21,13:02:19.40,40.25,29.52,12.0,,1996-03-21 13:02:19.400,404.85833333333335
1996.03.21,06:17:27.90,38.91,25.58,11.0,,1996-03-21 06:17:27.900,427.3383333333333
1996.03.20,23:10:07.60,36.66,29.01,25.0,,1996-03-20 23:10:07.600,3819.9983333333334
1996.03.18,07:30:07.70,38.2,30.11,3.0,,1996-03-18 07:30:07.700,1645.5766666666668
1996.03.17,04:04:33.10,37.02,29.1,0.0,,1996-03-17 04:04:33.100,808.15
1996.03.16,14:36:24.10,37.05,30.29,75.0,,1996-03-16 14:36:24.100,12932.868333333334
1996.03.07,15:03:32.00,36.52,27.83,1.0,,1996-03-07 15:03:32.000,3834.4166666666665
1996.03.04,23:09:07.00,38.49,26.45,8.0,,1996-03-04 23:09:07.000,19516.955
1996.02.20,09:52:09.70,38.18,27.24,31.0,,1996-02-20 09:52:09.700,378.9216666666667
1996.02.20,03:33:14.40,38.27,27.2,28.0,,1996-02-20 03:33:14.400,40.14333333333333
1996.02.20,02:53:05.80,38.25,27.13,31.0,,1996-02-20 02:53:05.800,115.92
1996.02.20,00:57:10.60,38.18,27.04,23.0,,1996-02-20 00:57:10.600,1733.965
1996.02.18,20:03:12.70,37.17,27.64,5.0,,1996-02-18 20:03:12.700,6867.3933333333325
1996.02.14,01:35:49.10,40.72,30.01,12.0,,1996-02-14 01:35:49.100,3459.8766666666666
1996.02.11,15:55:56.50,36.08,26.69,26.0,,1996-02-11 15:55:56.500,8872.503333333332
1996.02.05,12:03:26.30,38.38,29.52,6.0,,1996-02-05 12:03:26.300,2414.5716666666663
1996.02.03,19:48:52.00,37.79,26.87,22.0,,1996-02-03 19:48:52.000,1218.5416666666667
1996.02.02,23:30:19.50,36.37,28.2,10.0,,1996-02-02 23:30:19.500,4181.8
1996.01.31,01:48:31.50,37.2,28.1,5.0,,1996-01-31 01:48:31.500,318.40333333333336
1996.01.30,20:30:07.30,38.56,26.74,17.0,,1996-01-30 20:30:07.300,168.88
1996.01.30,17:41:14.50,38.54,26.77,17.0,,1996-01-30 17:41:14.500,3184.963333333333
1996.01.28,12:36:16.70,38.81,30.3,6.0,,1996-01-28 12:36:16.700,2645.7200000000003
1996.01.26,16:30:33.50,39.41,25.51,10.0,,1996-01-26 16:30:33.500,2853.4700000000003
1996.01.24,16:57:05.30,38.92,27.72,9.0,,1996-01-24 16:57:05.300,2812.3700000000003
1996.01.22,18:04:43.10,39.02,27.84,14.0,,1996-01-22 18:04:43.100,14787.545
1996.01.12,11:37:10.40,38.13,30.02,2.0,,1996-01-12 11:37:10.400,9079.51
1996.01.06,04:17:39.80,38.14,30.04,6.0,,1996-01-06 04:17:39.800,5406.095
1996.01.02,10:11:34.10,36.75,27.09,9.0,,1996-01-02 10:11:34.100,1086.0683333333334
1996.01.01,16:05:30.00,37.27,28.02,5.0,,1996-01-01 16:05:30.000,9650.955
1995.12.25,23:14:32.70,38.82,27.3,8.0,,1995-12-25 23:14:32.700,4569.96
1995.12.22,19:04:35.10,39.2,28.05,14.0,,1995-12-22 19:04:35.100,9054.828333333333
1995.12.16,12:09:45.40,38.18,30.06,0.0,,1995-12-16 12:09:45.400,2236.2966666666666
1995.12.14,22:53:27.60,38.09,30.1,0.0,,1995-12-14 22:53:27.600,120.08166666666666
1995.12.14,20:53:22.70,36.62,27.17,0.0,,1995-12-14 20:53:22.700,9599.811666666666
1995.12.08,04:53:34.00,40.48,25.81,6.0,,1995-12-08 04:53:34.000,1465.65
1995.12.07,04:27:55.00,36.45,27.07,10.0,,1995-12-07 04:27:55.000,2901.025
1995.12.05,04:06:53.50,38.49,26.68,20.0,,1995-12-05 04:06:53.500,21.040000000000003
1995.12.05,03:45:51.10,37.14,28.84,9.0,,1995-12-05 03:45:51.100,6716.248333333334
1995.11.30,11:49:36.20,36.72,27.15,78.0,,1995-11-30 11:49:36.200,673.4816666666667
1995.11.30,00:36:07.30,38.62,26.76,12.0,,1995-11-30 00:36:07.300,3550.133333333333
1995.11.27,13:25:59.30,36.59,26.79,10.0,,1995-11-27 13:25:59.300,915.95
1995.11.26,22:10:02.30,38.15,30.09,0.0,,1995-11-26 22:10:02.300,299.405
1995.11.26,17:10:38.00,38.85,27.81,5.0,,1995-11-26 17:10:38.000,1032.1533333333332
1995.11.25,23:58:28.80,36.99,27.81,114.0,,1995-11-25 23:58:28.800,13426.119999999999
1995.11.16,16:12:21.60,38.24,30.18,0.0,,1995-11-16 16:12:21.600,3705.101666666667
1995.11.14,02:27:15.50,38.15,30.3,0.0,,1995-11-14 02:27:15.500,6417.7733333333335
1995.11.09,15:29:29.10,39.0,27.26,8.0,,1995-11-09 15:29:29.100,1668.465
1995.11.08,11:41:01.20,38.02,30.03,9.0,,1995-11-08 11:41:01.200,2226.11
1995.11.06,22:34:54.60,36.79,28.16,74.0,,1995-11-06 22:34:54.600,10488.953333333333
1995.10.30,15:45:57.40,36.8,28.02,24.0,,1995-10-30 15:45:57.400,159.335
1995.10.30,13:06:37.30,36.64,27.86,2.0,,1995-10-30 13:06:37.300,255.60666666666665
1995.10.30,08:51:00.90,38.17,29.23,3.0,,1995-10-30 08:51:00.900,2766.008333333333
1995.10.28,10:45:00.40,40.85,27.89,7.0,,1995-10-28 10:45:00.400,2518.1283333333336
1995.10.26,16:46:52.70,38.12,30.13,3.0,,1995-10-26 16:46:52.700,2469.7183333333332
1995.10.24,23:37:09.60,38.34,30.26,0.0,,1995-10-24 23:37:09.600,2095.9583333333335
1995.10.23,12:41:12.10,38.09,30.1,9.0,,1995-10-23 12:41:12.100,203.87333333333333
1995.10.23,09:17:19.70,38.22,28.79,8.0,,1995-10-23 09:17:19.700,6335.17
1995.10.18,23:42:09.50,38.13,30.04,6.0,,1995-10-18 23:42:09.500,1153.98
1995.10.18,04:28:10.70,37.89,27.36,3.0,,1995-10-18 04:28:10.700,215.3
1995.10.18,00:52:52.70,38.04,30.17,7.0,,1995-10-18 00:52:52.700,2478.68
1995.10.16,07:34:11.90,38.16,30.23,13.0,,1995-10-16 07:34:11.900,1741.1983333333333
1995.10.15,02:33:00.00,38.1,30.1,10.0,,1995-10-15 02:33:00.000,111.54166666666667
1995.10.15,00:41:27.50,38.14,30.25,9.0,,1995-10-15 00:41:27.500,115.43666666666667
1995.10.14,22:46:01.30,39.42,28.11,12.0,,1995-10-14 22:46:01.300,2580.0283333333336
1995.10.13,03:45:59.60,38.13,30.15,1.0,,1995-10-13 03:45:59.600,179.95
1995.10.13,00:46:02.60,38.06,30.02,10.0,,1995-10-13 00:46:02.600,11.156666666666666
1995.10.13,00:34:53.20,38.11,30.21,0.0,,1995-10-13 00:34:53.200,1084.6033333333332
1995.10.12,06:30:17.00,38.07,30.18,2.0,,1995-10-12 06:30:17.000,1545.2983333333332
1995.10.11,04:44:59.10,38.13,30.09,0.0,,1995-10-11 04:44:59.100,154.82833333333335
1995.10.11,02:10:09.40,38.82,26.38,6.0,,1995-10-11 02:10:09.400,119.98333333333333
1995.10.11,00:10:10.40,38.75,26.43,24.0,,1995-10-11 00:10:10.400,2375.94
1995.10.09,08:34:14.00,38.1,29.96,0.0,,1995-10-09 08:34:14.000,1843.4083333333333
1995.10.08,01:50:49.50,38.04,30.13,5.0,,1995-10-08 01:50:49.500,850.9166666666666
1995.10.07,11:39:54.50,38.09,30.15,1.0,,1995-10-07 11:39:54.500,884.15
1995.10.06,20:55:45.50,38.09,29.99,7.0,,1995-10-06 20:55:45.500,22.538333333333334
1995.10.06,20:33:13.20,38.09,30.13,7.0,,1995-10-06 20:33:13.200,257.2583333333333
1995.10.06,16:15:57.70,38.03,30.09,8.0,,1995-10-06 16:15:57.700,644.9516666666666
1995.10.06,05:31:00.60,38.14,30.06,8.0,,1995-10-06 05:31:00.600,223.64833333333334
1995.10.06,01:47:21.70,38.12,30.04,0.0,,1995-10-06 01:47:21.700,572.005
1995.10.05,16:15:21.40,38.04,30.1,7.0,,1995-10-05 16:15:21.400,15.873333333333333
1995.10.05,15:59:29.00,38.09,30.15,0.0,,1995-10-05 15:59:29.000,1116.9983333333332
1995.10.04,21:22:29.10,38.15,30.02,0.0,,1995-10-04 21:22:29.100,115.54666666666667
1995.10.04,19:26:56.30,38.08,30.11,0.0,,1995-10-04 19:26:56.300,1078.93
1995.10.04,01:28:00.50,38.11,30.15,0.0,,1995-10-04 01:28:00.500,189.67999999999998
1995.10.03,22:18:19.70,38.14,30.19,0.0,,1995-10-03 22:18:19.700,636.825
1995.10.03,11:41:30.20,38.13,30.02,1.0,,1995-10-03 11:41:30.200,243.32666666666668
1995.10.03,07:38:10.60,38.01,30.05,11.0,,1995-10-03 07:38:10.600,470.97999999999996
1995.10.02,23:47:11.80,38.08,30.15,5.0,,1995-10-02 23:47:11.800,234.06166666666667
1995.10.02,19:53:08.10,38.06,30.08,1.0,,1995-10-02 19:53:08.100,206.74833333333333
1995.10.02,16:26:23.20,38.2,30.1,5.0,,1995-10-02 16:26:23.200,87.74166666666666
1995.10.02,14:58:38.70,38.14,30.07,5.0,,1995-10-02 14:58:38.700,744.3033333333333
1995.10.02,02:34:20.50,38.18,30.08,0.0,,1995-10-02 02:34:20.500,30.21833333333333
1995.10.02,02:04:07.40,38.14,30.07,7.0,,1995-10-02 02:04:07.400,176.505
1995.10.01,23:07:37.10,38.18,30.06,6.0,,1995-10-01 23:07:37.100,46.29
1995.10.01,22:21:19.70,38.15,30.07,0.0,,1995-10-01 22:21:19.700,25.016666666666666
1995.10.01,21:56:18.70,38.18,30.08,0.0,,1995-10-01 21:56:18.700,28.373333333333335
1995.10.01,21:27:56.30,38.12,30.13,0.0,,1995-10-01 21:27:56.300,13.245000000000001
1995.10.01,21:14:41.60,38.04,30.09,4.0,,1995-10-01 21:14:41.600,23.565
1995.10.01,20:51:07.70,38.09,30.13,15.0,,1995-10-01 20:51:07.700,134.78666666666666
1995.10.01,18:36:20.50,38.18,30.1,8.0,,1995-10-01 18:36:20.500,13.31
1995.10.01,18:23:01.90,38.16,30.21,10.0,,1995-10-01 18:23:01.900,20.1
1995.10.01,18:02:55.90,38.1,30.02,7.0,,1995-10-01 18:02:55.900,15.911666666666667
1995.10.01,17:47:01.20,38.21,30.17,8.0,,1995-10-01 17:47:01.200,78.13166666666666
1995.10.01,16:28:53.30,38.09,30.12,5.0,,1995-10-01 16:28:53.300,8.453333333333333
1995.10.01,16:20:26.10,38.23,30.14,0.0,,1995-10-01 16:20:26.100,23.216666666666665
1995.10.01,15:57:13.10,38.11,30.05,5.0,,1995-10-01 15:57:13.100,775.45
1995.10.01,03:01:46.10,38.08,30.1,6.0,,1995-10-01 03:01:46.100,1371.27
1995.09.30,04:10:29.90,36.89,29.29,9.0,,1995-09-30 04:10:29.900,1681.34
1995.09.29,00:09:09.50,38.08,29.9,0.0,,1995-09-29 00:09:09.500,642.3983333333333
1995.09.28,13:26:45.60,38.56,30.47,6.0,,1995-09-28 13:26:45.600,730.765
1995.09.28,01:15:59.70,36.72,29.3,3.0,,1995-09-28 01:15:59.700,636.23
1995.09.27,14:39:45.90,38.05,30.03,5.0,,1995-09-27 14:39:45.900,13.343333333333334
1995.09.27,14:26:25.30,38.09,30.02,0.0,,1995-09-27 14:26:25.300,10.514999999999999
1995.09.27,14:15:54.40,38.11,30.02,10.0,,1995-09-27 14:15:54.400,72.07
1995.09.27,13:03:50.20,38.08,30.1,2.0,,1995-09-27 13:03:50.200,688.8716666666667
1995.09.27,01:34:57.90,38.86,26.79,12.0,,1995-09-27 01:34:57.900,326.9933333333333
1995.09.26,20:07:58.30,38.08,30.09,1.0,,1995-09-26 20:07:58.300,195.24666666666664
1995.09.26,16:52:43.50,38.03,30.05,2.0,,1995-09-26 16:52:43.500,13.555
1995.09.26,16:39:10.20,38.04,30.02,5.0,,1995-09-26 16:39:10.200,80.795
1995.09.26,15:18:22.50,38.09,30.01,3.0,,1995-09-26 15:18:22.500,9.166666666666666
1995.09.26,15:09:12.50,38.05,30.06,7.0,,1995-09-26 15:09:12.500,11.063333333333333
1995.09.26,14:58:08.70,38.04,30.03,5.0,,1995-09-26 14:58:08.700,1429.3166666666666
1995.09.25,15:08:49.70,36.05,28.78,0.0,,1995-09-25 15:08:49.700,3796.1216666666664
1995.09.22,23:52:42.40,37.17,26.63,10.0,,1995-09-22 23:52:42.400,1439.9850000000001
1995.09.21,23:52:43.30,36.91,27.01,16.0,,1995-09-21 23:52:43.300,578.9016666666666
1995.09.21,14:13:49.20,36.53,29.25,0.0,,1995-09-21 14:13:49.200,1301.2783333333332
1995.09.20,16:32:32.50,38.06,30.05,6.0,,1995-09-20 16:32:32.500,472.625
1995.09.20,08:39:55.00,38.53,30.17,6.0,,1995-09-20 08:39:55.000,1725.615
1995.09.19,03:54:18.10,40.26,29.19,5.0,,1995-09-19 03:54:18.100,2612.9883333333332
1995.09.17,08:21:18.80,37.2,28.08,24.0,,1995-09-17 08:21:18.800,3881.976666666667
1995.09.14,15:39:20.20,40.17,29.69,5.0,,1995-09-14 15:39:20.200,231.185
1995.09.14,11:48:09.10,37.76,29.38,25.0,,1995-09-14 11:48:09.100,426.59666666666664
1995.09.14,04:41:33.30,39.37,27.61,12.0,,1995-09-14 04:41:33.300,7365.89
1995.09.09,01:55:39.90,36.47,28.65,20.0,,1995-09-09 01:55:39.900,3.0833333333333335
1995.09.09,01:52:34.90,37.79,29.39,8.0,,1995-09-09 01:52:34.900,775.1383333333334
1995.09.08,12:57:26.60,39.13,26.12,5.0,,1995-09-08 12:57:26.600,3847.8283333333334
1995.09.05,20:49:36.90,39.0,29.68,0.0,,1995-09-05 20:49:36.900,16297.461666666666
1995.08.25,13:12:09.20,38.66,26.83,21.0,,1995-08-25 13:12:09.200,3105.82
1995.08.23,09:26:20.00,40.15,29.65,5.0,,1995-08-23 09:26:20.000,1139.7266666666667
1995.08.22,14:26:36.40,36.87,27.26,0.0,,1995-08-22 14:26:36.400,2075.7866666666664
1995.08.21,03:50:49.20,39.46,26.05,5.0,,1995-08-21 03:50:49.200,372.17333333333335
1995.08.20,21:38:38.80,40.18,29.67,8.0,,1995-08-20 21:38:38.800,86.51
1995.08.20,20:12:08.20,37.83,29.42,9.0,,1995-08-20 20:12:08.200,651.2566666666667
1995.08.20,09:20:52.80,38.64,26.52,0.0,,1995-08-20 09:20:52.800,504.81
1995.08.20,00:56:04.20,40.19,29.66,7.0,,1995-08-20 00:56:04.200,290.3566666666667
1995.08.19,20:05:42.80,40.19,29.57,5.0,,1995-08-19 20:05:42.800,8.51
1995.08.19,19:57:12.20,40.22,29.64,17.0,,1995-08-19 19:57:12.200,2292.391666666667
1995.08.18,05:44:48.70,37.83,29.46,7.0,,1995-08-18 05:44:48.700,292.415
1995.08.18,00:52:23.80,37.84,29.43,6.0,,1995-08-18 00:52:23.800,328.39666666666665
1995.08.17,19:24:00.00,37.88,29.42,10.0,,1995-08-17 19:24:00.000,12873.526666666667
1995.08.08,20:50:28.40,36.12,27.36,13.0,,1995-08-08 20:50:28.400,9.84
1995.08.08,20:40:38.00,36.1,27.45,10.0,,1995-08-08 20:40:38.000,17740.188333333335
1995.07.27,13:00:26.70,40.4,27.4,12.0,,1995-07-27 13:00:26.700,2697.1283333333336
1995.07.25,16:03:19.00,36.84,29.06,11.0,,1995-07-25 16:03:19.000,353.49666666666667
1995.07.25,10:09:49.20,39.39,27.5,12.0,,1995-07-25 10:09:49.200,483.46
1995.07.25,02:06:21.60,36.63,28.96,13.0,,1995-07-25 02:06:21.600,2550.2383333333332
1995.07.23,07:36:07.30,37.57,29.26,0.0,,1995-07-23 07:36:07.300,31.061666666666667
1995.07.23,07:05:03.60,37.61,29.29,0.0,,1995-07-23 07:05:03.600,6248.384999999999
1995.07.18,22:56:40.50,38.92,23.98,9.0,,1995-07-18 22:56:40.500,9045.178333333333
1995.07.12,16:11:29.80,38.78,26.3,0.0,,1995-07-12 16:11:29.800,7075.554999999999
1995.07.07,18:15:56.50,40.5,29.32,5.0,,1995-07-07 18:15:56.500,817.8566666666667
1995.07.07,04:38:05.10,37.64,26.74,13.0,,1995-07-07 04:38:05.100,2368.815
1995.07.05,13:09:16.20,37.59,26.57,8.0,,1995-07-05 13:09:16.200,37.373333333333335
1995.07.05,12:31:53.80,37.58,26.77,6.0,,1995-07-05 12:31:53.800,1090.5916666666667
1995.07.04,18:21:18.30,37.14,27.99,12.0,,1995-07-04 18:21:18.300,6458.178333333333
1995.06.30,06:43:07.60,36.83,26.29,0.0,,1995-06-30 06:43:07.600,68.445
1995.06.30,05:34:40.90,36.78,28.45,4.0,,1995-06-30 05:34:40.900,2925.5566666666664
1995.06.28,04:49:07.50,39.02,28.04,13.0,,1995-06-28 04:49:07.500,104.87166666666667
1995.06.28,03:04:15.20,38.67,23.28,10.0,,1995-06-28 03:04:15.200,1273.475
1995.06.27,05:50:46.70,36.02,29.32,11.0,,1995-06-27 05:50:46.700,7630.116666666667
1995.06.21,22:40:39.70,37.37,28.17,0.0,,1995-06-21 22:40:39.700,767.2933333333333
1995.06.21,09:53:22.10,38.76,26.73,11.0,,1995-06-21 09:53:22.100,2520.7966666666666
1995.06.19,15:52:34.30,40.49,28.92,19.0,,1995-06-19 15:52:34.300,1.365
1995.06.19,15:51:12.40,37.29,28.06,8.0,,1995-06-19 15:51:12.400,12253.686666666666
1995.06.11,03:37:31.20,37.68,29.32,8.0,,1995-06-11 03:37:31.200,457.2083333333333
1995.06.10,20:00:18.70,37.94,28.97,0.0,,1995-06-10 20:00:18.700,1490.9483333333333
1995.06.09,19:09:21.80,40.73,26.22,9.0,,1995-06-09 19:09:21.800,6081.838333333333
1995.06.05,13:47:31.50,38.61,26.44,8.0,,1995-06-05 13:47:31.500,401.17833333333334
1995.06.05,07:06:20.80,40.4,29.29,7.0,,1995-06-05 07:06:20.800,758.8133333333334
1995.06.04,18:27:32.00,38.68,26.83,18.0,,1995-06-04 18:27:32.000,2553.7216666666664
1995.06.02,23:53:48.70,37.41,29.57,9.0,,1995-06-02 23:53:48.700,784.05
1995.06.02,10:49:45.70,36.16,26.62,10.0,,1995-06-02 10:49:45.700,616.7866666666666
1995.06.02,00:32:58.50,40.19,26.05,0.0,,1995-06-02 00:32:58.500,6.243333333333334
1995.06.02,00:26:43.90,40.41,25.93,9.0,,1995-06-02 00:26:43.900,7371.151666666667
1995.05.27,21:35:34.80,36.45,28.58,24.0,,1995-05-27 21:35:34.800,8270.95
1995.05.22,03:44:37.80,38.91,25.85,0.0,,1995-05-22 03:44:37.800,1338.5716666666667
1995.05.21,05:26:03.50,39.43,25.62,8.0,,1995-05-21 05:26:03.500,807.7916666666666
1995.05.20,15:58:16.00,38.16,29.35,2.0,,1995-05-20 15:58:16.000,6735.451666666666
1995.05.15,23:42:48.90,39.45,26.23,0.0,,1995-05-15 23:42:48.900,10675.936666666666
1995.05.08,13:46:52.70,37.29,28.22,2.0,,1995-05-08 13:46:52.700,1700.2683333333334
1995.05.07,09:26:36.60,40.33,24.02,10.0,,1995-05-07 09:26:36.600,1755.6283333333333
1995.05.06,04:10:58.90,36.57,28.58,8.0,,1995-05-06 04:10:58.900,1942.9716666666668
1995.05.04,19:48:00.60,36.43,27.35,36.0,,1995-05-04 19:48:00.600,7538.4366666666665
1995.04.29,14:09:34.40,37.64,29.75,20.0,,1995-04-29 14:09:34.400,4542.548333333334
1995.04.26,10:27:01.50,37.34,26.16,0.0,,1995-04-26 10:27:01.500,525.3233333333334
1995.04.26,01:41:42.10,38.06,28.99,5.0,,1995-04-26 01:41:42.100,627.0400000000001
1995.04.25,15:14:39.70,37.83,29.19,9.0,,1995-04-25 15:14:39.700,8165.275
1995.04.19,23:09:23.20,36.17,29.21,11.0,,1995-04-19 23:09:23.200,1072.7266666666667
1995.04.19,05:16:39.60,37.13,27.62,0.0,,1995-04-19 05:16:39.600,251.71666666666667
1995.04.19,01:04:56.60,36.14,28.22,29.0,,1995-04-19 01:04:56.600,1168.8866666666665
1995.04.18,05:36:03.40,40.8,27.84,13.0,,1995-04-18 05:36:03.400,2077.1516666666666
1995.04.16,18:58:54.30,40.85,27.74,16.0,,1995-04-16 18:58:54.300,3355.17
1995.04.14,11:03:44.10,40.26,24.53,2.0,,1995-04-14 11:03:44.100,1855.725
1995.04.13,04:08:00.60,40.85,27.67,12.0,,1995-04-13 04:08:00.600,5715.281666666667
1995.04.09,04:52:43.70,37.02,27.43,0.0,,1995-04-09 04:52:43.700,3565.313333333333
1995.04.06,17:27:24.90,40.86,28.31,14.0,,1995-04-06 17:27:24.900,1520.71
1995.04.05,16:06:42.30,36.49,27.19,74.0,,1995-04-05 16:06:42.300,42.961666666666666
1995.04.05,15:23:44.60,39.31,24.96,8.0,,1995-04-05 15:23:44.600,1316.8566666666666
1995.04.04,17:26:53.20,40.86,22.76,5.0,,1995-04-04 17:26:53.200,2708.8933333333334
1995.04.02,20:17:59.60,38.89,26.78,9.0,,1995-04-02 20:17:59.600,102.635
1995.04.02,18:35:21.50,36.51,27.76,24.0,,1995-04-02 18:35:21.500,7834.501666666666
1995.03.28,08:00:51.40,40.88,27.83,19.0,,1995-03-28 08:00:51.400,10131.261666666665
1995.03.21,07:09:35.70,37.57,27.73,6.0,,1995-03-21 07:09:35.700,3480.8066666666664
1995.03.18,21:08:47.30,36.88,28.97,0.0,,1995-03-18 21:08:47.300,0.26333333333333336
1995.03.18,21:08:31.50,40.9,26.25,23.0,,1995-03-18 21:08:31.500,81.32166666666667
1995.03.18,19:47:12.20,37.19,27.98,0.0,,1995-03-18 19:47:12.200,3607.92
1995.03.16,07:39:17.00,37.12,29.05,2.0,,1995-03-16 07:39:17.000,102.54666666666667
1995.03.16,05:56:44.20,37.88,29.17,10.0,,1995-03-16 05:56:44.200,3229.8816666666667
1995.03.14,00:06:51.30,37.84,29.09,5.0,,1995-03-14 00:06:51.300,1208.12
1995.03.13,03:58:44.10,36.07,29.86,0.0,,1995-03-13 03:58:44.100,549.185
1995.03.12,18:49:33.00,37.83,29.06,5.0,,1995-03-12 18:49:33.000,1334.9083333333333
1995.03.11,20:34:38.50,37.01,27.65,0.0,,1995-03-11 20:34:38.500,5220.58
1995.03.08,05:34:03.70,37.07,27.68,16.0,,1995-03-08 05:34:03.700,1524.9383333333333
1995.03.07,04:09:07.40,37.12,27.86,1.0,,1995-03-07 04:09:07.400,10.911666666666667
1995.03.07,03:58:12.70,37.16,27.62,5.0,,1995-03-07 03:58:12.700,3.2183333333333333
1995.03.07,03:54:59.60,36.95,27.77,0.0,,1995-03-07 03:54:59.600,9538.248333333333
1995.02.28,12:56:44.70,36.28,29.11,14.0,,1995-02-28 12:56:44.700,831.7883333333334
1995.02.27,23:04:57.40,36.89,28.86,8.0,,1995-02-27 23:04:57.400,1132.72
1995.02.27,04:12:14.20,36.8,28.94,13.0,,1995-02-27 04:12:14.200,1600.6899999999998
1995.02.26,01:31:32.80,39.53,28.84,7.0,,1995-02-26 01:31:32.800,1366.145
1995.02.25,02:45:24.10,40.84,27.87,7.0,,1995-02-25 02:45:24.100,1802.07
1995.02.23,20:43:19.90,36.38,29.19,15.0,,1995-02-23 20:43:19.900,2029.365
1995.02.22,10:53:58.00,36.22,27.49,37.0,,1995-02-22 10:53:58.000,158.47833333333335
1995.02.22,08:15:29.30,36.38,27.91,0.0,,1995-02-22 08:15:29.300,1287.7783333333332
1995.02.21,10:47:42.60,37.85,27.15,4.0,,1995-02-21 10:47:42.600,194.24333333333334
1995.02.21,07:33:28.00,36.48,27.39,77.0,,1995-02-21 07:33:28.000,214.06833333333333
1995.02.21,03:59:23.90,36.34,27.6,12.0,,1995-02-21 03:59:23.900,2.86
1995.02.21,03:56:32.30,36.32,27.5,13.0,,1995-02-21 03:56:32.300,1554.365
1995.02.20,02:02:10.40,36.37,29.69,22.0,,1995-02-20 02:02:10.400,1807.4166666666667
1995.02.18,19:54:45.40,38.92,25.81,0.0,,1995-02-18 19:54:45.400,4821.95
1995.02.15,11:32:48.40,36.65,28.87,14.0,,1995-02-15 11:32:48.400,8169.105
1995.02.09,19:23:42.10,36.91,28.94,12.0,,1995-02-09 19:23:42.100,983.2216666666667
1995.02.09,03:00:28.80,36.78,29.0,12.0,,1995-02-09 03:00:28.800,335.60166666666663
1995.02.08,21:24:52.70,40.83,27.83,12.0,,1995-02-08 21:24:52.700,14.436666666666667
1995.02.08,21:10:26.50,36.97,28.99,8.0,,1995-02-08 21:10:26.500,4258.093333333333
1995.02.05,22:12:20.90,40.4,25.98,0.0,,1995-02-05 22:12:20.900,1123.13
1995.02.05,03:29:13.10,38.61,26.02,10.0,,1995-02-05 03:29:13.100,729.8766666666667
1995.02.04,15:19:20.50,38.31,27.16,14.0,,1995-02-04 15:19:20.500,1103.8483333333331
1995.02.03,20:55:29.60,38.74,26.37,9.0,,1995-02-03 20:55:29.600,2937.9083333333333
1995.02.01,19:57:35.10,38.44,27.32,9.0,,1995-02-01 19:57:35.100,1376.1133333333335
1995.01.31,21:01:28.30,36.56,28.88,11.0,,1995-01-31 21:01:28.300,1462.4416666666666
1995.01.30,20:39:01.80,37.12,29.01,0.0,,1995-01-30 20:39:01.800,7702.821666666667
1995.01.25,12:16:12.50,36.37,29.14,16.0,,1995-01-25 12:16:12.500,535.7099999999999
1995.01.25,03:20:29.90,37.11,29.01,5.0,,1995-01-25 03:20:29.900,1094.6816666666666
1995.01.24,09:05:49.00,36.53,28.9,9.0,,1995-01-24 09:05:49.000,669.3016666666666
1995.01.23,21:56:30.90,36.96,28.84,10.0,,1995-01-23 21:56:30.900,799.4016666666666
1995.01.23,08:37:06.80,36.67,28.9,15.0,,1995-01-23 08:37:06.800,282.9116666666667
1995.01.23,03:54:12.10,37.01,28.99,0.0,,1995-01-23 03:54:12.100,174.30833333333334
1995.01.23,00:59:53.60,36.75,28.89,18.0,,1995-01-23 00:59:53.600,151.70333333333335
1995.01.22,22:28:11.40,40.69,27.08,25.0,,1995-01-22 22:28:11.400,161.7133333333333
1995.01.22,19:46:28.60,36.94,28.97,8.0,,1995-01-22 19:46:28.600,10466.968333333332
1995.01.15,13:19:30.50,38.77,27.8,8.0,,1995-01-15 13:19:30.500,3056.7566666666667
1995.01.13,10:22:45.10,36.93,28.91,13.0,,1995-01-13 10:22:45.100,939.5033333333333
1995.01.12,18:43:14.90,36.63,27.26,32.0,,1995-01-12 18:43:14.900,373.51666666666665
1995.01.12,12:29:43.90,36.95,28.92,16.0,,1995-01-12 12:29:43.900,728.255
1995.01.12,00:21:28.60,38.65,27.15,4.0,,1995-01-12 00:21:28.600,3281.8616666666667
1995.01.09,17:39:36.90,38.64,27.14,0.0,,1995-01-09 17:39:36.900,1710.715
1995.01.08,13:08:54.00,39.38,25.38,32.0,,1995-01-08 13:08:54.000,2776.4666666666667
1995.01.06,14:52:26.00,36.94,29.02,0.0,,1995-01-06 14:52:26.000,727.645
1995.01.06,02:44:47.30,37.19,27.96,0.0,,1995-01-06 02:44:47.300,347.13666666666666
1995.01.05,20:57:39.10,39.7,25.6,0.0,,1995-01-05 20:57:39.100,6455.23
1995.01.01,09:22:25.30,37.1,28.98,4.0,,1995-01-01 09:22:25.300,11741.598333333333
1994.12.24,05:40:49.40,37.48,28.35,0.0,,1994-12-24 05:40:49.400,5461.115000000001
1994.12.20,10:39:42.50,38.9,26.88,12.0,,1994-12-20 10:39:42.500,2276.67
1994.12.18,20:43:02.30,37.82,27.17,23.0,,1994-12-18 20:43:02.300,23824.843333333334
1994.12.02,07:38:11.70,38.85,26.8,27.0,,1994-12-02 07:38:11.700,2855.7149999999997
1994.11.30,08:02:28.80,37.08,28.91,0.0,,1994-11-30 08:02:28.800,4362.815
1994.11.27,07:19:39.90,36.97,29.03,0.0,,1994-11-27 07:19:39.900,281.1933333333333
1994.11.27,02:38:28.30,37.03,28.96,5.0,,1994-11-27 02:38:28.300,4946.413333333333
1994.11.23,16:12:03.50,36.86,28.93,10.0,,1994-11-23 16:12:03.500,3840.6833333333334
1994.11.21,00:11:22.50,39.14,26.06,14.0,,1994-11-21 00:11:22.500,4558.298333333334
1994.11.17,20:13:04.60,37.0,28.83,7.0,,1994-11-17 20:13:04.600,2823.3033333333337
1994.11.15,21:09:46.40,38.71,26.32,13.0,,1994-11-15 21:09:46.400,152.61333333333332
1994.11.15,18:37:09.60,37.0,28.85,8.0,,1994-11-15 18:37:09.600,1067.1433333333332
1994.11.15,00:50:01.00,37.0,28.87,0.0,,1994-11-15 00:50:01.000,554.6616666666666
1994.11.14,15:35:21.30,36.45,28.6,12.0,,1994-11-14 15:35:21.300,818.0833333333334
1994.11.14,01:57:16.30,36.78,28.64,5.0,,1994-11-14 01:57:16.300,222.01333333333332
1994.11.13,22:15:15.50,36.97,28.91,8.0,,1994-11-13 22:15:15.500,636.37
1994.11.13,11:38:53.30,36.94,28.82,8.0,,1994-11-13 11:38:53.300,35.776666666666664
1994.11.13,11:03:06.70,36.8,28.85,14.0,,1994-11-13 11:03:06.700,150.19666666666666
1994.11.13,08:32:54.90,36.79,28.76,30.0,,1994-11-13 08:32:54.900,3.603333333333333
1994.11.13,08:29:18.70,36.94,28.82,6.0,,1994-11-13 08:29:18.700,13.925
1994.11.13,08:15:23.20,37.17,28.87,8.0,,1994-11-13 08:15:23.200,9.296666666666665
1994.11.13,08:06:05.40,36.82,28.81,2.0,,1994-11-13 08:06:05.400,7.823333333333333
1994.11.13,07:58:16.00,36.96,28.8,31.0,,1994-11-13 07:58:16.000,44.505
1994.11.13,07:13:45.70,37.0,28.82,1.0,,1994-11-13 07:13:45.700,11.408333333333333
1994.11.13,07:02:21.20,37.06,28.88,3.0,,1994-11-13 07:02:21.200,6.348333333333333
1994.11.13,06:56:00.30,36.97,28.89,7.0,,1994-11-13 06:56:00.300,4686.6849999999995
1994.11.10,00:49:19.20,37.13,28.91,8.0,,1994-11-10 00:49:19.200,1176.13
1994.11.09,05:13:11.40,36.82,28.8,12.0,,1994-11-09 05:13:11.400,3.941666666666667
1994.11.09,05:09:14.90,37.06,28.89,8.0,,1994-11-09 05:09:14.900,1185.4416666666666
1994.11.08,09:23:48.40,38.72,26.26,12.0,,1994-11-08 09:23:48.400,755.4666666666667
1994.11.07,20:48:20.40,36.55,27.73,64.0,,1994-11-07 20:48:20.400,826.1466666666668
1994.11.07,07:02:11.60,38.7,26.41,5.0,,1994-11-07 07:02:11.600,1322.5716666666667
1994.11.06,08:59:37.30,36.3,27.58,47.0,,1994-11-06 08:59:37.300,789.0916666666667
1994.11.05,19:50:31.80,38.26,28.75,7.0,,1994-11-05 19:50:31.800,517.7516666666667
1994.11.05,11:12:46.70,40.77,27.52,7.0,,1994-11-05 11:12:46.700,834.3116666666666
1994.11.04,21:18:28.00,36.81,29.86,0.0,,1994-11-04 21:18:28.000,3362.588333333333
1994.11.02,13:15:52.70,40.64,25.79,9.0,,1994-11-02 13:15:52.700,187.95499999999998
1994.11.02,10:07:55.40,40.6,25.95,13.0,,1994-11-02 10:07:55.400,17.203333333333333
1994.11.02,09:50:43.20,40.62,25.86,8.0,,1994-11-02 09:50:43.200,15090.92
1994.10.22,22:19:48.00,39.07,27.84,8.0,,1994-10-22 22:19:48.000,4468.37
1994.10.19,19:51:25.80,39.2,30.33,1.0,,1994-10-19 19:51:25.800,3417.1933333333336
1994.10.17,10:54:14.20,39.4,26.01,19.0,,1994-10-17 10:54:14.200,8399.211666666666
1994.10.11,14:55:01.50,39.38,27.66,6.0,,1994-10-11 14:55:01.500,5729.820000000001
1994.10.07,15:25:12.30,37.29,28.33,2.0,,1994-10-07 15:25:12.300,9130.543333333333
1994.10.01,07:14:39.70,36.28,27.9,0.0,,1994-10-01 07:14:39.700,16798.428333333333
1994.09.19,15:16:14.00,40.64,27.58,20.0,,1994-09-19 15:16:14.000,1448.77
1994.09.18,15:07:27.80,38.59,26.26,23.0,,1994-09-18 15:07:27.800,1776.605
1994.09.17,09:30:51.50,39.45,28.42,17.0,,1994-09-17 09:30:51.500,6270.058333333333
1994.09.13,01:00:48.00,37.42,30.02,18.0,,1994-09-13 01:00:48.000,3970.851666666667
1994.09.10,06:49:56.90,39.13,29.46,21.0,,1994-09-10 06:49:56.900,4367.558333333333
1994.09.07,06:02:23.40,40.13,27.31,9.0,,1994-09-07 06:02:23.400,1356.5316666666665
1994.09.06,07:25:51.50,40.41,25.83,13.0,,1994-09-06 07:25:51.500,1200.0149999999999
1994.09.05,11:25:50.60,39.1,27.84,7.0,,1994-09-05 11:25:50.600,2185.4033333333336
1994.09.03,23:00:26.40,39.19,26.21,0.0,,1994-09-03 23:00:26.400,4527.105
1994.08.31,19:33:20.10,39.06,27.89,8.0,,1994-08-31 19:33:20.100,10177.875
1994.08.24,17:55:27.60,39.06,27.85,6.0,,1994-08-24 17:55:27.600,3440.0350000000003
1994.08.22,08:35:25.50,37.79,25.91,8.0,,1994-08-22 08:35:25.500,4293.235
1994.08.19,09:02:11.40,40.5,25.67,0.0,,1994-08-19 09:02:11.400,4264.33
1994.08.16,09:57:51.60,40.79,27.47,11.0,,1994-08-16 09:57:51.600,4703.631666666667
1994.08.13,03:34:13.70,38.64,25.96,12.0,,1994-08-13 03:34:13.700,678.6066666666667
1994.08.12,16:15:37.30,40.63,29.55,9.0,,1994-08-12 16:15:37.300,3037.8966666666665
1994.08.10,13:37:43.50,38.85,26.59,13.0,,1994-08-10 13:37:43.500,1183.9966666666667
1994.08.09,17:53:43.70,38.78,26.46,19.0,,1994-08-09 17:53:43.700,54.54666666666667
1994.08.09,16:59:10.90,38.83,26.58,9.0,,1994-08-09 16:59:10.900,2131.1583333333333
1994.08.08,05:28:01.40,38.98,29.04,10.0,,1994-08-08 05:28:01.400,2534.265
1994.08.06,11:13:45.50,38.85,26.39,12.0,,1994-08-06 11:13:45.500,3967.326666666667
1994.08.03,17:06:25.90,40.72,29.87,7.0,,1994-08-03 17:06:25.900,3286.5116666666668
1994.08.01,10:19:55.20,38.19,27.73,5.0,,1994-08-01 10:19:55.200,1238.3133333333333
1994.07.31,13:41:36.40,38.91,26.72,0.0,,1994-07-31 13:41:36.400,2112.773333333333
1994.07.30,02:28:50.00,39.12,27.18,5.0,,1994-07-30 02:28:50.000,591.8
1994.07.29,16:37:02.00,39.52,24.99,2.0,,1994-07-29 16:37:02.000,9734.131666666666
1994.07.22,22:22:54.10,40.6,26.02,31.0,,1994-07-22 22:22:54.100,3266.2633333333333
1994.07.20,15:56:38.30,40.32,25.18,10.0,,1994-07-20 15:56:38.300,5505.531666666667
1994.07.16,20:11:06.40,39.9,25.08,0.0,,1994-07-16 20:11:06.400,1021.85
1994.07.16,03:09:15.40,40.83,27.38,11.0,,1994-07-16 03:09:15.400,194.67999999999998
1994.07.15,23:54:34.60,39.12,28.87,10.0,,1994-07-15 23:54:34.600,557.11
1994.07.15,14:37:28.00,38.25,27.67,5.0,,1994-07-15 14:37:28.000,1039.595
1994.07.14,21:17:52.30,40.82,28.18,11.0,,1994-07-14 21:17:52.300,8529.2
1994.07.08,23:08:40.30,39.38,29.19,33.0,,1994-07-08 23:08:40.300,1062.1516666666666
1994.07.08,05:26:31.20,38.74,26.41,10.0,,1994-07-08 05:26:31.200,276.1766666666666
1994.07.08,00:50:20.60,40.07,25.42,21.0,,1994-07-08 00:50:20.600,9857.880000000001
1994.07.01,04:32:27.80,39.24,29.18,12.0,,1994-07-01 04:32:27.800,2282.4583333333335
1994.06.29,14:30:00.30,37.49,23.92,183.0,,1994-06-29 14:30:00.300,3903.105
1994.06.26,21:26:54.00,39.32,29.17,5.0,,1994-06-26 21:26:54.000,1601.5483333333332
1994.06.25,18:45:21.10,39.3,29.18,11.0,,1994-06-25 18:45:21.100,1578.8516666666667
1994.06.24,16:26:30.00,39.28,29.2,15.0,,1994-06-24 16:26:30.000,1726.885
1994.06.23,11:39:36.90,38.8,26.5,10.0,,1994-06-23 11:39:36.900,993.3
1994.06.22,19:06:18.90,40.76,30.18,1.0,,1994-06-22 19:06:18.900,142.325
1994.06.22,16:43:59.40,40.17,27.43,18.0,,1994-06-22 16:43:59.400,3787.7316666666666
1994.06.20,01:36:15.50,40.59,27.33,8.0,,1994-06-20 01:36:15.500,5387.2266666666665
1994.06.16,07:49:01.90,40.7,30.33,7.0,,1994-06-16 07:49:01.900,714.9516666666666
1994.06.15,19:54:04.80,37.84,29.77,10.0,,1994-06-15 19:54:04.800,28.720000000000002
1994.06.15,19:25:21.60,38.82,27.91,10.0,,1994-06-15 19:25:21.600,152.34333333333333
1994.06.15,16:53:01.00,37.59,30.07,8.0,,1994-06-15 16:53:01.000,1314.77
1994.06.14,18:58:14.80,39.84,24.48,10.0,,1994-06-14 18:58:14.800,3356.5133333333333
1994.06.12,11:01:44.00,40.65,29.9,7.0,,1994-06-12 11:01:44.000,579.09
1994.06.12,01:22:38.60,39.54,28.32,14.0,,1994-06-12 01:22:38.600,2015.145
1994.06.10,15:47:29.90,36.99,26.74,10.0,,1994-06-10 15:47:29.900,4256.906666666667
1994.06.07,16:50:35.50,38.71,26.5,10.0,,1994-06-07 16:50:35.500,4069.213333333333
1994.06.04,21:01:22.70,36.01,29.72,44.0,,1994-06-04 21:01:22.700,119.27
1994.06.04,19:02:06.50,38.96,26.63,10.0,,1994-06-04 19:02:06.500,1102.3983333333333
1994.06.04,00:39:42.60,38.77,26.49,24.0,,1994-06-04 00:39:42.600,118.72666666666667
1994.06.03,22:40:59.00,38.78,26.49,10.0,,1994-06-03 22:40:59.000,1992.1166666666666
1994.06.02,13:28:52.00,39.96,24.23,12.0,,1994-06-02 13:28:52.000,3980.366666666667
1994.05.30,19:08:30.00,40.18,25.11,16.0,,1994-05-30 19:08:30.000,2018.1233333333332
1994.05.29,09:30:22.60,39.01,30.09,0.0,,1994-05-29 09:30:22.600,824.435
1994.05.28,19:45:56.50,38.87,26.64,10.0,,1994-05-28 19:45:56.500,104.62666666666668
1994.05.28,18:01:18.90,40.67,29.85,14.0,,1994-05-28 18:01:18.900,2038.4333333333334
1994.05.27,08:02:52.90,38.8,26.48,10.0,,1994-05-27 08:02:52.900,838.6283333333333
1994.05.26,18:04:15.20,38.83,26.53,10.0,,1994-05-26 18:04:15.200,158.69666666666666
1994.05.26,15:25:33.40,38.83,26.8,10.0,,1994-05-26 15:25:33.400,280.4816666666667
1994.05.26,10:45:04.50,38.67,26.3,11.0,,1994-05-26 10:45:04.500,365.7083333333333
1994.05.26,04:39:22.00,38.73,26.39,10.0,,1994-05-26 04:39:22.000,342.8016666666666
1994.05.25,22:56:33.90,38.84,26.56,12.0,,1994-05-25 22:56:33.900,40.29333333333333
1994.05.25,22:16:16.30,38.7,26.33,10.0,,1994-05-25 22:16:16.300,410.59833333333336
1994.05.25,15:25:40.40,38.79,26.35,7.0,,1994-05-25 15:25:40.400,120.17166666666667
1994.05.25,13:25:30.10,38.83,26.48,8.0,,1994-05-25 13:25:30.100,230.345
1994.05.25,09:35:09.40,39.22,27.2,9.0,,1994-05-25 09:35:09.400,67.815
1994.05.25,08:27:20.50,38.84,26.58,9.0,,1994-05-25 08:27:20.500,47.151666666666664
1994.05.25,07:40:11.40,38.8,26.48,0.0,,1994-05-25 07:40:11.400,2.231666666666667
1994.05.25,07:37:57.50,38.73,26.45,5.0,,1994-05-25 07:37:57.500,306.12333333333333
1994.05.25,02:31:50.10,38.71,26.39,10.0,,1994-05-25 02:31:50.100,153.09333333333333
1994.05.24,23:58:44.50,38.8,26.46,0.0,,1994-05-24 23:58:44.500,75.04833333333333
1994.05.24,22:43:41.60,38.69,26.38,10.0,,1994-05-24 22:43:41.600,150.89166666666668
1994.05.24,20:12:48.10,38.84,26.65,5.0,,1994-05-24 20:12:48.100,12.94
1994.05.24,19:59:51.70,38.72,26.45,10.0,,1994-05-24 19:59:51.700,35.7
1994.05.24,19:24:09.70,38.83,26.36,3.0,,1994-05-24 19:24:09.700,293.15333333333336
1994.05.24,14:31:00.50,38.9,26.68,10.0,,1994-05-24 14:31:00.500,219.79833333333332
1994.05.24,10:51:12.60,38.81,26.51,7.0,,1994-05-24 10:51:12.600,4.683333333333334
1994.05.24,10:46:31.60,38.83,26.49,10.0,,1994-05-24 10:46:31.600,155.50666666666666
1994.05.24,08:11:01.20,38.81,26.42,9.0,,1994-05-24 08:11:01.200,10.896666666666667
1994.05.24,08:00:07.40,38.77,26.27,9.0,,1994-05-24 08:00:07.400,58.96666666666667
1994.05.24,07:01:09.40,38.71,26.42,10.0,,1994-05-24 07:01:09.400,5.095
1994.05.24,06:56:03.70,38.88,26.73,0.0,,1994-05-24 06:56:03.700,9.893333333333334
1994.05.24,06:46:10.10,38.62,26.35,8.0,,1994-05-24 06:46:10.100,40.23166666666667
1994.05.24,06:05:56.20,38.67,26.66,10.0,,1994-05-24 06:05:56.200,34.46333333333334
1994.05.24,05:31:28.40,38.77,26.39,4.0,,1994-05-24 05:31:28.400,81.46166666666666
1994.05.24,04:10:00.70,38.57,26.26,12.0,,1994-05-24 04:10:00.700,34.458333333333336
1994.05.24,03:35:33.20,38.68,26.48,14.0,,1994-05-24 03:35:33.200,76.97166666666666
1994.05.24,02:18:34.90,38.76,26.6,16.0,,1994-05-24 02:18:34.900,12.978333333333333
1994.05.24,02:05:36.20,38.66,26.54,17.0,,1994-05-24 02:05:36.200,3874.1233333333334
1994.05.21,09:31:28.80,39.03,29.69,7.0,,1994-05-21 09:31:28.800,2745.3716666666664
1994.05.19,11:46:06.50,39.27,27.78,5.0,,1994-05-19 11:46:06.500,3248.1366666666668
1994.05.17,05:37:58.30,39.03,27.87,5.0,,1994-05-17 05:37:58.300,5094.931666666667
1994.05.13,16:43:02.40,38.64,30.41,15.0,,1994-05-13 16:43:02.400,8217.011666666667
1994.05.07,23:46:01.70,39.51,27.85,17.0,,1994-05-07 23:46:01.700,1577.6516666666669
1994.05.06,21:28:22.60,37.26,26.56,6.0,,1994-05-06 21:28:22.600,1215.5733333333333
1994.05.06,01:12:48.20,39.11,26.43,8.0,,1994-05-06 01:12:48.200,1188.9166666666667
1994.05.05,05:23:53.20,39.03,29.62,6.0,,1994-05-05 05:23:53.200,3263.4933333333333
1994.05.02,23:00:23.60,40.78,29.04,7.0,,1994-05-02 23:00:23.600,4485.23
1994.04.29,20:15:09.80,38.47,26.75,8.0,,1994-04-29 20:15:09.800,13631.755000000001
1994.04.20,09:03:24.50,40.77,28.65,12.0,,1994-04-20 09:03:24.500,6313.205
1994.04.15,23:50:12.20,39.11,23.54,5.0,,1994-04-15 23:50:12.200,4550.696666666667
1994.04.12,19:59:30.40,37.93,29.32,7.0,,1994-04-12 19:59:30.400,2486.9950000000003
1994.04.11,02:32:30.70,39.98,23.79,10.0,,1994-04-11 02:32:30.700,406.175
1994.04.10,19:46:20.20,39.98,23.62,20.0,,1994-04-10 19:46:20.200,423.7083333333333
1994.04.10,12:42:37.70,37.11,25.01,186.0,,1994-04-10 12:42:37.700,5061.085
1994.04.07,00:21:32.60,38.74,27.39,8.0,,1994-04-07 00:21:32.600,307.11333333333334
1994.04.06,19:14:25.80,39.14,29.05,12.0,,1994-04-06 19:14:25.800,221.30166666666668
1994.04.06,15:33:07.70,40.07,28.1,8.0,,1994-04-06 15:33:07.700,183.82999999999998
1994.04.06,12:29:17.90,39.29,25.43,10.0,,1994-04-06 12:29:17.900,930.24
1994.04.05,20:59:03.50,36.22,23.13,20.0,,1994-04-05 20:59:03.500,7084.735
1994.03.31,22:54:19.40,38.99,27.86,9.0,,1994-03-31 22:54:19.400,2307.1066666666666
1994.03.30,08:27:13.00,38.56,27.87,10.0,,1994-03-30 08:27:13.000,2368.2233333333334
1994.03.28,16:58:59.60,40.35,29.98,9.0,,1994-03-28 16:58:59.600,2172.6066666666666
1994.03.27,04:46:23.20,40.81,27.97,16.0,,1994-03-27 04:46:23.200,390.93666666666667
1994.03.26,22:15:27.00,36.54,27.89,10.0,,1994-03-26 22:15:27.000,395.325
1994.03.26,15:40:07.50,36.63,28.3,0.0,,1994-03-26 15:40:07.500,474.9066666666667
1994.03.26,07:45:13.10,40.2,25.28,10.0,,1994-03-26 07:45:13.100,333.7116666666667
1994.03.26,02:11:30.40,39.35,25.52,10.0,,1994-03-26 02:11:30.400,450.0433333333333
1994.03.25,18:41:27.80,40.26,25.28,4.0,,1994-03-25 18:41:27.800,4450.548333333334
1994.03.22,16:30:54.90,37.95,23.54,181.0,,1994-03-22 16:30:54.900,11457.568333333333
1994.03.14,17:33:20.80,40.41,28.87,15.0,,1994-03-14 17:33:20.800,5704.463333333333
1994.03.10,18:28:53.00,38.72,26.5,10.0,,1994-03-10 18:28:53.000,167.1
1994.03.10,15:41:47.00,40.25,25.26,45.0,,1994-03-10 15:41:47.000,5332.048333333334
1994.03.06,22:49:44.10,40.09,24.8,10.0,,1994-03-06 22:49:44.100,7765.638333333333
1994.03.01,13:24:05.80,38.63,26.47,5.0,,1994-03-01 13:24:05.800,619.895
1994.03.01,03:04:12.10,36.47,28.67,5.0,,1994-03-01 03:04:12.100,7658.196666666667
1994.02.23,19:26:00.30,37.47,26.94,0.0,,1994-02-23 19:26:00.300,3769.6566666666668
1994.02.21,04:36:20.90,40.22,29.32,6.0,,1994-02-21 04:36:20.900,2903.273333333333
1994.02.19,04:13:04.50,38.9,26.97,8.0,,1994-02-19 04:13:04.500,217.42000000000002
1994.02.19,00:35:39.30,38.81,26.98,10.0,,1994-02-19 00:35:39.300,14.973333333333333
1994.02.19,00:20:40.90,38.85,26.94,12.0,,1994-02-19 00:20:40.900,57.035
1994.02.18,23:23:38.80,38.9,29.96,5.0,,1994-02-18 23:23:38.800,144.81666666666666
1994.02.18,20:58:49.80,38.71,27.49,10.0,,1994-02-18 20:58:49.800,7246.1883333333335
1994.02.13,20:12:38.50,38.52,24.23,21.0,,1994-02-13 20:12:38.500,1001.6033333333332
1994.02.13,03:31:02.30,37.13,28.23,10.0,,1994-02-13 03:31:02.300,3107.3033333333337
1994.02.10,23:43:44.10,38.78,26.47,10.0,,1994-02-10 23:43:44.100,119.91000000000001
1994.02.10,21:43:49.50,38.71,27.37,4.0,,1994-02-10 21:43:49.500,6988.721666666666
1994.02.06,01:15:06.20,38.67,27.44,10.0,,1994-02-06 01:15:06.200,1071.835
1994.02.05,07:23:16.10,37.23,29.16,0.0,,1994-02-05 07:23:16.100,144.26333333333332
1994.02.05,04:59:00.30,37.02,28.53,12.0,,1994-02-05 04:59:00.300,906.4216666666667
1994.02.04,13:52:35.00,36.54,26.9,163.0,,1994-02-04 13:52:35.000,1940.925
1994.02.03,05:31:39.50,39.43,26.17,25.0,,1994-02-03 05:31:39.500,667.075
1994.02.02,18:24:35.00,38.92,27.43,10.0,,1994-02-02 18:24:35.000,2274.5899999999997
1994.02.01,04:29:59.60,38.75,27.22,7.0,,1994-02-01 04:29:59.600,669.2283333333332
1994.01.31,17:20:45.90,38.73,27.47,5.0,,1994-01-31 17:20:45.900,3543.788333333333
1994.01.29,06:16:58.60,38.91,23.29,5.0,,1994-01-29 06:16:58.600,437.84833333333336
1994.01.28,22:59:07.70,38.68,27.49,12.0,,1994-01-28 22:59:07.700,411.15166666666664
1994.01.28,16:07:58.60,38.7,27.23,10.0,,1994-01-28 16:07:58.600,3.825
1994.01.28,16:04:09.10,38.7,27.19,17.0,,1994-01-28 16:04:09.100,11.264999999999999
1994.01.28,15:52:53.20,38.62,27.34,10.0,,1994-01-28 15:52:53.200,7.4766666666666675
1994.01.28,15:45:24.60,38.69,27.49,5.0,,1994-01-28 15:45:24.600,2000.71
1994.01.27,06:24:42.00,38.63,23.53,5.0,,1994-01-27 06:24:42.000,1217.0966666666668
1994.01.26,10:07:36.20,39.1,27.83,15.0,,1994-01-26 10:07:36.200,405.9533333333333
1994.01.26,03:21:39.00,40.72,27.33,10.0,,1994-01-26 03:21:39.000,1233.8583333333333
1994.01.25,06:47:47.50,36.07,29.05,33.0,,1994-01-25 06:47:47.500,4259.036666666667
1994.01.22,07:48:45.30,40.77,27.49,10.0,,1994-01-22 07:48:45.300,1057.8366666666666
1994.01.21,14:10:55.10,38.81,27.25,1.0,,1994-01-21 14:10:55.100,15149.008333333333
1994.01.11,01:41:54.60,39.01,30.46,9.0,,1994-01-11 01:41:54.600,161.30833333333334
1994.01.10,23:00:36.10,38.79,26.51,10.0,,1994-01-10 23:00:36.100,2052.0716666666667
1994.01.09,12:48:31.80,38.88,27.89,4.0,,1994-01-09 12:48:31.800,1368.3866666666665
1994.01.08,14:00:08.60,38.89,23.25,10.0,,1994-01-08 14:00:08.600,3860.7766666666666
1994.01.05,21:39:22.00,40.84,27.94,12.0,,1994-01-05 21:39:22.000,24446.956666666665
1993.12.19,22:12:24.60,39.24,26.25,13.0,,1993-12-19 22:12:24.600,15057.359999999999
1993.12.09,11:15:03.00,40.73,29.8,10.0,,1993-12-09 11:15:03.000,1382.3583333333333
1993.12.08,12:12:41.50,40.7,29.75,20.0,,1993-12-08 12:12:41.500,2747.1066666666666
1993.12.06,14:25:35.10,39.2,30.18,33.0,,1993-12-06 14:25:35.100,1373.1216666666667
1993.12.05,15:32:27.80,38.96,23.88,10.0,,1993-12-05 15:32:27.800,7.8116666666666665
1993.12.05,15:24:39.10,38.95,23.94,10.0,,1993-12-05 15:24:39.100,3955.6666666666665
1993.12.02,21:28:59.10,36.83,26.65,10.0,,1993-12-02 21:28:59.100,108.56166666666667
1993.12.02,19:40:25.40,38.75,25.96,10.0,,1993-12-02 19:40:25.400,10831.176666666666
1993.11.25,07:09:14.80,39.33,26.04,16.0,,1993-11-25 07:09:14.800,19328.40166666667
1993.11.11,21:00:50.70,40.07,28.31,12.0,,1993-11-11 21:00:50.700,2054.3816666666667
1993.11.10,10:46:27.80,36.37,29.07,4.0,,1993-11-10 10:46:27.800,933.205
1993.11.09,19:13:15.50,36.55,28.29,7.0,,1993-11-09 19:13:15.500,5779.366666666667
1993.11.05,18:53:53.50,38.85,30.04,11.0,,1993-11-05 18:53:53.500,2146.8733333333334
1993.11.04,07:07:01.10,38.69,30.14,10.0,,1993-11-04 07:07:01.100,0.9700000000000001
1993.11.04,07:06:02.90,38.94,29.82,5.0,,1993-11-04 07:06:02.900,1460.7233333333331
1993.11.03,06:45:19.50,37.87,29.36,0.0,,1993-11-03 06:45:19.500,1680.4366666666667
1993.11.02,02:44:53.30,38.97,29.84,5.0,,1993-11-02 02:44:53.300,507.51666666666665
1993.11.01,18:17:22.30,38.95,29.94,13.0,,1993-11-01 18:17:22.300,705.9416666666667
1993.11.01,06:31:25.80,40.44,23.96,10.0,,1993-11-01 06:31:25.800,2691.9266666666667
1993.10.30,09:39:30.20,38.35,30.42,8.0,,1993-10-30 09:39:30.200,22.44333333333333
1993.10.30,09:17:03.60,38.28,30.25,0.0,,1993-10-30 09:17:03.600,3503.2633333333333
1993.10.27,22:53:47.80,38.22,30.14,4.0,,1993-10-27 22:53:47.800,9301.626666666667
1993.10.21,11:52:10.20,40.36,26.12,9.0,,1993-10-21 11:52:10.200,3123.1766666666667
1993.10.19,07:48:59.60,40.31,25.69,10.0,,1993-10-19 07:48:59.600,3496.411666666667
1993.10.16,21:32:34.90,38.68,26.52,10.0,,1993-10-16 21:32:34.900,8.585
1993.10.16,21:23:59.80,38.73,26.36,13.0,,1993-10-16 21:23:59.800,5.75
1993.10.16,21:18:14.80,38.75,26.41,10.0,,1993-10-16 21:18:14.800,7345.8116666666665
1993.10.11,18:52:26.10,36.66,28.95,0.0,,1993-10-11 18:52:26.100,8309.886666666667
1993.10.06,00:22:32.90,36.98,29.6,0.0,,1993-10-06 00:22:32.900,284.955
1993.10.05,19:37:35.60,36.87,29.06,9.0,,1993-10-05 19:37:35.600,61.94166666666667
1993.10.05,18:35:39.10,36.64,29.79,37.0,,1993-10-05 18:35:39.100,359.7066666666667
1993.10.05,12:35:56.70,38.19,28.7,1.0,,1993-10-05 12:35:56.700,4761.09
1993.10.02,05:14:51.30,39.67,25.75,10.0,,1993-10-02 05:14:51.300,56.05
1993.10.02,04:18:48.30,39.49,26.43,10.0,,1993-10-02 04:18:48.300,1459.255
1993.10.01,03:59:33.00,36.63,23.96,88.0,,1993-10-01 03:59:33.000,3571.0899999999997
1993.09.28,16:28:27.60,40.36,25.88,5.0,,1993-09-28 16:28:27.600,980.7583333333333
1993.09.28,00:07:42.10,40.64,29.81,10.0,,1993-09-28 00:07:42.100,1525.3116666666667
1993.09.26,22:42:23.40,37.86,27.36,5.0,,1993-09-26 22:42:23.400,859.5216666666668
1993.09.26,08:22:52.10,37.43,30.09,16.0,,1993-09-26 08:22:52.100,1363.6866666666667
1993.09.25,09:39:10.90,40.06,27.18,10.0,,1993-09-25 09:39:10.900,2705.7683333333334
1993.09.23,12:33:24.80,37.08,24.03,10.0,,1993-09-23 12:33:24.800,6812.320000000001
1993.09.18,19:01:05.60,39.66,25.29,7.0,,1993-09-18 19:01:05.600,2139.398333333333
1993.09.17,07:21:41.70,38.61,26.59,10.0,,1993-09-17 07:21:41.700,3889.1966666666663
1993.09.14,14:32:29.90,40.12,24.87,10.0,,1993-09-14 14:32:29.900,1162.7516666666668
1993.09.13,19:09:44.80,40.15,24.87,10.0,,1993-09-13 19:09:44.800,6694.126666666666
1993.09.09,03:35:37.20,40.35,25.86,10.0,,1993-09-09 03:35:37.200,34.141666666666666
1993.09.09,03:01:28.70,40.34,25.97,10.0,,1993-09-09 03:01:28.700,8472.968333333332
1993.09.03,05:48:30.60,40.14,27.25,10.0,,1993-09-03 05:48:30.600,524.8183333333333
1993.09.02,21:03:41.50,40.18,27.26,14.0,,1993-09-02 21:03:41.500,533.015
1993.09.02,12:10:40.60,36.74,29.01,0.0,,1993-09-02 12:10:40.600,2382.7616666666668
1993.08.31,20:27:54.90,40.05,27.57,14.0,,1993-08-31 20:27:54.900,4122.235
1993.08.28,23:45:40.80,36.76,28.05,33.0,,1993-08-28 23:45:40.800,3115.265
1993.08.26,19:50:24.90,39.1,27.83,14.0,,1993-08-26 19:50:24.900,140.78166666666667
1993.08.26,17:29:38.00,39.04,27.8,9.0,,1993-08-26 17:29:38.000,445.675
1993.08.26,10:03:57.50,36.73,28.05,33.0,,1993-08-26 10:03:57.500,9494.268333333333
1993.08.19,19:49:41.40,39.41,26.38,10.0,,1993-08-19 19:49:41.400,20117.713333333333
1993.08.05,20:31:58.60,38.92,26.11,10.0,,1993-08-05 20:31:58.600,10479.693333333333
1993.07.29,13:52:17.00,39.35,27.6,8.0,,1993-07-29 13:52:17.000,3849.9316666666664
1993.07.26,21:42:21.10,38.83,26.85,12.0,,1993-07-26 21:42:21.100,816.3816666666667
1993.07.26,08:05:58.20,38.82,26.94,10.0,,1993-07-26 08:05:58.200,1865.6216666666667
1993.07.25,01:00:20.90,40.46,23.21,10.0,,1993-07-25 01:00:20.900,7827.554999999999
1993.07.19,14:32:47.60,39.57,28.27,13.0,,1993-07-19 14:32:47.600,4845.548333333334
1993.07.16,05:47:14.70,39.48,29.09,6.0,,1993-07-16 05:47:14.700,10566.880000000001
1993.07.08,21:40:21.90,39.48,28.29,8.0,,1993-07-08 21:40:21.900,4225.175
1993.07.05,23:15:11.40,40.59,25.82,10.0,,1993-07-05 23:15:11.400,384.03
1993.07.05,16:51:09.60,40.16,24.06,10.0,,1993-07-05 16:51:09.600,6391.075
1993.07.01,06:20:05.10,38.88,26.9,5.0,,1993-07-01 06:20:05.100,4564.705
1993.06.28,02:15:22.80,38.64,23.56,10.0,,1993-06-28 02:15:22.800,4331.176666666667
1993.06.25,02:04:12.20,37.87,28.92,0.0,,1993-06-25 02:04:12.200,2560.1916666666666
1993.06.23,07:24:00.70,37.76,28.82,25.0,,1993-06-23 07:24:00.700,3692.35
1993.06.20,17:51:39.70,38.82,25.95,10.0,,1993-06-20 17:51:39.700,1345.35
1993.06.19,19:26:18.70,40.22,27.5,10.0,,1993-06-19 19:26:18.700,4489.283333333334
1993.06.16,16:37:01.70,39.02,27.98,0.0,,1993-06-16 16:37:01.700,360.69
1993.06.16,10:36:20.30,39.01,27.91,9.0,,1993-06-16 10:36:20.300,3404.5333333333333
1993.06.14,01:51:48.30,39.36,25.95,10.0,,1993-06-14 01:51:48.300,5891.843333333333
1993.06.09,23:39:57.70,39.12,27.62,10.0,,1993-06-09 23:39:57.700,4643.776666666667
1993.06.06,18:16:11.10,39.42,28.34,6.0,,1993-06-06 18:16:11.100,6236.4400000000005
1993.06.02,10:19:44.70,38.74,27.55,9.0,,1993-06-02 10:19:44.700,1066.59
1993.06.01,16:33:09.30,36.25,27.83,108.0,,1993-06-01 16:33:09.300,281.10166666666663
1993.06.01,11:52:03.20,38.8,27.53,11.0,,1993-06-01 11:52:03.200,1815.0616666666667
1993.05.31,05:36:59.50,37.64,26.99,10.0,,1993-05-31 05:36:59.500,739.075
1993.05.30,17:17:55.00,39.26,29.16,10.0,,1993-05-30 17:17:55.000,94.10333333333332
1993.05.30,15:43:48.80,39.29,29.22,2.0,,1993-05-30 15:43:48.800,1.32
1993.05.30,15:42:29.60,39.29,29.13,17.0,,1993-05-30 15:42:29.600,4312.375
1993.05.27,15:50:07.10,39.56,25.11,14.0,,1993-05-27 15:50:07.100,2893.855
1993.05.25,15:36:15.80,40.45,28.01,14.0,,1993-05-25 15:36:15.800,6154.968333333333
1993.05.21,09:01:17.70,39.77,28.95,15.0,,1993-05-21 09:01:17.700,1499.915
1993.05.20,08:01:22.80,36.82,30.23,31.0,,1993-05-20 08:01:22.800,779.8050000000001
1993.05.19,19:01:34.50,36.05,28.4,13.0,,1993-05-19 19:01:34.500,735.775
1993.05.19,06:45:48.00,39.26,28.04,10.0,,1993-05-19 06:45:48.000,4531.745
1993.05.16,03:14:03.30,36.68,27.53,10.0,,1993-05-16 03:14:03.300,1634.3300000000002
1993.05.14,23:59:43.50,36.51,30.02,10.0,,1993-05-14 23:59:43.500,2850.18
1993.05.13,00:29:32.70,38.91,26.99,9.0,,1993-05-13 00:29:32.700,4429.068333333333
1993.05.09,22:40:28.60,36.29,29.89,10.0,,1993-05-09 22:40:28.600,5259.505
1993.05.06,07:00:58.30,39.18,27.95,14.0,,1993-05-06 07:00:58.300,5914.296666666666
1993.05.02,04:26:40.50,37.16,28.3,13.0,,1993-05-02 04:26:40.500,1808.5116666666665
1993.04.30,22:18:09.80,37.31,28.34,33.0,,1993-04-30 22:18:09.800,396.12
1993.04.30,15:42:02.60,37.94,26.85,10.0,,1993-04-30 15:42:02.600,45.18333333333333
1993.04.30,14:56:51.60,37.94,26.76,10.0,,1993-04-30 14:56:51.600,38.458333333333336
1993.04.30,14:18:24.10,38.0,26.89,13.0,,1993-04-30 14:18:24.100,9.375
1993.04.30,14:09:01.60,37.93,26.74,10.0,,1993-04-30 14:09:01.600,385.17333333333335
1993.04.30,07:43:51.20,40.11,24.77,10.0,,1993-04-30 07:43:51.200,3621.1
1993.04.27,19:22:45.20,38.25,23.99,31.0,,1993-04-27 19:22:45.200,5102.25
1993.04.24,06:20:30.20,38.6,23.51,10.0,,1993-04-24 06:20:30.200,126.58166666666666
1993.04.24,04:13:55.30,36.44,26.76,155.0,,1993-04-24 04:13:55.300,1571.3566666666666
1993.04.23,02:02:33.90,39.99,28.89,9.0,,1993-04-23 02:02:33.900,5583.781666666667
1993.04.19,04:58:47.00,36.35,27.93,37.0,,1993-04-19 04:58:47.000,2369.71
1993.04.17,13:29:04.40,40.46,25.97,7.0,,1993-04-17 13:29:04.400,2803.94
1993.04.15,14:45:08.00,36.29,26.63,131.0,,1993-04-15 14:45:08.000,9889.746666666668
1993.04.08,17:55:23.20,38.65,26.01,33.0,,1993-04-08 17:55:23.200,2522.4283333333337
1993.04.06,23:52:57.50,38.76,26.06,10.0,,1993-04-06 23:52:57.500,836.3883333333334
1993.04.06,09:56:34.20,39.47,27.11,10.0,,1993-04-06 09:56:34.200,3996.0
1993.04.03,15:20:34.20,36.89,30.22,10.0,,1993-04-03 15:20:34.200,2900.825
1993.04.01,14:59:44.70,37.81,30.46,13.0,,1993-04-01 14:59:44.700,94.89166666666667
1993.04.01,13:24:51.20,39.36,25.56,10.0,,1993-04-01 13:24:51.200,1144.1183333333333
1993.03.31,18:20:44.10,39.15,28.01,13.0,,1993-03-31 18:20:44.100,2894.1766666666667
1993.03.29,18:06:33.50,38.99,26.34,17.0,,1993-03-29 18:06:33.500,3466.6533333333336
1993.03.27,08:19:54.30,39.18,27.96,33.0,,1993-03-27 08:19:54.300,8833.833333333334
1993.03.21,05:06:04.30,38.71,26.44,10.0,,1993-03-21 05:06:04.300,9.72
1993.03.21,04:56:21.10,38.62,26.03,5.0,,1993-03-21 04:56:21.100,74.02666666666667
1993.03.21,03:42:19.50,38.72,26.42,5.0,,1993-03-21 03:42:19.500,4070.69
1993.03.18,07:51:38.10,40.42,27.98,10.0,,1993-03-18 07:51:38.100,28.884999999999998
1993.03.18,07:22:45.00,40.44,28.02,8.0,,1993-03-18 07:22:45.000,3.091666666666667
1993.03.18,07:19:39.50,40.38,27.98,14.0,,1993-03-18 07:19:39.500,343.3683333333333
1993.03.18,01:36:17.40,40.41,28.03,10.0,,1993-03-18 01:36:17.400,3227.955
1993.03.15,19:48:20.10,36.49,28.96,19.0,,1993-03-15 19:48:20.100,2480.8433333333332
1993.03.14,02:27:29.50,39.2,28.11,10.0,,1993-03-14 02:27:29.500,2963.57
1993.03.12,01:03:55.30,38.91,26.03,10.0,,1993-03-12 01:03:55.300,3802.5333333333333
1993.03.09,09:41:23.30,39.18,28.79,9.0,,1993-03-09 09:41:23.300,5422.016666666666
1993.03.05,15:19:22.30,36.43,26.7,150.0,,1993-03-05 15:19:22.300,514.6516666666666
1993.03.05,06:44:43.20,36.74,27.32,33.0,,1993-03-05 06:44:43.200,3993.315
1993.03.02,12:11:24.30,38.29,28.08,23.0,,1993-03-02 12:11:24.300,298.5366666666667
1993.03.02,07:12:52.10,39.77,25.57,10.0,,1993-03-02 07:12:52.100,5224.4349999999995
1993.02.26,16:08:26.00,37.06,29.51,10.0,,1993-02-26 16:08:26.000,3173.6583333333333
1993.02.24,11:14:46.50,40.13,24.09,13.0,,1993-02-24 11:14:46.500,71.13333333333334
1993.02.24,10:03:38.50,38.86,27.86,5.0,,1993-02-24 10:03:38.500,28548.98
1993.02.04,14:14:39.70,37.85,26.95,10.0,,1993-02-04 14:14:39.700,825.0433333333333
1993.02.04,00:29:37.10,36.85,30.0,33.0,,1993-02-04 00:29:37.100,8742.986666666666
1993.01.28,22:46:37.90,37.27,29.85,9.0,,1993-01-28 22:46:37.900,4638.096666666666
1993.01.25,17:28:32.10,36.25,27.82,10.0,,1993-01-25 17:28:32.100,2995.7966666666666
1993.01.23,15:32:44.30,40.79,28.76,8.0,,1993-01-23 15:32:44.300,912.5316666666666
1993.01.23,00:20:12.40,39.31,24.88,15.0,,1993-01-23 00:20:12.400,1364.6766666666667
1993.01.22,01:35:31.80,37.9,27.54,26.0,,1993-01-22 01:35:31.800,71.60166666666667
1993.01.22,00:23:55.70,40.51,24.41,10.0,,1993-01-22 00:23:55.700,682.355
1993.01.21,13:01:34.40,40.36,27.45,8.0,,1993-01-21 13:01:34.400,1980.6
1993.01.20,04:00:58.40,38.07,26.99,10.0,,1993-01-20 04:00:58.400,1709.6216666666667
1993.01.18,23:31:21.10,40.62,27.53,5.0,,1993-01-18 23:31:21.100,2292.135
1993.01.17,09:19:13.00,38.29,27.07,10.0,,1993-01-17 09:19:13.000,3349.491666666667
1993.01.15,01:29:43.50,37.86,29.08,4.0,,1993-01-15 01:29:43.500,605.3449999999999
1993.01.14,15:24:22.80,37.15,28.22,10.0,,1993-01-14 15:24:22.800,8733.2
1993.01.08,13:51:10.80,38.84,27.15,18.0,,1993-01-08 13:51:10.800,1354.2283333333332
1993.01.07,15:16:57.10,38.72,26.57,10.0,,1993-01-07 15:16:57.100,2559.588333333333
1993.01.05,20:37:21.80,39.58,25.37,10.0,,1993-01-05 20:37:21.800,7313.331666666667
1992.12.31,18:44:01.90,38.58,26.85,0.0,,1992-12-31 18:44:01.900,382.57666666666665
1992.12.31,12:21:27.30,39.25,28.76,11.0,,1992-12-31 12:21:27.300,1091.0783333333334
1992.12.30,18:10:22.60,36.66,30.13,0.0,,1992-12-30 18:10:22.600,124.37333333333332
1992.12.30,16:06:00.20,38.44,26.97,0.0,,1992-12-30 16:06:00.200,2526.8799999999997
1992.12.28,21:59:07.40,39.3,28.8,14.0,,1992-12-28 21:59:07.400,4282.593333333333
1992.12.25,22:36:31.80,39.25,28.8,6.0,,1992-12-25 22:36:31.800,1210.7083333333333
1992.12.25,02:25:49.30,37.24,28.13,0.0,,1992-12-25 02:25:49.300,1643.9916666666666
1992.12.23,23:01:49.80,39.29,28.75,8.0,,1992-12-23 23:01:49.800,1486.0316666666665
1992.12.22,22:15:47.90,39.28,28.8,13.0,,1992-12-22 22:15:47.900,3281.451666666667
1992.12.20,15:34:20.80,40.27,25.11,4.0,,1992-12-20 15:34:20.800,1611.6333333333334
1992.12.19,12:42:42.80,38.71,26.37,15.0,,1992-12-19 12:42:42.800,2627.2216666666664
1992.12.17,16:55:29.50,36.74,26.95,0.0,,1992-12-17 16:55:29.500,889.6366666666667
1992.12.17,02:05:51.30,39.18,28.15,14.0,,1992-12-17 02:05:51.300,7613.11
1992.12.11,19:12:44.70,38.41,27.03,19.0,,1992-12-11 19:12:44.700,1974.73
1992.12.10,10:18:00.90,38.12,26.88,14.0,,1992-12-10 10:18:00.900,435.1666666666667
1992.12.10,03:02:50.90,38.03,26.72,8.0,,1992-12-10 03:02:50.900,2538.365
1992.12.08,08:44:29.00,38.34,26.9,12.0,,1992-12-08 08:44:29.000,4448.9349999999995
1992.12.05,06:35:32.90,38.25,26.87,0.0,,1992-12-05 06:35:32.900,9.26
1992.12.05,06:26:17.30,38.08,26.95,15.0,,1992-12-05 06:26:17.300,10618.981666666667
1992.11.27,21:27:18.40,37.11,28.02,10.0,,1992-11-27 21:27:18.400,1724.82
1992.11.26,16:42:29.20,38.19,26.8,0.0,,1992-11-26 16:42:29.200,9994.623333333333
1992.11.19,18:07:51.80,38.04,26.84,10.0,,1992-11-19 18:07:51.800,4318.316666666667
1992.11.16,18:09:32.80,36.93,29.56,16.0,,1992-11-16 18:09:32.800,5781.179999999999
1992.11.12,17:48:22.00,38.72,26.49,10.0,,1992-11-12 17:48:22.000,120.63833333333334
1992.11.12,15:47:43.70,38.77,26.84,10.0,,1992-11-12 15:47:43.700,28.56
1992.11.12,15:19:10.10,38.71,26.52,10.0,,1992-11-12 15:19:10.100,8.008333333333333
1992.11.12,15:11:09.60,38.72,26.51,10.0,,1992-11-12 15:11:09.600,192.21166666666667
1992.11.12,11:58:56.90,37.51,26.73,10.0,,1992-11-12 11:58:56.900,2172.746666666667
1992.11.10,23:46:12.10,38.03,26.89,10.0,,1992-11-10 23:46:12.100,366.47666666666663
1992.11.10,17:39:43.50,40.51,27.09,8.0,,1992-11-10 17:39:43.500,909.0766666666666
1992.11.10,02:30:38.90,37.22,27.78,43.0,,1992-11-10 02:30:38.900,1862.4483333333333
1992.11.08,19:28:12.00,38.14,26.91,11.0,,1992-11-08 19:28:12.000,66.86166666666666
1992.11.08,18:21:20.30,38.18,26.93,13.0,,1992-11-08 18:21:20.300,234.80333333333334
1992.11.08,14:26:32.10,38.14,27.02,14.0,,1992-11-08 14:26:32.100,293.90999999999997
1992.11.08,09:32:37.50,38.08,26.94,10.0,,1992-11-08 09:32:37.500,759.6016666666667
1992.11.07,20:53:01.40,38.16,26.87,8.0,,1992-11-07 20:53:01.400,259.74666666666667
1992.11.07,16:33:16.60,38.13,26.82,10.0,,1992-11-07 16:33:16.600,161.2133333333333
1992.11.07,13:52:03.80,38.0,26.98,10.0,,1992-11-07 13:52:03.800,261.715
1992.11.07,09:30:20.90,38.12,26.96,22.0,,1992-11-07 09:30:20.900,289.27000000000004
1992.11.07,04:41:04.70,38.19,26.99,23.0,,1992-11-07 04:41:04.700,4.491666666666666
1992.11.07,04:36:35.20,38.11,27.0,10.0,,1992-11-07 04:36:35.200,70.83
1992.11.07,03:25:45.40,38.17,26.99,56.0,,1992-11-07 03:25:45.400,43.35
1992.11.07,02:42:24.40,38.17,27.26,8.0,,1992-11-07 02:42:24.400,278.6666666666667
1992.11.06,22:03:44.40,38.14,27.03,9.0,,1992-11-06 22:03:44.400,39.12166666666667
1992.11.06,21:24:37.10,38.28,27.2,20.0,,1992-11-06 21:24:37.100,4.691666666666666
1992.11.06,21:19:55.60,38.28,27.11,18.0,,1992-11-06 21:19:55.600,12.155
1992.11.06,21:07:46.30,38.14,26.69,1.0,,1992-11-06 21:07:46.300,3.158333333333333
1992.11.06,21:04:36.80,38.39,27.14,25.0,,1992-11-06 21:04:36.800,33.22833333333333
1992.11.06,20:31:23.10,38.6,27.0,29.0,,1992-11-06 20:31:23.100,25.404999999999998
1992.11.06,20:05:58.80,38.03,27.06,10.0,,1992-11-06 20:05:58.800,17.695
1992.11.06,19:48:17.10,38.27,27.19,10.0,,1992-11-06 19:48:17.100,19.303333333333335
1992.11.06,19:28:58.90,38.36,26.72,10.0,,1992-11-06 19:28:58.900,6.806666666666667
1992.11.06,19:22:10.50,37.82,26.75,10.0,,1992-11-06 19:22:10.500,1.8066666666666669
1992.11.06,19:20:22.10,38.13,26.47,10.0,,1992-11-06 19:20:22.100,12.215
1992.11.06,19:08:09.20,38.16,26.99,17.0,,1992-11-06 19:08:09.200,1346.9683333333335
1992.11.05,20:41:11.10,39.54,25.36,10.0,,1992-11-05 20:41:11.100,1376.495
1992.11.04,21:44:41.40,37.29,27.57,2.0,,1992-11-04 21:44:41.400,4098.961666666667
1992.11.02,01:25:43.70,36.13,27.71,33.0,,1992-11-02 01:25:43.700,4145.908333333334
1992.10.30,04:19:49.20,37.24,26.73,10.0,,1992-10-30 04:19:49.200,2386.0566666666664
1992.10.28,12:33:45.80,38.42,25.24,10.0,,1992-10-28 12:33:45.800,1657.87
1992.10.27,08:55:53.60,38.83,26.78,12.0,,1992-10-27 08:55:53.600,1684.2566666666667
1992.10.26,04:51:38.20,37.84,26.71,10.0,,1992-10-26 04:51:38.200,1994.88
1992.10.24,19:36:45.40,39.29,25.46,9.0,,1992-10-24 19:36:45.400,7924.3566666666675
1992.10.19,07:32:24.00,38.43,25.26,10.0,,1992-10-19 07:32:24.000,2838.54
1992.10.17,08:13:51.60,37.81,26.7,10.0,,1992-10-17 08:13:51.600,19982.495
1992.10.03,11:11:21.90,39.32,25.54,16.0,,1992-10-03 11:11:21.900,4769.968333333333
1992.09.30,03:41:23.80,39.31,25.54,10.0,,1992-09-30 03:41:23.800,215.27166666666665
1992.09.30,00:06:07.50,37.31,29.29,10.0,,1992-09-30 00:06:07.500,4.825
1992.09.30,00:01:18.00,37.25,29.37,10.0,,1992-09-30 00:01:18.000,1868.5316666666665
1992.09.28,16:52:46.10,36.46,27.71,39.0,,1992-09-28 16:52:46.100,10867.896666666667
1992.09.21,03:44:52.30,40.45,30.11,5.0,,1992-09-21 03:44:52.300,16833.821666666667
1992.09.09,11:11:03.00,39.78,25.62,5.0,,1992-09-09 11:11:03.000,7.306666666666667
1992.09.09,11:03:44.60,40.34,28.68,14.0,,1992-09-09 11:03:44.600,6313.401666666667
1992.09.05,01:50:20.50,36.6,30.4,10.0,,1992-09-05 01:50:20.500,607.9733333333334
1992.09.04,15:42:22.10,38.84,25.29,10.0,,1992-09-04 15:42:22.100,3934.5216666666665
1992.09.01,22:07:50.80,38.2,28.49,10.0,,1992-09-01 22:07:50.800,2922.963333333333
1992.08.30,21:24:53.00,38.62,25.2,10.0,,1992-08-30 21:24:53.000,5576.156666666667
1992.08.27,00:28:43.60,39.16,26.07,6.0,,1992-08-27 00:28:43.600,5080.401666666667
1992.08.23,11:48:19.50,37.84,23.32,141.0,,1992-08-23 11:48:19.500,3337.451666666667
1992.08.21,04:10:52.40,37.61,27.48,0.0,,1992-08-21 04:10:52.400,154.49666666666664
1992.08.21,01:36:22.60,36.06,25.81,132.0,,1992-08-21 01:36:22.600,20437.666666666668
1992.08.06,20:58:42.60,38.45,28.33,5.0,,1992-08-06 20:58:42.600,108.67333333333333
1992.08.06,19:10:02.20,38.9,26.92,12.0,,1992-08-06 19:10:02.200,6215.098333333333
1992.08.02,11:34:56.30,36.46,25.44,42.0,,1992-08-02 11:34:56.300,83.78
1992.08.02,10:11:09.50,38.58,24.19,23.0,,1992-08-02 10:11:09.500,1198.9183333333335
1992.08.01,14:12:14.40,38.8,26.89,20.0,,1992-08-01 14:12:14.400,1595.5883333333334
1992.07.31,11:36:39.10,39.91,24.56,1.0,,1992-07-31 11:36:39.100,2206.2033333333334
1992.07.29,22:50:26.90,37.12,28.86,10.0,,1992-07-29 22:50:26.900,51.230000000000004
1992.07.29,21:59:13.10,36.97,28.81,10.0,,1992-07-29 21:59:13.100,6595.301666666666
1992.07.25,08:03:55.00,37.49,26.85,1.0,,1992-07-25 08:03:55.000,488.6666666666667
1992.07.24,23:55:15.00,39.99,24.43,13.0,,1992-07-24 23:55:15.000,8.25
1992.07.24,23:47:00.00,39.97,24.37,7.0,,1992-07-24 23:47:00.000,1137.0333333333333
1992.07.24,04:49:58.00,37.48,27.02,10.0,,1992-07-24 04:49:58.000,21.9
1992.07.24,04:28:04.00,39.9,24.31,12.0,,1992-07-24 04:28:04.000,108.42
1992.07.24,02:39:38.80,39.15,26.2,15.0,,1992-07-24 02:39:38.800,108.40166666666667
1992.07.24,00:51:14.70,39.12,26.28,10.0,,1992-07-24 00:51:14.700,266.3616666666667
1992.07.23,20:24:53.00,40.0,24.34,13.0,,1992-07-23 20:24:53.000,3.0
1992.07.23,20:21:53.00,39.91,24.8,10.0,,1992-07-23 20:21:53.000,3.85
1992.07.23,20:18:02.00,39.76,24.18,4.0,,1992-07-23 20:18:02.000,5.29
1992.07.23,20:12:44.60,39.86,24.38,19.0,,1992-07-23 20:12:44.600,6261.12
1992.07.19,11:51:37.40,38.12,28.46,6.0,,1992-07-19 11:51:37.400,3175.1666666666665
1992.07.17,06:56:27.40,39.31,28.13,10.0,,1992-07-17 06:56:27.400,6726.8966666666665
1992.07.12,14:49:33.60,36.7,30.06,50.0,,1992-07-12 14:49:33.600,6552.776666666667
1992.07.08,01:36:47.00,40.01,24.59,12.0,,1992-07-08 01:36:47.000,1172.3
1992.07.07,06:04:29.00,36.49,27.66,6.0,,1992-07-07 06:04:29.000,6844.316666666667
1992.07.02,12:00:10.00,37.81,29.29,12.0,,1992-07-02 12:00:10.000,2378.1466666666665
1992.06.30,20:22:01.20,38.02,30.36,0.0,,1992-06-30 20:22:01.200,914.2683333333333
1992.06.30,05:07:45.10,39.01,25.97,15.0,,1992-06-30 05:07:45.100,564.3866666666667
1992.06.29,19:43:21.90,36.69,28.31,74.0,,1992-06-29 19:43:21.900,1990.9933333333333
1992.06.28,10:32:22.30,37.92,27.9,12.0,,1992-06-28 10:32:22.300,498.7916666666667
1992.06.28,02:13:34.80,39.59,25.38,15.0,,1992-06-28 02:13:34.800,6.171666666666667
1992.06.28,02:07:24.50,39.66,25.37,5.0,,1992-06-28 02:07:24.500,73.61166666666666
1992.06.28,00:53:47.80,36.0,28.55,53.0,,1992-06-28 00:53:47.800,3215.7783333333336
1992.06.25,19:18:01.10,38.87,24.92,10.0,,1992-06-25 19:18:01.100,12713.435
1992.06.16,23:24:35.00,39.2,25.86,19.0,,1992-06-16 23:24:35.000,2583.561666666667
1992.06.15,04:21:01.30,39.15,29.37,10.0,,1992-06-15 04:21:01.300,2960.24
1992.06.13,03:00:46.90,36.14,26.54,33.0,,1992-06-13 03:00:46.900,3219.4716666666664
1992.06.10,21:21:18.60,37.89,29.36,10.0,,1992-06-10 21:21:18.600,1514.5133333333333
1992.06.09,20:06:47.80,36.61,27.99,98.0,,1992-06-09 20:06:47.800,8617.995
1992.06.03,20:28:48.10,36.64,29.57,10.0,,1992-06-03 20:28:48.100,3164.35
1992.06.01,15:44:27.10,36.01,28.27,86.0,,1992-06-01 15:44:27.100,6112.343333333333
1992.05.28,09:52:06.50,37.53,29.82,10.0,,1992-05-28 09:52:06.500,3144.961666666667
1992.05.26,05:27:08.80,38.22,23.05,43.0,,1992-05-26 05:27:08.800,500.06666666666666
1992.05.25,21:07:04.80,39.59,26.07,17.0,,1992-05-25 21:07:04.800,415.505
1992.05.25,14:11:34.50,39.55,26.05,24.0,,1992-05-25 14:11:34.500,320.3233333333334
1992.05.25,08:51:15.10,40.77,29.68,15.0,,1992-05-25 08:51:15.100,2038.1399999999999
1992.05.23,22:53:06.70,36.74,30.45,42.0,,1992-05-23 22:53:06.700,370.5833333333333
1992.05.23,16:42:31.70,38.14,27.32,26.0,,1992-05-23 16:42:31.700,2057.023333333333
1992.05.22,06:25:30.30,38.81,26.2,10.0,,1992-05-22 06:25:30.300,10056.473333333333
1992.05.15,06:49:01.90,37.71,27.7,10.0,,1992-05-15 06:49:01.900,531.445
1992.05.14,21:57:35.20,36.7,29.52,9.0,,1992-05-14 21:57:35.200,5583.455
1992.05.11,00:54:07.90,39.4,25.6,10.0,,1992-05-11 00:54:07.900,2555.0533333333337
1992.05.09,06:19:04.70,37.35,27.9,12.0,,1992-05-09 06:19:04.700,1714.7033333333334
1992.05.08,01:44:22.50,39.08,29.66,10.0,,1992-05-08 01:44:22.500,355.0516666666666
1992.05.07,19:49:19.40,36.32,24.19,33.0,,1992-05-07 19:49:19.400,372.8616666666667
1992.05.07,13:36:27.70,38.85,26.27,18.0,,1992-05-07 13:36:27.700,733.1800000000001
1992.05.07,01:23:16.90,38.98,26.0,10.0,,1992-05-07 01:23:16.900,95.98166666666665
1992.05.06,23:47:18.00,38.99,25.91,12.0,,1992-05-06 23:47:18.000,165.80666666666667
1992.05.06,21:01:29.60,38.91,25.73,17.0,,1992-05-06 21:01:29.600,5399.841666666666
1992.05.03,03:01:39.10,37.14,28.51,10.0,,1992-05-03 03:01:39.100,6040.145
1992.04.28,22:21:30.40,38.51,23.11,10.0,,1992-04-28 22:21:30.400,4564.075
1992.04.25,18:17:25.90,38.65,26.45,10.0,,1992-04-25 18:17:25.900,1110.68
1992.04.24,23:46:45.10,38.9,26.19,10.0,,1992-04-24 23:46:45.100,1475.1083333333333
1992.04.23,23:11:38.60,37.33,28.13,30.0,,1992-04-23 23:11:38.600,2423.4733333333334
1992.04.22,06:48:10.20,37.09,28.07,5.0,,1992-04-22 06:48:10.200,247.775
1992.04.22,02:40:23.70,38.86,26.11,5.0,,1992-04-22 02:40:23.700,3147.9983333333334
1992.04.19,22:12:23.80,36.26,28.81,115.0,,1992-04-19 22:12:23.800,2417.076666666667
1992.04.18,05:55:19.20,38.98,25.99,0.0,,1992-04-18 05:55:19.200,3796.5416666666665
1992.04.15,14:38:46.70,39.06,26.09,4.0,,1992-04-15 14:38:46.700,516.0166666666667
1992.04.15,06:02:45.70,39.02,26.06,19.0,,1992-04-15 06:02:45.700,35.54666666666667
1992.04.15,05:27:12.90,39.04,26.23,5.0,,1992-04-15 05:27:12.900,1861.75
1992.04.13,22:25:27.90,39.04,26.77,10.0,,1992-04-13 22:25:27.900,6754.421666666666
1992.04.09,05:51:02.60,40.69,23.18,10.0,,1992-04-09 05:51:02.600,3146.9316666666664
1992.04.07,01:24:06.70,36.68,26.34,27.0,,1992-04-07 01:24:06.700,368.845
1992.04.06,19:15:16.00,38.96,29.21,10.0,,1992-04-06 19:15:16.000,2237.766666666667
1992.04.05,05:57:30.00,39.33,28.67,1.0,,1992-04-05 05:57:30.000,138.625
1992.04.05,03:38:52.50,36.05,29.05,33.0,,1992-04-05 03:38:52.500,170.835
1992.04.05,00:48:02.40,40.85,27.9,26.0,,1992-04-05 00:48:02.400,717.8766666666667
1992.04.04,12:50:09.80,39.5,26.04,14.0,,1992-04-04 12:50:09.800,784.8933333333333
1992.04.03,23:45:16.20,38.6,26.64,12.0,,1992-04-03 23:45:16.200,2434.98
1992.04.02,07:10:17.40,36.31,28.01,10.0,,1992-04-02 07:10:17.400,1114.1266666666668
1992.04.01,12:36:09.80,39.36,28.69,10.0,,1992-04-01 12:36:09.800,12.501666666666667
1992.04.01,12:23:39.70,39.39,28.68,10.0,,1992-04-01 12:23:39.700,990.2633333333334
1992.03.31,19:53:23.90,39.56,28.68,6.0,,1992-03-31 19:53:23.900,2898.015
1992.03.29,19:35:23.00,39.18,23.81,10.0,,1992-03-29 19:35:23.000,2543.561666666667
1992.03.28,01:11:49.30,38.99,26.08,1.0,,1992-03-28 01:11:49.300,824.3466666666667
1992.03.27,11:27:28.50,36.0,27.63,54.0,,1992-03-27 11:27:28.500,1424.0366666666666
1992.03.26,11:43:26.30,38.03,23.99,10.0,,1992-03-26 11:43:26.300,3637.9716666666664
1992.03.23,23:05:28.00,40.79,27.53,10.0,,1992-03-23 23:05:28.000,975.42
1992.03.23,06:50:02.80,36.64,24.6,18.0,,1992-03-23 06:50:02.800,105.87833333333333
1992.03.23,05:04:10.10,36.67,24.48,24.0,,1992-03-23 05:04:10.100,731.7516666666667
1992.03.22,16:52:25.00,40.2,28.35,24.0,,1992-03-22 16:52:25.000,308.8816666666667
1992.03.22,11:43:32.10,40.23,28.32,11.0,,1992-03-22 11:43:32.100,649.4966666666667
1992.03.22,00:54:02.30,37.04,27.76,4.0,,1992-03-22 00:54:02.300,552.0883333333334
1992.03.21,15:41:57.00,38.99,26.06,10.0,,1992-03-21 15:41:57.000,234.21166666666667
1992.03.21,11:47:44.30,39.01,26.08,11.0,,1992-03-21 11:47:44.300,1180.7966666666666
1992.03.20,16:06:56.50,36.42,24.5,132.0,,1992-03-20 16:06:56.500,387.52333333333337
1992.03.20,09:39:25.10,36.62,24.55,13.0,,1992-03-20 09:39:25.100,138.96666666666667
1992.03.20,07:20:27.10,36.63,24.54,18.0,,1992-03-20 07:20:27.100,76.17833333333333
1992.03.20,06:04:16.40,36.67,24.63,40.0,,1992-03-20 06:04:16.400,15.32
1992.03.20,05:48:57.20,36.63,24.57,23.0,,1992-03-20 05:48:57.200,2.628333333333333
1992.03.20,05:46:19.50,36.67,24.54,39.0,,1992-03-20 05:46:19.500,8.925
1992.03.20,05:37:24.00,36.66,24.49,11.0,,1992-03-20 05:37:24.000,4673.066666666667
1992.03.16,23:44:20.00,37.09,28.5,10.0,,1992-03-16 23:44:20.000,786.5166666666667
1992.03.16,10:37:49.00,38.99,26.1,4.0,,1992-03-16 10:37:49.000,3.0833333333333335
1992.03.16,10:34:44.00,39.03,26.1,5.0,,1992-03-16 10:34:44.000,240.97
1992.03.16,06:33:45.80,39.72,26.08,10.0,,1992-03-16 06:33:45.800,4935.8566666666675
1992.03.12,20:17:54.40,39.0,25.95,10.0,,1992-03-12 20:17:54.400,37.525
1992.03.12,19:40:22.90,39.0,25.96,10.0,,1992-03-12 19:40:22.900,637.9283333333333
1992.03.12,09:02:27.20,38.95,25.88,10.0,,1992-03-12 09:02:27.200,758.2916666666666
1992.03.11,20:24:09.70,39.01,26.01,10.0,,1992-03-11 20:24:09.700,342.9483333333334
1992.03.11,14:41:12.80,38.98,26.03,6.0,,1992-03-11 14:41:12.800,747.9133333333334
1992.03.11,02:13:18.00,39.05,26.03,9.0,,1992-03-11 02:13:18.000,18.583333333333332
1992.03.11,01:54:43.00,39.11,26.0,3.0,,1992-03-11 01:54:43.000,1780.5
1992.03.09,20:14:13.00,36.69,25.66,17.0,,1992-03-09 20:14:13.000,338.2033333333333
1992.03.09,14:36:00.80,40.68,27.61,11.0,,1992-03-09 14:36:00.800,2183.866666666667
1992.03.08,02:12:08.80,40.42,29.45,12.0,,1992-03-08 02:12:08.800,800.52
1992.03.07,12:51:37.60,39.09,25.94,10.0,,1992-03-07 12:51:37.600,78.78833333333334
1992.03.07,11:32:50.30,39.11,25.97,7.0,,1992-03-07 11:32:50.300,1641.665
1992.03.06,08:11:10.40,38.97,26.03,5.0,,1992-03-06 08:11:10.400,849.5949999999999
1992.03.05,18:01:34.70,40.44,30.13,11.0,,1992-03-05 18:01:34.700,237.72833333333335
1992.03.05,14:03:51.00,38.99,26.03,9.0,,1992-03-05 14:03:51.000,2062.55
1992.03.04,03:41:18.00,39.02,26.2,7.0,,1992-03-04 03:41:18.000,1042.9133333333334
1992.03.03,10:18:23.20,38.99,26.0,6.0,,1992-03-03 10:18:23.200,872.5566666666667
1992.03.02,19:45:49.80,39.03,25.99,8.0,,1992-03-02 19:45:49.800,32.31333333333333
1992.03.02,19:13:31.00,39.05,25.95,8.0,,1992-03-02 19:13:31.000,24.966666666666665
1992.03.02,18:48:33.00,39.03,26.01,4.0,,1992-03-02 18:48:33.000,3.2183333333333333
1992.03.02,18:45:19.90,39.04,25.76,8.0,,1992-03-02 18:45:19.900,182.93666666666667
1992.03.02,15:42:23.70,39.11,26.0,5.0,,1992-03-02 15:42:23.700,184.30333333333334
1992.03.02,12:38:05.50,39.08,25.95,5.0,,1992-03-02 12:38:05.500,57.78666666666666
1992.03.02,11:40:18.30,38.99,25.93,10.0,,1992-03-02 11:40:18.300,603.5550000000001
1992.03.02,01:36:45.00,39.05,25.96,0.0,,1992-03-02 01:36:45.000,91.195
1992.03.02,00:05:33.30,39.04,25.65,6.0,,1992-03-02 00:05:33.300,275.5416666666667
1992.03.01,19:30:00.80,39.04,26.15,10.0,,1992-03-01 19:30:00.800,55.513333333333335
1992.03.01,18:34:30.00,39.02,26.0,4.0,,1992-03-01 18:34:30.000,34.9
1992.03.01,17:59:36.00,39.06,26.01,9.0,,1992-03-01 17:59:36.000,21.233333333333334
1992.03.01,17:38:22.00,38.98,26.03,5.0,,1992-03-01 17:38:22.000,54.586666666666666
1992.03.01,16:43:46.80,39.04,25.94,10.0,,1992-03-01 16:43:46.800,94.31333333333333
1992.03.01,15:09:28.00,39.04,26.01,6.0,,1992-03-01 15:09:28.000,1.7333333333333334
1992.03.01,15:07:44.00,39.07,25.93,7.0,,1992-03-01 15:07:44.000,23.45
1992.03.01,14:44:17.00,39.08,26.03,9.0,,1992-03-01 14:44:17.000,162.48333333333332
1992.03.01,12:01:48.00,39.03,25.99,3.0,,1992-03-01 12:01:48.000,37.123333333333335
1992.03.01,11:24:40.60,39.06,26.19,9.0,,1992-03-01 11:24:40.600,3162.7083333333335
1992.02.28,06:41:58.10,38.95,25.87,10.0,,1992-02-28 06:41:58.100,2829.79
1992.02.26,07:32:10.70,39.01,25.68,5.0,,1992-02-26 07:32:10.700,458.1383333333333
1992.02.25,23:54:02.40,39.36,27.73,9.0,,1992-02-25 23:54:02.400,221.61833333333334
1992.02.25,20:12:25.30,40.39,28.84,13.0,,1992-02-25 20:12:25.300,11275.966666666667
1992.02.18,00:16:27.30,39.87,24.33,10.0,,1992-02-18 00:16:27.300,6563.755
1992.02.13,10:52:42.00,36.51,28.71,10.0,,1992-02-13 10:52:42.000,14109.625
1992.02.03,15:43:04.50,39.19,29.43,8.0,,1992-02-03 15:43:04.500,29709.058333333334
1992.01.14,00:34:01.00,37.63,26.75,10.0,,1992-01-14 00:34:01.000,240.82666666666668
1992.01.13,20:33:11.40,38.63,26.86,3.0,,1992-01-13 20:33:11.400,1259.9966666666667
1992.01.12,23:33:11.60,36.56,25.43,10.0,,1992-01-12 23:33:11.600,11161.416666666666
1992.01.05,05:31:46.60,37.85,30.0,17.0,,1992-01-05 05:31:46.600,4255.718333333333
1992.01.02,06:36:03.50,36.8,29.35,21.0,,1992-01-02 06:36:03.500,8079.9383333333335
1991.12.27,15:56:07.20,38.63,27.04,2.0,,1991-12-27 15:56:07.200,16651.178333333333
1991.12.16,02:24:56.50,38.81,26.24,10.0,,1991-12-16 02:24:56.500,1924.3016666666667
1991.12.14,18:20:38.40,38.18,23.06,13.0,,1991-12-14 18:20:38.400,352.11333333333334
1991.12.14,12:28:31.60,40.74,27.42,9.0,,1991-12-14 12:28:31.600,2685.69
1991.12.12,15:42:50.20,40.64,29.96,5.0,,1991-12-12 15:42:50.200,44.305
1991.12.12,14:58:31.90,38.72,26.78,5.0,,1991-12-12 14:58:31.900,8287.296666666667
1991.12.06,20:51:14.10,40.35,25.88,10.0,,1991-12-06 20:51:14.100,1376.7233333333331
1991.12.05,21:54:30.70,39.11,24.41,23.0,,1991-12-05 21:54:30.700,2330.515
1991.12.04,07:03:59.80,39.64,23.75,10.0,,1991-12-04 07:03:59.800,551.08
1991.12.03,21:52:55.00,40.85,27.54,18.0,,1991-12-03 21:52:55.000,1906.5649999999998
1991.12.02,14:06:21.10,37.56,27.81,0.0,,1991-12-02 14:06:21.100,2768.4416666666666
1991.11.30,15:57:54.60,39.32,28.13,10.0,,1991-11-30 15:57:54.600,5308.246666666667
1991.11.26,23:29:39.80,36.49,29.51,5.0,,1991-11-26 23:29:39.800,3297.75
1991.11.24,16:31:54.80,38.39,26.48,15.0,,1991-11-24 16:31:54.800,848.24
1991.11.24,02:23:40.40,38.8,26.02,10.0,,1991-11-24 02:23:40.400,1831.2933333333335
1991.11.22,19:52:22.80,37.28,27.97,4.0,,1991-11-22 19:52:22.800,85.17333333333333
1991.11.22,18:27:12.40,40.22,27.78,15.0,,1991-11-22 18:27:12.400,654.0866666666666
1991.11.22,07:33:07.20,39.24,29.44,8.0,,1991-11-22 07:33:07.200,3015.57
1991.11.20,05:17:33.00,37.05,29.68,15.0,,1991-11-20 05:17:33.000,2382.4950000000003
1991.11.18,13:35:03.30,37.05,29.57,27.0,,1991-11-18 13:35:03.300,2254.7916666666665
1991.11.17,00:00:15.80,38.74,26.47,8.0,,1991-11-17 00:00:15.800,4691.67
1991.11.13,17:48:35.60,37.0,29.46,10.0,,1991-11-13 17:48:35.600,2830.9016666666666
1991.11.11,18:37:41.50,36.99,29.42,17.0,,1991-11-11 18:37:41.500,672.4733333333334
1991.11.11,07:25:13.10,37.0,29.57,20.0,,1991-11-11 07:25:13.100,704.7883333333334
1991.11.10,19:40:25.80,38.43,26.65,22.0,,1991-11-10 19:40:25.800,1872.5716666666667
1991.11.09,12:27:51.50,39.43,26.36,19.0,,1991-11-09 12:27:51.500,620.6233333333333
1991.11.09,02:07:14.10,39.21,25.86,10.0,,1991-11-09 02:07:14.100,273.64166666666665
1991.11.08,21:33:35.60,39.54,27.59,10.0,,1991-11-08 21:33:35.600,1590.215
1991.11.07,19:03:22.70,37.07,29.39,16.0,,1991-11-07 19:03:22.700,1353.9416666666666
1991.11.06,20:29:26.20,37.04,29.44,18.0,,1991-11-06 20:29:26.200,7157.403333333334
1991.11.01,21:12:02.00,37.02,29.51,18.0,,1991-11-01 21:12:02.000,7396.0233333333335
1991.10.27,17:56:00.60,36.5,29.42,31.0,,1991-10-27 17:56:00.600,1179.4083333333333
1991.10.26,22:16:36.10,37.31,26.36,15.0,,1991-10-26 22:16:36.100,4546.251666666666
1991.10.23,18:30:21.00,39.7,25.34,1.0,,1991-10-23 18:30:21.000,4470.55
1991.10.20,15:59:48.00,40.17,25.63,9.0,,1991-10-20 15:59:48.000,3115.9183333333335
1991.10.18,12:03:52.90,38.1,27.4,5.0,,1991-10-18 12:03:52.900,3272.705
1991.10.16,05:31:10.60,39.34,28.95,4.0,,1991-10-16 05:31:10.600,1781.4716666666668
1991.10.14,23:49:42.30,37.14,30.24,5.0,,1991-10-14 23:49:42.300,33.50833333333333
1991.10.14,23:16:11.80,40.17,25.25,10.0,,1991-10-14 23:16:11.800,257.78333333333336
1991.10.14,18:58:24.80,38.23,26.64,6.0,,1991-10-14 18:58:24.800,3020.7233333333334
1991.10.12,16:37:41.40,40.19,25.62,10.0,,1991-10-12 16:37:41.400,5.058333333333334
1991.10.12,16:32:37.90,40.19,25.64,12.0,,1991-10-12 16:32:37.900,979.0300000000001
1991.10.12,00:13:36.10,37.9,26.65,1.0,,1991-10-12 00:13:36.100,354.7816666666667
1991.10.11,18:18:49.20,37.81,26.8,0.0,,1991-10-11 18:18:49.200,6.3566666666666665
1991.10.11,18:12:27.80,37.8,26.69,17.0,,1991-10-11 18:12:27.800,1265.4266666666667
1991.10.10,21:07:02.20,40.41,25.87,0.0,,1991-10-10 21:07:02.200,1159.98
1991.10.10,01:47:03.40,39.46,27.81,10.0,,1991-10-10 01:47:03.400,1405.7783333333332
1991.10.09,02:21:16.70,39.04,29.61,9.0,,1991-10-09 02:21:16.700,4574.163333333333
1991.10.05,22:07:06.90,37.31,28.07,3.0,,1991-10-05 22:07:06.900,3946.65
1991.10.03,04:20:27.90,39.26,28.83,8.0,,1991-10-03 04:20:27.900,2521.6533333333336
1991.10.01,10:18:48.70,40.26,29.36,10.0,,1991-10-01 10:18:48.700,6481.1
1991.09.26,22:17:42.70,37.64,26.95,10.0,,1991-09-26 22:17:42.700,4547.295
1991.09.23,18:30:25.00,39.87,25.6,10.0,,1991-09-23 18:30:25.000,3322.65
1991.09.21,11:07:46.00,38.76,23.4,11.0,,1991-09-21 11:07:46.000,4263.02
1991.09.18,12:04:44.80,37.39,26.9,10.0,,1991-09-18 12:04:44.800,5.278333333333333
1991.09.18,11:59:28.10,37.29,26.8,1.0,,1991-09-18 11:59:28.100,3268.2833333333333
1991.09.16,05:31:11.10,39.35,28.97,9.0,,1991-09-16 05:31:11.100,1951.0316666666665
1991.09.14,21:00:09.20,40.69,23.01,10.0,,1991-09-14 21:00:09.200,121.75666666666666
1991.09.14,18:58:23.80,38.16,26.63,4.0,,1991-09-14 18:58:23.800,4365.963333333333
1991.09.11,18:12:26.00,37.62,26.82,6.0,,1991-09-11 18:12:26.000,435.3
1991.09.11,10:57:08.00,39.94,23.99,7.0,,1991-09-11 10:57:08.000,89.76333333333334
1991.09.11,09:27:22.20,37.68,26.7,10.0,,1991-09-11 09:27:22.200,868.1016666666667
1991.09.10,18:59:16.10,37.75,23.39,172.0,,1991-09-10 18:59:16.100,1032.2183333333332
1991.09.10,01:47:03.00,39.44,27.83,2.0,,1991-09-10 01:47:03.000,3944.9
1991.09.07,08:02:09.00,36.7,26.8,1.0,,1991-09-07 08:02:09.000,5981.666666666667
1991.09.03,04:20:29.00,39.27,28.78,7.0,,1991-09-03 04:20:29.000,3724.1283333333336
1991.08.31,14:16:21.30,37.53,27.03,5.0,,1991-08-31 14:16:21.300,19108.406666666666
1991.08.18,07:47:56.90,39.02,29.69,5.0,,1991-08-18 07:47:56.900,7057.511666666667
1991.08.13,10:10:26.20,36.55,28.03,91.0,,1991-08-13 10:10:26.200,2357.7066666666665
1991.08.11,18:52:43.80,37.04,29.3,8.0,,1991-08-11 18:52:43.800,2269.463333333333
1991.08.10,05:03:16.00,37.29,29.8,13.0,,1991-08-10 05:03:16.000,1309.07
1991.08.09,07:14:11.80,39.08,23.36,10.0,,1991-08-09 07:14:11.800,5864.91
1991.08.05,05:29:17.20,40.5,29.37,10.0,,1991-08-05 05:29:17.200,2137.845
1991.08.03,17:51:26.50,38.97,28.86,11.0,,1991-08-03 17:51:26.500,700.2516666666667
1991.08.03,06:11:11.40,37.06,29.26,10.0,,1991-08-03 06:11:11.400,4717.923333333334
1991.07.30,23:33:16.00,37.3,29.8,27.0,,1991-07-30 23:33:16.000,780.4666666666667
1991.07.30,10:32:48.00,37.0,29.2,10.0,,1991-07-30 10:32:48.000,342.09000000000003
1991.07.30,04:50:42.60,36.32,28.21,89.0,,1991-07-30 04:50:42.600,709.6666666666666
1991.07.29,17:01:02.60,36.94,29.23,10.0,,1991-07-29 17:01:02.600,1440.7933333333335
1991.07.28,17:00:15.00,36.8,29.2,10.0,,1991-07-28 17:00:15.000,478.10999999999996
1991.07.28,09:02:08.40,38.65,26.71,7.0,,1991-07-28 09:02:08.400,1077.5233333333333
1991.07.27,15:04:37.00,37.29,29.72,28.0,,1991-07-27 15:04:37.000,20.7
1991.07.27,14:43:55.00,37.3,29.74,1.0,,1991-07-27 14:43:55.000,43.65
1991.07.27,14:00:16.00,37.32,29.79,8.0,,1991-07-27 14:00:16.000,120.855
1991.07.27,11:59:24.70,37.05,29.3,10.0,,1991-07-27 11:59:24.700,12.031666666666666
1991.07.27,11:47:22.80,37.37,29.77,10.0,,1991-07-27 11:47:22.800,9.158333333333333
1991.07.27,11:38:13.30,37.26,29.7,24.0,,1991-07-27 11:38:13.300,1858.7883333333334
1991.07.26,04:39:26.00,38.64,29.1,1.0,,1991-07-26 04:39:26.000,5989.6
1991.07.22,00:49:50.00,39.31,27.92,13.0,,1991-07-22 00:49:50.000,4569.733333333334
1991.07.18,20:40:06.00,36.09,27.19,108.0,,1991-07-18 20:40:06.000,4754.508333333333
1991.07.15,13:25:35.50,37.87,27.55,4.0,,1991-07-15 13:25:35.500,5431.253333333333
1991.07.11,18:54:20.30,39.01,29.82,9.0,,1991-07-11 18:54:20.300,12.576666666666666
1991.07.11,18:41:45.70,39.0,29.85,7.0,,1991-07-11 18:41:45.700,2206.5983333333334
1991.07.10,05:55:09.80,39.89,23.38,23.0,,1991-07-10 05:55:09.800,1897.1216666666667
1991.07.08,22:18:02.50,38.24,26.55,10.0,,1991-07-08 22:18:02.500,817.1833333333333
1991.07.08,08:40:51.50,40.25,29.17,5.0,,1991-07-08 08:40:51.500,682.0516666666666
1991.07.07,21:18:48.40,39.31,27.78,10.0,,1991-07-07 21:18:48.400,9311.99
1991.07.01,10:06:49.00,37.1,29.54,5.0,,1991-07-01 10:06:49.000,1247.1883333333333
1991.06.30,13:19:37.70,39.13,25.88,19.0,,1991-06-30 13:19:37.700,2835.4816666666666
1991.06.28,14:04:08.80,36.44,26.55,153.0,,1991-06-28 14:04:08.800,414.6683333333333
1991.06.28,07:09:28.70,37.02,27.68,7.0,,1991-06-28 07:09:28.700,2648.866666666667
1991.06.26,11:00:36.70,39.57,27.76,12.0,,1991-06-26 11:00:36.700,1825.99
1991.06.25,04:34:37.30,38.19,26.64,30.0,,1991-06-25 04:34:37.300,6453.3983333333335
1991.06.20,17:01:13.40,37.03,29.39,19.0,,1991-06-20 17:01:13.400,526.5333333333333
1991.06.20,08:14:41.40,36.98,29.4,10.0,,1991-06-20 08:14:41.400,481.12666666666667
1991.06.20,00:13:33.80,36.73,29.09,13.0,,1991-06-20 00:13:33.800,1285.375
1991.06.19,02:48:11.30,37.75,26.71,10.0,,1991-06-19 02:48:11.300,729.83
1991.06.18,14:38:21.50,39.24,29.43,10.0,,1991-06-18 14:38:21.500,659.925
1991.06.18,03:38:26.00,38.94,29.22,9.0,,1991-06-18 03:38:26.000,717.2266666666667
1991.06.17,15:41:12.40,38.51,27.21,10.0,,1991-06-17 15:41:12.400,569.1233333333333
1991.06.17,06:12:05.00,38.52,25.73,10.0,,1991-06-17 06:12:05.000,73.67333333333333
1991.06.17,04:58:24.60,38.87,25.99,9.0,,1991-06-17 04:58:24.600,1849.9966666666667
1991.06.15,22:08:24.80,38.47,27.08,9.0,,1991-06-15 22:08:24.800,35.126666666666665
1991.06.15,21:33:17.20,38.49,27.1,8.0,,1991-06-15 21:33:17.200,1041.0866666666666
1991.06.15,04:12:12.00,39.32,23.86,14.0,,1991-06-15 04:12:12.000,180.46166666666667
1991.06.15,01:11:44.30,39.16,23.46,10.0,,1991-06-15 01:11:44.300,533.75
1991.06.14,16:17:59.30,38.86,25.98,10.0,,1991-06-14 16:17:59.300,395.6666666666667
1991.06.14,09:42:19.30,39.12,23.41,6.0,,1991-06-14 09:42:19.300,937.3349999999999
1991.06.13,18:04:59.20,39.01,30.3,7.0,,1991-06-13 18:04:59.200,1529.0216666666668
1991.06.12,16:35:57.90,39.55,26.3,0.0,,1991-06-12 16:35:57.900,691.1916666666667
1991.06.12,05:04:46.40,40.49,26.2,10.0,,1991-06-12 05:04:46.400,7727.011666666667
1991.06.06,20:17:45.70,36.15,28.63,0.0,,1991-06-06 20:17:45.700,1358.7949999999998
1991.06.05,21:38:58.00,40.44,26.49,14.0,,1991-06-05 21:38:58.000,26.423333333333336
1991.06.05,21:12:32.60,38.93,26.24,9.0,,1991-06-05 21:12:32.600,35.288333333333334
1991.06.05,20:37:15.30,37.0,29.21,21.0,,1991-06-05 20:37:15.300,785.2033333333333
1991.06.05,07:32:03.10,39.16,26.72,0.0,,1991-06-05 07:32:03.100,299.65166666666664
1991.06.05,02:32:24.00,36.72,29.12,18.0,,1991-06-05 02:32:24.000,141.49666666666664
1991.06.05,00:10:54.20,37.03,29.39,16.0,,1991-06-05 00:10:54.200,1056.8633333333335
1991.06.04,06:34:02.40,38.43,26.79,9.0,,1991-06-04 06:34:02.400,669.8766666666667
1991.06.03,19:24:09.80,38.92,29.19,5.0,,1991-06-03 19:24:09.800,413.47999999999996
1991.06.03,12:30:41.00,36.99,29.34,22.0,,1991-06-03 12:30:41.000,1999.54
1991.06.02,03:11:08.60,36.51,28.52,33.0,,1991-06-02 03:11:08.600,2088.3116666666665
1991.05.31,16:22:49.90,40.33,25.81,12.0,,1991-05-31 16:22:49.900,434.25333333333333
1991.05.31,09:08:34.70,37.36,23.05,10.0,,1991-05-31 09:08:34.700,353.55333333333334
1991.05.31,03:15:01.50,40.49,26.43,10.0,,1991-05-31 03:15:01.500,3408.2149999999997
1991.05.28,18:26:48.60,40.53,26.42,8.0,,1991-05-28 18:26:48.600,1920.1616666666666
1991.05.27,10:26:38.90,36.36,28.96,10.0,,1991-05-27 10:26:38.900,750.8050000000001
1991.05.26,21:55:50.60,36.82,28.99,5.0,,1991-05-26 21:55:50.600,1293.105
1991.05.26,00:22:44.30,37.02,29.34,21.0,,1991-05-26 00:22:44.300,4970.788333333333
1991.05.22,13:31:57.00,36.9,29.0,4.0,,1991-05-22 13:31:57.000,7256.958333333333
1991.05.17,12:34:59.50,37.06,29.44,18.0,,1991-05-17 12:34:59.500,3972.585
1991.05.14,18:22:24.40,36.83,29.52,10.0,,1991-05-14 18:22:24.400,712.1316666666667
1991.05.14,06:30:16.50,38.93,26.05,28.0,,1991-05-14 06:30:16.500,4565.758333333333
1991.05.11,02:24:31.00,38.5,27.2,39.0,,1991-05-11 02:24:31.000,2952.985
1991.05.09,01:11:31.90,39.18,25.36,6.0,,1991-05-09 01:11:31.900,801.9599999999999
1991.05.08,11:49:34.30,40.12,29.27,8.0,,1991-05-08 11:49:34.300,3540.8450000000003
1991.05.06,00:48:43.60,38.38,26.36,8.0,,1991-05-06 00:48:43.600,3465.605
1991.05.03,15:03:07.30,40.85,27.9,5.0,,1991-05-03 15:03:07.300,9409.005000000001
1991.04.27,02:14:07.00,37.0,29.4,10.0,,1991-04-27 02:14:07.000,1336.4333333333334
1991.04.26,03:57:41.00,37.0,29.5,7.0,,1991-04-26 03:57:41.000,2490.3
1991.04.24,10:27:23.00,40.48,26.0,8.0,,1991-04-24 10:27:23.000,1916.65
1991.04.23,02:30:44.00,37.0,29.4,21.0,,1991-04-23 02:30:44.000,352.76666666666665
1991.04.22,20:37:58.00,38.97,28.84,2.0,,1991-04-22 20:37:58.000,1158.55
1991.04.22,01:19:25.00,37.1,29.4,9.0,,1991-04-22 01:19:25.000,274.48333333333335
1991.04.21,20:44:56.00,37.1,29.4,5.0,,1991-04-21 20:44:56.000,32.38333333333333
1991.04.21,20:12:33.00,36.8,29.4,30.0,,1991-04-21 20:12:33.000,4629.3150000000005
1991.04.18,15:03:14.10,39.18,26.4,10.0,,1991-04-18 15:03:14.100,78.90166666666667
1991.04.18,13:44:20.00,39.24,26.57,5.0,,1991-04-18 13:44:20.000,49.61833333333333
1991.04.18,12:54:42.90,39.24,26.56,7.0,,1991-04-18 12:54:42.900,57.766666666666666
1991.04.18,11:56:56.90,39.26,26.58,10.0,,1991-04-18 11:56:56.900,300.525
1991.04.18,06:56:25.40,37.25,26.72,10.0,,1991-04-18 06:56:25.400,261.5733333333333
1991.04.18,02:34:51.00,37.0,29.3,12.0,,1991-04-18 02:34:51.000,1314.7333333333333
1991.04.17,04:40:07.00,36.4,26.8,161.0,,1991-04-17 04:40:07.000,2144.383333333333
1991.04.15,16:55:44.00,37.1,29.4,10.0,,1991-04-15 16:55:44.000,1819.8666666666666
1991.04.14,10:35:52.00,36.9,29.4,10.0,,1991-04-14 10:35:52.000,5667.3
1991.04.10,12:08:34.00,36.6,29.4,25.0,,1991-04-10 12:08:34.000,1405.3833333333334
1991.04.09,12:43:11.00,37.0,29.4,14.0,,1991-04-09 12:43:11.000,2515.4
1991.04.07,18:47:47.00,36.8,29.2,18.0,,1991-04-07 18:47:47.000,1170.4
1991.04.06,23:17:23.00,37.0,29.5,17.0,,1991-04-06 23:17:23.000,1164.4166666666667
1991.04.06,03:52:58.00,39.38,26.38,8.0,,1991-04-06 03:52:58.000,2148.9
1991.04.04,16:04:04.00,37.0,29.41,5.0,,1991-04-04 16:04:04.000,967.3666666666667
1991.04.03,23:56:42.00,37.0,29.5,12.0,,1991-04-03 23:56:42.000,5687.0
1991.03.31,01:09:42.00,37.1,29.6,11.0,,1991-03-31 01:09:42.000,4219.9783333333335
1991.03.28,02:49:43.30,36.1,27.85,96.0,,1991-03-28 02:49:43.300,5194.4383333333335
1991.03.24,12:15:17.00,36.9,29.4,10.0,,1991-03-24 12:15:17.000,44.425
1991.03.24,11:30:51.50,37.06,29.33,4.0,,1991-03-24 11:30:51.500,4705.973333333333
1991.03.21,05:04:53.10,37.85,27.7,5.0,,1991-03-21 05:04:53.100,1901.4516666666668
1991.03.19,21:23:26.00,36.26,29.0,9.0,,1991-03-19 21:23:26.000,17.296666666666667
1991.03.19,21:06:08.20,37.0,27.45,10.0,,1991-03-19 21:06:08.200,81.95333333333333
1991.03.19,19:44:11.00,37.0,28.7,7.0,,1991-03-19 19:44:11.000,180.45
1991.03.19,16:43:44.00,37.1,27.6,10.0,,1991-03-19 16:43:44.000,135.78833333333333
1991.03.19,14:27:56.70,36.9,27.5,10.0,,1991-03-19 14:27:56.700,1.8616666666666668
1991.03.19,14:26:05.00,37.1,27.06,10.0,,1991-03-19 14:26:05.000,486.97999999999996
1991.03.19,06:19:06.20,38.63,26.69,10.0,,1991-03-19 06:19:06.200,533.17
1991.03.18,21:25:56.00,38.74,27.94,8.0,,1991-03-18 21:25:56.000,4601.961666666667
1991.03.15,16:43:58.30,36.88,30.48,5.0,,1991-03-15 16:43:58.300,2892.338333333333
1991.03.13,16:31:38.00,36.26,25.31,129.0,,1991-03-13 16:31:38.000,7628.416666666667
1991.03.08,09:23:13.00,40.85,27.91,11.0,,1991-03-08 09:23:13.000,4640.366666666667
1991.03.05,04:02:51.00,37.0,29.4,10.0,,1991-03-05 04:02:51.000,118.45
1991.03.05,02:04:24.00,37.0,29.43,3.0,,1991-03-05 02:04:24.000,902.3066666666667
1991.03.04,11:02:05.60,38.22,30.4,4.0,,1991-03-04 11:02:05.600,129.005
1991.03.04,08:53:05.30,38.28,30.37,2.0,,1991-03-04 08:53:05.300,11.241666666666667
1991.03.04,08:41:50.80,38.26,30.27,8.0,,1991-03-04 08:41:50.800,741.5716666666667
1991.03.03,20:20:16.50,40.6,28.97,7.0,,1991-03-03 20:20:16.500,484.0133333333333
1991.03.03,12:16:15.70,40.59,28.94,4.0,,1991-03-03 12:16:15.700,216.83666666666667
1991.03.03,08:39:25.50,40.63,29.0,10.0,,1991-03-03 08:39:25.500,1532.505
1991.03.02,07:06:55.20,40.27,25.2,4.0,,1991-03-02 07:06:55.200,2837.351666666667
1991.02.28,07:49:34.10,38.04,24.9,10.0,,1991-02-28 07:49:34.100,823.88
1991.02.27,18:05:41.30,38.23,30.1,10.0,,1991-02-27 18:05:41.300,2.7816666666666667
1991.02.27,18:02:54.40,38.37,30.1,10.0,,1991-02-27 18:02:54.400,25.44333333333333
1991.02.27,17:37:27.80,38.33,30.28,5.0,,1991-02-27 17:37:27.800,526.1966666666666
1991.02.27,08:51:16.00,36.44,28.1,79.0,,1991-02-27 08:51:16.000,560.6833333333333
1991.02.26,23:30:35.00,38.56,26.77,4.0,,1991-02-26 23:30:35.000,59.791666666666664
1991.02.26,22:30:47.50,38.48,26.67,14.0,,1991-02-26 22:30:47.500,948.2683333333333
1991.02.26,06:42:31.40,36.63,25.6,1.0,,1991-02-26 06:42:31.400,367.5066666666667
1991.02.26,00:35:01.00,36.48,25.8,30.0,,1991-02-26 00:35:01.000,1421.3166666666666
1991.02.25,00:53:42.00,38.58,26.63,5.0,,1991-02-25 00:53:42.000,288.5
1991.02.24,20:05:12.00,37.1,28.18,1.0,,1991-02-24 20:05:12.000,1287.05
1991.02.23,22:38:09.00,39.29,23.63,7.0,,1991-02-23 22:38:09.000,285.12
1991.02.23,17:53:01.80,37.36,26.54,11.0,,1991-02-23 17:53:01.800,2084.246666666667
1991.02.22,07:08:47.00,37.7,29.18,2.0,,1991-02-22 07:08:47.000,1723.3333333333333
1991.02.21,02:25:27.00,37.9,26.7,1.0,,1991-02-21 02:25:27.000,337.3366666666667
1991.02.20,20:48:06.80,39.53,28.34,10.0,,1991-02-20 20:48:06.800,3156.913333333333
1991.02.18,16:11:12.00,37.88,26.9,2.0,,1991-02-18 16:11:12.000,2008.9
1991.02.17,06:42:18.00,36.84,26.51,1.0,,1991-02-17 06:42:18.000,506.7866666666667
1991.02.16,22:15:30.80,37.0,28.78,10.0,,1991-02-16 22:15:30.800,951.675
1991.02.16,06:23:50.30,36.46,28.47,10.0,,1991-02-16 06:23:50.300,993.855
1991.02.15,13:49:59.00,36.26,27.2,20.0,,1991-02-15 13:49:59.000,3779.5833333333335
1991.02.12,22:50:24.00,36.7,25.8,23.0,,1991-02-12 22:50:24.000,210.155
1991.02.12,19:20:14.70,36.42,28.13,1.0,,1991-02-12 19:20:14.700,5.005
1991.02.12,19:15:14.40,37.44,24.59,5.0,,1991-02-12 19:15:14.400,560.2583333333333
1991.02.12,09:54:58.90,40.8,28.82,10.0,,1991-02-12 09:54:58.900,3155.673333333333
1991.02.10,05:19:18.50,38.54,29.33,6.0,,1991-02-10 05:19:18.500,2932.375
1991.02.08,04:26:56.00,37.1,29.42,10.0,,1991-02-08 04:26:56.000,13423.666666666666
1991.01.29,20:43:16.00,37.53,26.82,6.0,,1991-01-29 20:43:16.000,1890.35
1991.01.28,13:12:55.00,39.81,25.68,0.0,,1991-01-28 13:12:55.000,545.4716666666667
1991.01.28,04:07:26.70,39.57,23.77,11.0,,1991-01-28 04:07:26.700,103.06166666666667
1991.01.28,02:24:23.00,36.0,27.2,10.0,,1991-01-28 02:24:23.000,181.06
1991.01.27,23:23:19.40,39.62,23.78,10.0,,1991-01-27 23:23:19.400,212.49833333333333
1991.01.27,19:50:49.50,39.61,23.81,23.0,,1991-01-27 19:50:49.500,873.6333333333333
1991.01.27,05:17:11.50,36.56,26.77,1.0,,1991-01-27 05:17:11.500,2631.741666666667
1991.01.25,09:25:27.00,36.3,27.1,18.0,,1991-01-25 09:25:27.000,21.583333333333332
1991.01.25,09:03:52.00,36.98,28.84,2.0,,1991-01-25 09:03:52.000,2788.8483333333334
1991.01.23,10:35:01.10,39.95,24.05,10.0,,1991-01-23 10:35:01.100,2671.9183333333335
1991.01.21,14:03:06.00,37.07,29.51,14.0,,1991-01-21 14:03:06.000,672.725
1991.01.21,02:50:22.50,36.63,26.23,10.0,,1991-01-21 02:50:22.500,242.525
1991.01.20,22:47:51.00,37.1,29.4,8.0,,1991-01-20 22:47:51.000,805.435
1991.01.20,09:22:24.90,36.32,26.4,144.0,,1991-01-20 09:22:24.900,949.7866666666666
1991.01.19,17:32:37.70,39.43,28.03,19.0,,1991-01-19 17:32:37.700,1124.2616666666665
1991.01.18,22:48:22.00,37.09,29.4,4.0,,1991-01-18 22:48:22.000,3133.2166666666667
1991.01.16,18:35:09.00,37.11,29.5,8.0,,1991-01-16 18:35:09.000,86.63833333333334
1991.01.16,17:08:30.70,37.1,29.49,14.0,,1991-01-16 17:08:30.700,1207.4116666666666
1991.01.15,21:01:06.00,37.12,29.48,1.0,,1991-01-15 21:01:06.000,415.49666666666667
1991.01.15,14:05:36.20,38.61,23.78,23.0,,1991-01-15 14:05:36.200,2540.73
1991.01.13,19:44:52.40,37.1,29.49,8.0,,1991-01-13 19:44:52.400,464.27333333333337
1991.01.13,12:00:36.00,37.17,30.0,10.0,,1991-01-13 12:00:36.000,408.7183333333333
1991.01.13,05:11:52.90,37.12,29.55,6.0,,1991-01-13 05:11:52.900,250.78166666666667
1991.01.13,01:01:06.00,36.8,29.6,65.0,,1991-01-13 01:01:06.000,557.485
1991.01.12,15:43:36.90,37.1,29.45,10.0,,1991-01-12 15:43:36.900,2176.1516666666666
1991.01.11,03:27:27.80,37.05,29.48,15.0,,1991-01-11 03:27:27.800,98.27
1991.01.11,01:49:11.60,37.05,29.46,8.0,,1991-01-11 01:49:11.600,173.935
1991.01.10,22:55:15.50,37.05,29.51,28.0,,1991-01-10 22:55:15.500,5380.016666666666
1991.01.07,05:15:14.50,40.69,28.56,8.0,,1991-01-07 05:15:14.500,830.6933333333333
1991.01.06,15:24:32.90,40.72,28.6,6.0,,1991-01-06 15:24:32.900,910.9233333333334
1991.01.06,00:13:37.50,36.23,27.7,24.0,,1991-01-06 00:13:37.500,869.765
1991.01.05,09:43:51.60,36.96,26.66,1.0,,1991-01-05 09:43:51.600,362.65999999999997
1991.01.05,03:41:12.00,37.24,26.84,23.0,,1991-01-05 03:41:12.000,1167.3833333333334
1991.01.04,08:13:49.00,39.92,30.17,8.0,,1991-01-04 08:13:49.000,1361.9866666666667
1991.01.03,09:31:49.80,36.91,28.21,10.0,,1991-01-03 09:31:49.800,6957.863333333333
1990.12.29,13:33:58.00,37.9,28.0,10.0,,1990-12-29 13:33:58.000,4283.783333333334
1990.12.26,14:10:11.00,36.8,29.9,28.0,,1990-12-26 14:10:11.000,10343.433333333332
1990.12.19,09:46:45.00,38.59,28.04,7.0,,1990-12-19 09:46:45.000,9169.078333333333
1990.12.13,00:57:40.30,36.14,27.8,72.0,,1990-12-13 00:57:40.300,74.08833333333334
1990.12.12,23:43:35.00,36.03,28.9,15.0,,1990-12-12 23:43:35.000,586.7
1990.12.12,13:56:53.00,39.1,27.6,10.0,,1990-12-12 13:56:53.000,4492.3
1990.12.09,11:04:35.00,39.63,27.58,1.0,,1990-12-09 11:04:35.000,1851.6850000000002
1990.12.08,04:12:53.90,36.76,28.02,10.0,,1990-12-08 04:12:53.900,8154.665
1990.12.02,12:18:14.00,37.1,29.5,0.0,,1990-12-02 12:18:14.000,367.05
1990.12.02,06:11:11.00,36.8,29.2,10.0,,1990-12-02 06:11:11.000,332.4266666666666
1990.12.02,00:38:45.40,38.19,27.05,1.0,,1990-12-02 00:38:45.400,1779.6283333333333
1990.11.30,18:59:07.70,38.77,26.49,17.0,,1990-11-30 18:59:07.700,4470.026666666667
1990.11.27,16:29:06.10,40.68,23.82,13.0,,1990-11-27 16:29:06.100,1131.5133333333333
1990.11.26,21:37:35.30,39.37,23.88,23.0,,1990-11-26 21:37:35.300,4219.2283333333335
1990.11.23,23:18:21.60,36.34,26.83,131.0,,1990-11-23 23:18:21.600,101.13666666666667
1990.11.23,21:37:13.40,37.25,26.53,10.0,,1990-11-23 21:37:13.400,171.01333333333332
1990.11.23,18:46:12.60,36.81,29.51,45.0,,1990-11-23 18:46:12.600,2548.9983333333334
1990.11.22,00:17:12.70,37.21,29.1,1.0,,1990-11-22 00:17:12.700,0.3983333333333333
1990.11.22,00:16:48.80,36.18,27.4,10.0,,1990-11-22 00:16:48.800,41.96666666666667
1990.11.21,23:34:50.80,37.61,26.93,19.0,,1990-11-21 23:34:50.800,34.733333333333334
1990.11.21,23:00:06.80,37.65,26.92,10.0,,1990-11-21 23:00:06.800,2.32
1990.11.21,22:57:47.60,37.52,26.93,10.0,,1990-11-21 22:57:47.600,534.9933333333333
1990.11.21,14:02:48.00,37.0,29.58,20.0,,1990-11-21 14:02:48.000,978.7416666666667
1990.11.20,21:44:03.50,36.52,28.79,0.0,,1990-11-20 21:44:03.500,1785.72
1990.11.19,15:58:20.30,36.98,29.47,16.0,,1990-11-19 15:58:20.300,381.98333333333335
1990.11.19,09:36:21.30,36.81,29.01,0.0,,1990-11-19 09:36:21.300,423.07
1990.11.19,02:33:17.10,37.03,28.11,5.0,,1990-11-19 02:33:17.100,1073.2666666666667
1990.11.18,08:40:01.10,39.55,28.84,9.0,,1990-11-18 08:40:01.100,206.93833333333333
1990.11.18,05:13:04.80,37.02,28.16,10.0,,1990-11-18 05:13:04.800,3313.9483333333333
1990.11.15,21:59:07.90,37.81,30.2,2.0,,1990-11-15 21:59:07.900,3349.1366666666668
1990.11.13,14:09:59.70,36.19,27.99,10.0,,1990-11-13 14:09:59.700,5738.1483333333335
1990.11.09,14:31:50.80,39.24,27.78,14.0,,1990-11-09 14:31:50.800,1121.4666666666667
1990.11.08,19:50:22.80,39.46,26.15,1.0,,1990-11-08 19:50:22.800,743.3199999999999
1990.11.08,07:27:03.60,37.66,26.78,10.0,,1990-11-08 07:27:03.600,10863.783333333333
1990.10.31,18:23:16.60,38.71,26.42,12.0,,1990-10-31 18:23:16.600,847.3449999999999
1990.10.31,04:15:55.90,36.3,29.47,71.0,,1990-10-31 04:15:55.900,815.8966666666668
1990.10.30,14:40:02.10,39.53,26.23,1.0,,1990-10-30 14:40:02.100,410.3666666666667
1990.10.30,07:49:40.10,37.04,29.5,22.0,,1990-10-30 07:49:40.100,2317.226666666667
1990.10.28,17:12:26.50,37.1,29.83,10.0,,1990-10-28 17:12:26.500,4233.525
1990.10.25,18:38:55.00,37.0,29.5,10.0,,1990-10-25 18:38:55.000,21.766666666666666
1990.10.25,18:17:09.00,37.0,29.5,10.0,,1990-10-25 18:17:09.000,224.42333333333332
1990.10.25,14:32:43.60,38.58,25.66,10.0,,1990-10-25 14:32:43.600,1635.9883333333335
1990.10.24,11:16:44.30,39.84,30.23,18.0,,1990-10-24 11:16:44.300,5774.238333333333
1990.10.20,11:02:30.00,36.8,27.5,10.0,,1990-10-20 11:02:30.000,1850.4833333333333
1990.10.19,04:12:01.00,38.53,26.9,5.0,,1990-10-19 04:12:01.000,6141.05
1990.10.14,21:50:58.00,36.16,27.22,5.0,,1990-10-14 21:50:58.000,105.55
1990.10.14,20:05:25.00,36.1,27.2,10.0,,1990-10-14 20:05:25.000,128.64166666666668
1990.10.14,17:56:46.50,37.03,29.6,6.0,,1990-10-14 17:56:46.500,1670.2
1990.10.13,14:06:34.50,40.68,23.4,2.0,,1990-10-13 14:06:34.500,3.243333333333333
1990.10.13,14:03:19.90,40.69,23.4,5.0,,1990-10-13 14:03:19.900,4.756666666666666
1990.10.13,13:58:34.50,40.67,23.42,5.0,,1990-10-13 13:58:34.500,64.05333333333333
1990.10.13,12:54:31.30,40.01,23.72,10.0,,1990-10-13 12:54:31.300,522.3983333333333
1990.10.13,04:12:07.40,40.7,23.41,4.0,,1990-10-13 04:12:07.400,1310.6733333333332
1990.10.12,06:21:27.00,36.65,25.7,25.0,,1990-10-12 06:21:27.000,45.18
1990.10.12,05:36:16.20,38.17,23.14,16.0,,1990-10-12 05:36:16.200,4580.636666666667
1990.10.09,01:15:38.00,40.22,25.16,0.0,,1990-10-09 01:15:38.000,148.16666666666666
1990.10.08,22:47:28.00,39.01,23.63,4.0,,1990-10-08 22:47:28.000,1206.6399999999999
1990.10.08,02:40:49.60,36.98,29.39,10.0,,1990-10-08 02:40:49.600,315.2433333333333
1990.10.07,21:25:35.00,39.61,27.77,8.0,,1990-10-07 21:25:35.000,1226.75
1990.10.07,00:58:50.00,37.2,29.7,10.0,,1990-10-07 00:58:50.000,45.958333333333336
1990.10.07,00:12:52.50,37.52,29.58,23.0,,1990-10-07 00:12:52.500,3372.1266666666666
1990.10.04,16:00:44.90,37.03,29.47,40.0,,1990-10-04 16:00:44.900,1218.9483333333333
1990.10.03,19:41:48.00,40.34,25.76,3.0,,1990-10-03 19:41:48.000,17.2
1990.10.03,19:24:36.00,37.08,29.42,10.0,,1990-10-03 19:24:36.000,5935.741666666667
1990.09.29,16:28:51.50,36.45,28.22,77.0,,1990-09-29 16:28:51.500,1523.1433333333334
1990.09.28,15:05:42.90,36.12,27.13,10.0,,1990-09-28 15:05:42.900,618.9733333333334
1990.09.28,04:46:44.50,40.27,25.61,10.0,,1990-09-28 04:46:44.500,456.615
1990.09.27,21:10:07.60,38.0,23.53,171.0,,1990-09-27 21:10:07.600,572.8933333333333
1990.09.27,11:37:14.00,37.0,29.6,0.0,,1990-09-27 11:37:14.000,232.035
1990.09.27,07:45:11.90,37.87,27.47,1.0,,1990-09-27 07:45:11.900,78.78500000000001
1990.09.27,06:26:24.80,38.0,27.2,1.0,,1990-09-27 06:26:24.800,9971.093333333332
1990.09.20,08:15:19.20,36.12,27.25,10.0,,1990-09-20 08:15:19.200,493.27000000000004
1990.09.20,00:02:03.00,37.1,30.2,1.0,,1990-09-20 00:02:03.000,106.56666666666666
1990.09.19,22:15:29.00,36.8,29.4,30.0,,1990-09-19 22:15:29.000,2812.0
1990.09.17,23:23:29.00,36.6,29.2,3.0,,1990-09-17 23:23:29.000,1744.6
1990.09.16,18:18:53.00,37.0,29.4,6.0,,1990-09-16 18:18:53.000,4093.663333333333
1990.09.13,22:05:13.20,39.54,28.53,10.0,,1990-09-13 22:05:13.200,3935.2383333333332
1990.09.11,04:29:58.90,36.34,27.12,10.0,,1990-09-11 04:29:58.900,2009.3383333333334
1990.09.09,19:00:38.60,39.91,24.03,8.0,,1990-09-09 19:00:38.600,265.05
1990.09.09,14:35:35.60,36.46,27.19,10.0,,1990-09-09 14:35:35.600,97.60166666666667
1990.09.09,12:57:59.50,38.72,26.54,8.0,,1990-09-09 12:57:59.500,858.5466666666667
1990.09.08,22:39:26.70,37.01,29.4,2.0,,1990-09-08 22:39:26.700,97.74499999999999
1990.09.08,21:01:42.00,37.14,29.52,0.0,,1990-09-08 21:01:42.000,178.83666666666667
1990.09.08,18:02:51.80,36.44,26.88,146.0,,1990-09-08 18:02:51.800,767.7883333333334
1990.09.08,05:15:04.50,39.21,27.8,8.0,,1990-09-08 05:15:04.500,951.575
1990.09.07,13:23:30.00,36.36,27.11,24.0,,1990-09-07 13:23:30.000,15.783333333333333
1990.09.07,13:07:43.00,36.32,27.2,7.0,,1990-09-07 13:07:43.000,2160.0333333333333
1990.09.06,01:07:41.00,36.9,29.4,10.0,,1990-09-06 01:07:41.000,394.24
1990.09.05,18:33:26.60,37.13,29.79,1.0,,1990-09-05 18:33:26.600,3137.1833333333334
1990.09.03,14:16:15.60,39.55,28.49,7.0,,1990-09-03 14:16:15.600,379.96
1990.09.03,07:56:18.00,37.08,29.61,19.0,,1990-09-03 07:56:18.000,140.485
1990.09.03,05:35:48.90,39.93,24.01,5.0,,1990-09-03 05:35:48.900,102.88333333333334
1990.09.03,03:52:55.90,36.57,25.6,10.0,,1990-09-03 03:52:55.900,228.17666666666668
1990.09.03,00:04:45.30,37.04,29.53,20.0,,1990-09-03 00:04:45.300,1202.5883333333334
1990.09.02,04:02:10.00,37.08,29.4,0.0,,1990-09-02 04:02:10.000,637.4833333333333
1990.09.01,17:24:41.00,37.02,27.98,7.0,,1990-09-01 17:24:41.000,889.4
1990.09.01,02:35:17.00,36.52,25.82,2.0,,1990-09-01 02:35:17.000,470.8333333333333
1990.08.31,18:44:27.00,37.05,28.18,3.0,,1990-08-31 18:44:27.000,1677.3383333333334
1990.08.30,14:47:06.70,36.22,27.14,10.0,,1990-08-30 14:47:06.700,426.87833333333333
1990.08.30,07:40:14.00,36.9,29.3,10.0,,1990-08-30 07:40:14.000,1425.8149999999998
1990.08.29,07:54:25.10,36.33,27.27,1.0,,1990-08-29 07:54:25.100,435.8066666666667
1990.08.29,00:38:36.70,36.26,27.25,21.0,,1990-08-29 00:38:36.700,151.37333333333333
1990.08.28,22:07:14.30,36.42,27.15,10.0,,1990-08-28 22:07:14.300,20.195
1990.08.28,21:47:02.60,36.32,27.27,1.0,,1990-08-28 21:47:02.600,85.67333333333333
1990.08.28,20:21:22.20,36.27,27.22,41.0,,1990-08-28 20:21:22.200,240.33666666666667
1990.08.28,16:21:02.00,36.26,27.19,1.0,,1990-08-28 16:21:02.000,73.97666666666667
1990.08.28,15:07:03.40,36.34,27.09,1.0,,1990-08-28 15:07:03.400,10.308333333333334
1990.08.28,14:56:44.90,39.12,25.79,11.0,,1990-08-28 14:56:44.900,197.45833333333334
1990.08.28,11:39:17.40,36.2,27.29,25.0,,1990-08-28 11:39:17.400,6849.455
1990.08.23,17:29:50.10,36.31,28.12,1.0,,1990-08-23 17:29:50.100,2549.6516666666666
1990.08.21,23:00:11.00,36.5,28.53,23.0,,1990-08-21 23:00:11.000,1303.9483333333333
1990.08.21,01:16:14.10,36.41,28.0,70.0,,1990-08-21 01:16:14.100,140.31166666666667
1990.08.20,22:55:55.40,37.0,29.59,36.0,,1990-08-20 22:55:55.400,2272.9483333333333
1990.08.19,09:02:58.50,36.27,27.35,1.0,,1990-08-19 09:02:58.500,334.6316666666667
1990.08.19,03:28:20.60,36.34,29.41,10.0,,1990-08-19 03:28:20.600,344.1433333333333
1990.08.18,21:44:12.00,36.17,27.2,25.0,,1990-08-18 21:44:12.000,167.255
1990.08.18,18:56:56.70,36.19,27.16,23.0,,1990-08-18 18:56:56.700,1147.4183333333335
1990.08.17,23:49:31.60,37.06,29.6,10.0,,1990-08-17 23:49:31.600,1075.2033333333334
1990.08.17,05:54:19.40,36.17,27.17,26.0,,1990-08-17 05:54:19.400,7.223333333333333
1990.08.17,05:47:06.00,36.18,27.2,10.0,,1990-08-17 05:47:06.000,208.48833333333332
1990.08.17,02:18:36.70,38.66,27.31,1.0,,1990-08-17 02:18:36.700,602.9683333333334
1990.08.16,16:15:38.60,37.03,29.58,23.0,,1990-08-16 16:15:38.600,7743.96
1990.08.11,07:11:41.00,37.0,29.5,10.0,,1990-08-11 07:11:41.000,610.3
1990.08.10,21:01:23.00,37.03,29.5,13.0,,1990-08-10 21:01:23.000,582.1716666666667
1990.08.10,11:19:12.70,36.6,23.7,137.0,,1990-08-10 11:19:12.700,3367.711666666667
1990.08.08,03:11:30.00,36.1,27.2,23.0,,1990-08-08 03:11:30.000,732.0833333333334
1990.08.07,14:59:25.00,36.8,29.5,23.0,,1990-08-07 14:59:25.000,110.08333333333333
1990.08.07,13:09:20.00,37.03,29.56,13.0,,1990-08-07 13:09:20.000,398.51166666666666
1990.08.07,06:30:49.30,37.02,29.37,10.0,,1990-08-07 06:30:49.300,76.27
1990.08.07,05:14:33.10,36.32,27.1,10.0,,1990-08-07 05:14:33.100,3279.851666666667
1990.08.04,22:34:42.00,37.0,29.4,10.0,,1990-08-04 22:34:42.000,966.4183333333333
1990.08.04,06:28:16.90,39.19,27.19,13.0,,1990-08-04 06:28:16.900,368.865
1990.08.04,00:19:25.00,37.0,29.5,23.0,,1990-08-04 00:19:25.000,1044.62
1990.08.03,06:54:47.80,36.95,29.48,0.0,,1990-08-03 06:54:47.800,263.5466666666667
1990.08.03,02:31:15.00,36.2,27.21,21.0,,1990-08-03 02:31:15.000,229.81333333333333
1990.08.02,22:41:26.20,36.22,27.23,10.0,,1990-08-02 22:41:26.200,198.17000000000002
1990.08.02,19:23:16.00,36.9,29.3,10.0,,1990-08-02 19:23:16.000,10.616666666666667
1990.08.02,19:12:39.00,37.0,29.53,13.0,,1990-08-02 19:12:39.000,268.1166666666667
1990.08.02,14:44:32.00,36.22,27.3,10.0,,1990-08-02 14:44:32.000,195.86666666666667
1990.08.02,11:28:40.00,36.35,27.09,7.0,,1990-08-02 11:28:40.000,701.2666666666667
1990.08.01,23:47:24.00,36.21,27.15,23.0,,1990-08-01 23:47:24.000,990.25
1990.08.01,07:17:09.00,37.08,29.5,5.0,,1990-08-01 07:17:09.000,666.1683333333333
1990.07.31,20:10:58.90,37.04,27.89,1.0,,1990-07-31 20:10:58.900,3395.3166666666666
1990.07.29,11:35:39.90,37.0,29.52,25.0,,1990-07-29 11:35:39.900,672.7800000000001
1990.07.29,00:22:53.10,38.67,26.57,10.0,,1990-07-29 00:22:53.100,1221.5016666666668
1990.07.28,04:01:23.00,37.1,29.6,0.0,,1990-07-28 04:01:23.000,114.18333333333334
1990.07.28,02:07:12.00,37.12,29.61,8.0,,1990-07-28 02:07:12.000,257.10833333333335
1990.07.27,21:50:05.50,36.79,29.34,30.0,,1990-07-27 21:50:05.500,169.245
1990.07.27,19:00:50.80,38.68,23.82,8.0,,1990-07-27 19:00:50.800,64.90333333333334
1990.07.27,17:55:56.60,38.63,23.74,19.0,,1990-07-27 17:55:56.600,546.56
1990.07.27,08:49:23.00,37.0,29.7,10.0,,1990-07-27 08:49:23.000,1656.65
1990.07.26,05:12:44.00,36.8,29.6,44.0,,1990-07-26 05:12:44.000,130.34333333333333
1990.07.26,03:02:23.40,38.18,27.08,10.0,,1990-07-26 03:02:23.400,1144.24
1990.07.25,07:58:09.00,37.0,29.5,10.0,,1990-07-25 07:58:09.000,3.683333333333333
1990.07.25,07:54:28.00,37.0,29.6,10.0,,1990-07-25 07:54:28.000,2375.4
1990.07.23,16:19:04.00,36.8,29.5,40.0,,1990-07-23 16:19:04.000,90.28666666666666
1990.07.23,14:48:46.80,37.05,29.46,10.0,,1990-07-23 14:48:46.800,439.31333333333333
1990.07.23,07:29:28.00,36.9,29.4,10.0,,1990-07-23 07:29:28.000,152.15
1990.07.23,04:57:19.00,36.6,29.5,54.0,,1990-07-23 04:57:19.000,121.6
1990.07.23,02:55:43.00,38.76,23.36,0.0,,1990-07-23 02:55:43.000,211.06666666666666
1990.07.22,23:24:39.00,36.9,29.4,12.0,,1990-07-22 23:24:39.000,3.433333333333333
1990.07.22,23:21:13.00,37.0,29.4,8.0,,1990-07-22 23:21:13.000,28.578333333333333
1990.07.22,22:52:38.30,36.75,30.21,10.0,,1990-07-22 22:52:38.300,1835.0716666666667
1990.07.21,16:17:34.00,37.0,29.5,10.0,,1990-07-21 16:17:34.000,490.8183333333333
1990.07.21,08:06:44.90,36.32,27.17,1.0,,1990-07-21 08:06:44.900,466.665
1990.07.21,00:20:05.00,37.04,29.5,5.0,,1990-07-21 00:20:05.000,84.73333333333333
1990.07.20,22:55:21.00,36.9,29.4,10.0,,1990-07-20 22:55:21.000,234.85833333333332
1990.07.20,19:00:29.50,36.93,29.51,28.0,,1990-07-20 19:00:29.500,1.0083333333333333
1990.07.20,18:59:29.00,37.0,29.5,10.0,,1990-07-20 18:59:29.000,661.1666666666666
1990.07.20,07:58:19.00,36.9,29.4,10.0,,1990-07-20 07:58:19.000,78.365
1990.07.20,06:39:57.10,36.27,27.18,10.0,,1990-07-20 06:39:57.100,63.61833333333333
1990.07.20,05:36:20.00,36.9,29.5,29.0,,1990-07-20 05:36:20.000,13.083333333333334
1990.07.20,05:23:15.00,37.0,29.41,2.0,,1990-07-20 05:23:15.000,60.733333333333334
1990.07.20,04:22:31.00,37.54,26.96,10.0,,1990-07-20 04:22:31.000,298.78333333333336
1990.07.19,23:23:44.00,37.0,29.4,2.0,,1990-07-19 23:23:44.000,212.48333333333332
1990.07.19,19:51:15.00,36.9,29.4,25.0,,1990-07-19 19:51:15.000,792.1833333333333
1990.07.19,06:39:04.00,37.0,29.5,10.0,,1990-07-19 06:39:04.000,193.4
1990.07.19,03:25:40.00,36.9,29.4,12.0,,1990-07-19 03:25:40.000,164.73333333333332
1990.07.19,00:40:56.00,37.0,29.5,9.0,,1990-07-19 00:40:56.000,194.53333333333333
1990.07.18,21:26:24.00,37.0,29.4,10.0,,1990-07-18 21:26:24.000,183.85
1990.07.18,18:22:33.00,37.0,29.5,10.0,,1990-07-18 18:22:33.000,20.061666666666667
1990.07.18,18:02:29.30,37.01,29.57,10.0,,1990-07-18 18:02:29.300,186.01166666666668
1990.07.18,14:56:28.60,37.06,29.54,20.0,,1990-07-18 14:56:28.600,56.593333333333334
1990.07.18,13:59:53.00,36.9,29.5,10.0,,1990-07-18 13:59:53.000,121.26666666666667
1990.07.18,11:58:37.00,37.04,29.54,11.0,,1990-07-18 11:58:37.000,19.983333333333334
1990.07.18,11:38:38.00,37.03,29.59,11.0,,1990-07-18 11:38:38.000,9.196666666666665
1990.07.18,11:29:26.20,37.0,29.57,26.0,,1990-07-18 11:29:26.200,556.0533333333333
1990.07.18,02:13:23.00,36.1,27.1,59.0,,1990-07-18 02:13:23.000,894.245
1990.07.17,11:19:08.30,36.17,27.14,11.0,,1990-07-17 11:19:08.300,681.855
1990.07.16,23:57:17.00,36.56,25.45,3.0,,1990-07-16 23:57:17.000,1566.7
1990.07.15,21:50:35.00,36.4,25.53,9.0,,1990-07-15 21:50:35.000,3608.7
1990.07.13,09:41:53.00,40.37,28.89,8.0,,1990-07-13 09:41:53.000,2075.4016666666666
1990.07.11,23:06:28.90,40.11,29.21,2.0,,1990-07-11 23:06:28.900,5318.736666666667
1990.07.08,06:27:44.70,37.89,29.21,10.0,,1990-07-08 06:27:44.700,3045.2516666666666
1990.07.06,03:42:29.60,37.97,29.12,5.0,,1990-07-06 03:42:29.600,66.60333333333332
1990.07.06,02:35:53.40,39.54,23.68,4.0,,1990-07-06 02:35:53.400,532.8166666666667
1990.07.05,17:43:04.40,37.87,29.18,5.0,,1990-07-05 17:43:04.400,1015.4633333333334
1990.07.05,00:47:36.60,37.87,29.18,6.0,,1990-07-05 00:47:36.600,192.21
1990.07.04,21:35:24.00,39.54,23.59,5.0,,1990-07-04 21:35:24.000,395.90333333333336
1990.07.04,14:59:29.80,37.99,29.6,10.0,,1990-07-04 14:59:29.800,56.32
1990.07.04,14:03:10.60,37.77,29.17,5.0,,1990-07-04 14:03:10.600,1844.5600000000002
1990.07.03,07:18:37.00,37.8,29.2,25.0,,1990-07-03 07:18:37.000,84.095
1990.07.03,05:54:31.30,40.63,27.28,2.0,,1990-07-03 05:54:31.300,368.67333333333335
1990.07.02,23:45:50.90,37.81,29.24,3.0,,1990-07-02 23:45:50.900,750.795
1990.07.02,11:15:03.20,38.02,29.24,10.0,,1990-07-02 11:15:03.200,345.35333333333335
1990.07.02,05:29:42.00,37.0,28.68,10.0,,1990-07-02 05:29:42.000,7866.083333333333
1990.06.26,18:23:37.00,36.2,29.16,13.0,,1990-06-26 18:23:37.000,815.3966666666668
1990.06.26,04:48:13.20,37.33,29.23,19.0,,1990-06-26 04:48:13.200,1694.1833333333334
1990.06.25,00:34:02.20,37.7,29.2,10.0,,1990-06-25 00:34:02.200,1186.1533333333332
1990.06.24,04:47:53.00,38.16,23.49,19.0,,1990-06-24 04:47:53.000,1310.0683333333334
1990.06.23,06:57:48.90,40.83,27.92,6.0,,1990-06-23 06:57:48.900,6731.975
1990.06.18,14:45:50.40,40.27,25.83,4.0,,1990-06-18 14:45:50.400,1500.895
1990.06.17,13:44:56.70,39.2,23.62,17.0,,1990-06-17 13:44:56.700,577.1800000000001
1990.06.17,04:07:45.90,36.1,27.15,1.0,,1990-06-17 04:07:45.900,358.50166666666667
1990.06.16,22:09:15.80,37.23,23.13,2.0,,1990-06-16 22:09:15.800,640.9966666666667
1990.06.16,11:28:16.00,36.0,29.2,0.0,,1990-06-16 11:28:16.000,3713.641666666667
1990.06.13,21:34:37.50,36.53,26.98,10.0,,1990-06-13 21:34:37.500,116.19
1990.06.13,19:38:26.10,37.37,30.14,10.0,,1990-06-13 19:38:26.100,136.18
1990.06.13,17:22:15.30,37.03,28.0,2.0,,1990-06-13 17:22:15.300,5435.878333333333
1990.06.09,22:46:22.60,39.21,23.66,12.0,,1990-06-09 22:46:22.600,534.51
1990.06.09,13:51:52.00,39.22,23.66,1.0,,1990-06-09 13:51:52.000,81.41499999999999
1990.06.09,12:30:27.10,39.21,23.66,24.0,,1990-06-09 12:30:27.100,1207.425
1990.06.08,16:23:01.60,39.91,28.98,10.0,,1990-06-08 16:23:01.600,875.0933333333334
1990.06.08,01:47:56.00,40.54,30.14,3.0,,1990-06-08 01:47:56.000,94.60833333333333
1990.06.08,00:13:19.50,36.21,27.17,1.0,,1990-06-08 00:13:19.500,854.1916666666667
1990.06.07,09:59:08.00,36.89,28.62,14.0,,1990-06-07 09:59:08.000,2686.7833333333333
1990.06.05,13:12:21.00,36.61,30.36,9.0,,1990-06-05 13:12:21.000,7767.128333333333
1990.05.31,03:45:13.30,39.26,27.74,10.0,,1990-05-31 03:45:13.300,1414.46
1990.05.30,04:10:45.70,37.13,26.65,10.0,,1990-05-30 04:10:45.700,445.25166666666667
1990.05.29,20:45:30.60,37.04,26.61,1.0,,1990-05-29 20:45:30.600,3166.3433333333332
1990.05.27,15:59:10.00,36.5,29.5,5.0,,1990-05-27 15:59:10.000,1344.3616666666667
1990.05.26,17:34:48.30,36.85,28.66,12.0,,1990-05-26 17:34:48.300,975.0333333333333
1990.05.26,01:19:46.30,36.9,28.58,10.0,,1990-05-26 01:19:46.300,176.93833333333333
1990.05.25,22:22:50.00,36.89,28.64,10.0,,1990-05-25 22:22:50.000,715.8333333333334
1990.05.25,10:27:00.00,37.1,29.4,10.0,,1990-05-25 10:27:00.000,1025.6633333333334
1990.05.24,17:21:20.20,38.82,25.66,33.0,,1990-05-24 17:21:20.200,468.34166666666664
1990.05.24,09:32:59.70,40.03,23.29,45.0,,1990-05-24 09:32:59.700,223.88833333333332
1990.05.24,05:49:06.40,39.98,27.48,28.0,,1990-05-24 05:49:06.400,3420.2616666666668
1990.05.21,20:48:50.70,40.41,29.2,19.0,,1990-05-21 20:48:50.700,8853.178333333333
1990.05.15,17:15:40.00,36.1,27.18,11.0,,1990-05-15 17:15:40.000,3587.56
1990.05.13,05:28:06.40,38.94,27.23,4.0,,1990-05-13 05:28:06.400,448.94666666666666
1990.05.12,21:59:09.60,36.3,27.12,10.0,,1990-05-12 21:59:09.600,1679.71
1990.05.11,17:59:27.00,36.0,29.0,47.0,,1990-05-11 17:59:27.000,185.95499999999998
1990.05.11,14:53:29.70,36.39,27.29,10.0,,1990-05-11 14:53:29.700,960.0883333333334
1990.05.10,22:53:24.40,36.18,27.13,4.0,,1990-05-10 22:53:24.400,115.53
1990.05.10,20:57:52.60,36.39,27.28,10.0,,1990-05-10 20:57:52.600,393.27666666666664
1990.05.10,14:24:36.00,36.3,27.3,10.0,,1990-05-10 14:24:36.000,6.633333333333334
1990.05.10,14:17:58.00,36.3,27.24,10.0,,1990-05-10 14:17:58.000,836.6
1990.05.10,00:21:22.00,36.16,27.2,10.0,,1990-05-10 00:21:22.000,74.77333333333333
1990.05.09,23:06:35.60,36.22,27.14,1.0,,1990-05-09 23:06:35.600,86.21166666666666
1990.05.09,21:40:22.90,36.15,27.1,19.0,,1990-05-09 21:40:22.900,45.45666666666667
1990.05.09,20:54:55.50,36.2,27.13,3.0,,1990-05-09 20:54:55.500,874.575
1990.05.09,06:20:21.00,36.26,27.18,3.0,,1990-05-09 06:20:21.000,310.59666666666664
1990.05.09,01:09:45.20,36.24,27.19,33.0,,1990-05-09 01:09:45.200,83.96000000000001
1990.05.08,23:45:47.60,36.28,27.14,1.0,,1990-05-08 23:45:47.600,17.898333333333333
1990.05.08,23:27:53.70,36.16,27.17,10.0,,1990-05-08 23:27:53.700,243.54
1990.05.08,19:24:21.30,36.15,27.19,33.0,,1990-05-08 19:24:21.300,336.18833333333333
1990.05.08,13:48:10.00,36.25,27.14,26.0,,1990-05-08 13:48:10.000,92.03333333333333
1990.05.08,12:16:08.00,36.02,27.25,20.0,,1990-05-08 12:16:08.000,36.125
1990.05.08,11:40:00.50,36.22,27.15,10.0,,1990-05-08 11:40:00.500,1503.9633333333334
1990.05.07,10:36:02.70,40.58,30.2,5.0,,1990-05-07 10:36:02.700,607.0183333333333
1990.05.07,00:29:01.60,36.3,27.18,10.0,,1990-05-07 00:29:01.600,17.0
1990.05.07,00:12:01.60,36.27,27.14,10.0,,1990-05-07 00:12:01.600,249.29166666666666
1990.05.06,20:02:44.10,36.09,27.19,21.0,,1990-05-06 20:02:44.100,2760.94
1990.05.04,22:01:47.70,40.32,25.76,1.0,,1990-05-04 22:01:47.700,742.6216666666667
1990.05.04,09:39:10.40,39.32,23.2,10.0,,1990-05-04 09:39:10.400,2235.1566666666668
1990.05.02,20:24:01.00,36.7,30.0,24.0,,1990-05-02 20:24:01.000,2591.4333333333334
1990.05.01,01:12:35.00,36.3,27.14,5.0,,1990-05-01 01:12:35.000,1217.4
1990.04.30,04:55:11.00,40.36,27.4,11.0,,1990-04-30 04:55:11.000,557.9333333333333
1990.04.29,19:37:15.00,36.2,27.02,1.0,,1990-04-29 19:37:15.000,38.65
1990.04.29,18:58:36.00,36.11,27.17,10.0,,1990-04-29 18:58:36.000,73.355
1990.04.29,17:45:14.70,36.14,27.09,10.0,,1990-04-29 17:45:14.700,3401.4166666666665
1990.04.27,09:03:49.70,39.32,23.34,7.0,,1990-04-27 09:03:49.700,1995.5566666666666
1990.04.25,23:48:16.30,36.0,27.15,99.0,,1990-04-25 23:48:16.300,10.555
1990.04.25,23:37:43.00,37.69,30.1,6.0,,1990-04-25 23:37:43.000,56.25
1990.04.25,22:41:28.00,36.1,27.12,1.0,,1990-04-25 22:41:28.000,23.9
1990.04.25,22:17:34.00,37.11,27.75,5.0,,1990-04-25 22:17:34.000,645.5949999999999
1990.04.25,11:31:58.30,40.84,23.96,5.0,,1990-04-25 11:31:58.300,1049.265
1990.04.24,18:02:42.40,36.15,27.24,1.0,,1990-04-24 18:02:42.400,2382.9566666666665
1990.04.23,02:19:45.00,40.53,26.15,3.0,,1990-04-23 02:19:45.000,584.0216666666668
1990.04.22,16:35:43.70,36.53,26.88,149.0,,1990-04-22 16:35:43.700,1037.2116666666666
1990.04.21,23:18:31.00,37.0,28.1,10.0,,1990-04-21 23:18:31.000,375.31
1990.04.21,17:03:12.40,36.46,26.7,146.0,,1990-04-21 17:03:12.400,110.69833333333332
1990.04.21,15:12:30.50,40.24,28.9,7.0,,1990-04-21 15:12:30.500,
